run: /home/sborowsk/project/sts_combat_rl/runs/schema=combat_v3/date=2026-09-27/id=elite-v3-teacher
log: /home/sborowsk/project/sts_combat_rl/runs/schema=combat_v3/date=2026-09-27/id=elite-v3-teacher/logs/stdout.log (stderr: /home/sborowsk/project/sts_combat_rl/runs/schema=combat_v3/date=2026-09-27/id=elite-v3-teacher/logs/stderr.log)
23:43:41 5100 source fights x 1 samples, hp_sd 10.0, random_potions True, teacher {'leaf': 'guided_rollout', 'simulations': 20000, 'oracle': False, 'random_move': False, 'particles': 8}, weights None, 11 workers -> /home/sborowsk/project/sts_combat_rl/runs/schema=combat_v3/date=2026-09-27/id=elite-v3-teacher/out
23:43:41 episode 47504780838704 skipped: replay diverged from the stored fight: 2, 2, 0, 0, 1, 1], [3, 1, 2, 2, 2, 2, 1, 2, 2], [6, 2, 0, 0, 0, 0, 1, 1, 1, 1, 0], [1, 0, 1, 1, 0, 0, 0, 1, 2]], "random_potions": true, "samples": [{"episode_id": 47504780838704000, "starting_hp": 68}], "teacher": {"leaf": ": fight_resample_worker: replayed fight didn't end after its stored actions
23:43:41 [1/5100] episode 47504780838606: hp 15->lost | total wins 0/1
23:43:42 [2/5100] episode 47504780835602: hp 33->30 | total wins 1/2
23:43:42 [3/5100] episode 47504780837902: hp 58->58 | total wins 2/3
23:43:42 [4/5100] episode 47504780837702: hp 75->43 | total wins 3/4
23:43:43 [5/5100] episode 47504780838905: hp 38->6 | total wins 4/5
23:43:43 [6/5100] episode 47504780836803: hp 61->51 | total wins 5/6
23:43:45 [7/5100] episode 47504780839802: hp 41->5 | total wins 6/7
23:43:45 [8/5100] episode 47504780837403: hp 75->46 | total wins 7/8
23:43:46 [9/5100] episode 47504780836801: hp 37->13 | total wins 8/9
23:43:46 [10/5100] episode 47504780839903: hp 42->10 | total wins 9/10
23:43:48 [11/5100] episode 47504780836905: hp 56->31 | total wins 10/11
23:43:49 [12/5100] episode 47504780839704: hp 67->36 | total wins 11/12
23:43:49 [13/5100] episode 47504780837604: hp 39->25 | total wins 12/13
23:43:50 [14/5100] episode 47504780840703: hp 54->22 | total wins 13/14
23:43:50 [15/5100] episode 47504780839902: hp 75->36 | total wins 14/15
23:43:50 [16/5100] episode 47504780839707: hp 39->22 | total wins 15/16
23:43:51 [17/5100] episode 47504780839804: hp 36->15 | total wins 16/17
23:43:51 [18/5100] episode 47504780841702: hp 57->25 | total wins 17/18
23:43:51 [19/5100] episode 47504780840804: hp 18->lost | total wins 17/19
23:43:51 [20/5100] episode 47504780840705: hp 74->74 | total wins 18/20
23:43:52 [21/5100] episode 47504780838802: hp 48->12 | total wins 19/21
23:43:52 [22/5100] episode 47504780841902: hp 47->lost | total wins 19/22
23:43:52 [23/5100] episode 47504780841604: hp 42->2 | total wins 20/23
23:43:52 [24/5100] episode 47504780843403: hp 64->64 | total wins 21/24
23:43:53 [25/5100] episode 47504780835403: hp 75->20 | total wins 22/25
23:43:53 [26/5100] episode 47504780843803: hp 37->21 | total wins 23/26
23:43:54 [27/5100] episode 47504780843606: hp 50->23 | total wins 24/27
23:43:55 [28/5100] episode 47504780842704: hp 68->35 | total wins 25/28
23:43:55 [29/5100] episode 47504780843806: hp 77->42 | total wins 26/29
23:43:56 [30/5100] episode 47504780842405: hp 47->16 | total wins 27/30
23:43:56 [31/5100] episode 47504780844603: hp 75->63 | total wins 28/31
23:43:57 [32/5100] episode 47504780844804: hp 59->43 | total wins 29/32
23:43:58 [33/5100] episode 47504780845402: hp 38->2 | total wins 30/33
23:44:00 [34/5100] episode 47504780842903: hp 56->21 | total wins 31/34
23:44:01 [35/5100] episode 47504780841803: hp 75->63 | total wins 32/35
23:44:01 [36/5100] episode 47504780844403: hp 70->40 | total wins 33/36
23:44:01 [37/5100] episode 47504780845805: hp 44->21 | total wins 34/37
23:44:01 [38/5100] episode 47504780842402: hp 63->18 | total wins 35/38
23:44:01 [39/5100] episode 47504780845602: hp 75->40 | total wins 36/39
23:44:02 [40/5100] episode 47504780844404: hp 42->11 | total wins 37/40
23:44:02 [41/5100] episode 47504780843902: hp 73->23 | total wins 38/41
23:44:03 [42/5100] episode 47504780842603: hp 62->43 | total wins 39/42
23:44:03 [43/5100] episode 47504780840702: hp 75->28 | total wins 40/43
23:44:03 [44/5100] episode 47504780846603: hp 46->14 | total wins 41/44
23:44:03 [45/5100] episode 47504780847401: hp 40->40 | total wins 42/45
23:44:03 [46/5100] episode 47504780846402: hp 43->13 | total wins 43/46
23:44:04 [47/5100] episode 47504780848403: hp 60->28 | total wins 44/47
23:44:04 [48/5100] episode 47504780848407: hp 57->57 | total wins 45/48
23:44:05 [49/5100] episode 47504780846602: hp 49->32 | total wins 46/49
23:44:05 [50/5100] episode 47504780848405: hp 69->64 | total wins 47/50
23:44:06 [51/5100] episode 47504780848602: hp 44->2 | total wins 48/51
23:44:06 episode 47504780849703 skipped: replay diverged from the stored fight: 0, 2, 0, 2, 4, 1, 0, 3, 0, 0, 0], [3], [2, 5, 3, 0, 0, 4, 3, 1, 0, 1, 2, 1, 0, 2, 0, 0, 0, 0, 0, 3]], "random_potions": true, "samples": [{"episode_id": 47504780849703000, "starting_hp": 75}], "teacher": {"leaf": "guided_roll: fight_resample_worker: replayed fight didn't end after its stored actions
23:44:06 episode 47504780849706 skipped: replay diverged from the stored fight: 0, 2, 0, 2, 4, 1, 0, 3, 0, 0, 0], [3], [2, 5, 3, 0, 0, 4, 3, 1, 0, 1, 2, 1, 0, 2, 0, 0, 0, 0, 0, 3], [11, 5, 6, 0, 0, 6, 3, 0, 0, 0, 5, 3, 0, 0, 0, 0, 0, 0, 0, 0, 0, 0, 0, 0, 1, 0, 0, 0, 0, 2, 2], [0], [0, 0]], "random_potion: fight_resample_worker: replayed fight didn't end after its stored actions
23:44:06 [52/5100] episode 47504780847402: hp 32->3 | total wins 49/52
23:44:07 [53/5100] episode 47504780849402: hp 50->18 | total wins 50/53
23:44:07 [54/5100] episode 47504780850603: hp 51->19 | total wins 51/54
23:44:07 [55/5100] episode 47504780848603: hp 40->lost | total wins 51/55
23:44:09 [56/5100] episode 47504780850706: hp 22->lost | total wins 51/56
23:44:09 [57/5100] episode 47504780846704: hp 71->59 | total wins 52/57
23:44:09 [58/5100] episode 47504780850802: hp 54->38 | total wins 53/58
23:44:09 [59/5100] episode 47504780845906: hp 73->68 | total wins 54/59
23:44:09 [60/5100] episode 47504780847907: hp 53->27 | total wins 55/60
23:44:10 [61/5100] episode 47504780847404: hp 41->8 | total wins 56/61
23:44:11 [62/5100] episode 47504780852707: hp 36->21 | total wins 57/62
23:44:11 [63/5100] episode 47504780852403: hp 38->5 | total wins 58/63
23:44:11 [64/5100] episode 47504780851402: hp 56->2 | total wins 59/64
23:44:11 [65/5100] episode 47504780853606: hp 23->23 | total wins 60/65
23:44:12 [66/5100] episode 47504780843603: hp 75->19 | total wins 61/66
23:44:12 [67/5100] episode 47504780849903: hp 54->17 | total wins 62/67
23:44:13 [68/5100] episode 47504780853402: hp 40->22 | total wins 63/68
23:44:13 [69/5100] episode 47504780852903: hp 54->24 | total wins 64/69
23:44:14 [70/5100] episode 47504780856903: hp 65->33 | total wins 65/70
23:44:14 [71/5100] episode 47504780849603: hp 71->41 | total wins 66/71
23:44:14 [72/5100] episode 47504780854703: hp 54->35 | total wins 67/72
23:44:14 [73/5100] episode 47504780855403: hp 61->36 | total wins 68/73
23:44:15 [74/5100] episode 47504780857702: hp 64->32 | total wins 69/74
23:44:15 [75/5100] episode 47504780846605: hp 57->19 | total wins 70/75
23:44:15 [76/5100] episode 47504780857403: hp 61->47 | total wins 71/76
23:44:16 [77/5100] episode 47504780850903: hp 62->34 | total wins 72/77
23:44:16 [78/5100] episode 47504780855903: hp 29->lost | total wins 72/78
23:44:17 [79/5100] episode 47504780858602: hp 45->10 | total wins 73/79
23:44:17 [80/5100] episode 47504780856405: hp 57->43 | total wins 74/80
23:44:18 [81/5100] episode 47504780855701: hp 75->3 | total wins 75/81
23:44:18 [82/5100] episode 47504780858704: hp 48->27 | total wins 76/82
23:44:19 [83/5100] episode 47504780859603: hp 75->63 | total wins 77/83
23:44:19 [84/5100] episode 47504780857703: hp 51->36 | total wins 78/84
23:44:19 [85/5100] episode 47504780858807: hp 72->50 | total wins 79/85
23:44:19 [86/5100] episode 47504780858905: hp 53->29 | total wins 80/86
23:44:20 [87/5100] episode 47504780857405: hp 50->50 | total wins 81/87
23:44:20 [88/5100] episode 47504780857902: hp 75->21 | total wins 82/88
23:44:20 [89/5100] episode 47504780859904: hp 47->22 | total wins 83/89
23:44:22 [90/5100] episode 47504780859803: hp 36->20 | total wins 84/90
23:44:22 [91/5100] episode 47504780859705: hp 33->18 | total wins 85/91
23:44:22 episode 47504780861403 skipped: replay diverged from the stored fight: 2, 0, 1, 1, 0, 1, 0, 1, 2, 1], [0, 5, 6], [3, 0, 1, 0, 2, 2, 1, 1, 2, 2]], "random_potions": true, "samples": [{"episode_id": 47504780861403000, "starting_hp": 58}], "teacher": {"leaf": "guided_rollout", "simulations": 20000,: fight_resample_worker: replayed fight didn't end after its stored actions
23:44:22 episode 47504780861405 skipped: replay diverged from the stored fight: 2, 0, 1, 1, 0, 1, 0, 1, 2, 1], [0, 5, 6], [3, 0, 1, 0, 2, 2, 1, 1, 2, 2], [0, 4, 2, 2, 0, 0, 0, 0, 1, 0, 3, 2, 0, 2, 0, 0, 0, 1], [4, 1, 1, 0, 0, 0, 2, 0, 2, 2, 0, 1, 0, 1]], "random_potions": true, "samples": [{"episode_id":: fight_resample_worker: replayed fight didn't end after its stored actions
23:44:23 [92/5100] episode 47504780860403: hp 69->53 | total wins 86/92
23:44:24 [93/5100] episode 47504780852404: hp 45->16 | total wins 87/93
23:44:24 [94/5100] episode 47504780859706: hp 51->16 | total wins 88/94
23:44:24 [95/5100] episode 47504780859606: hp 32->2 | total wins 89/95
23:44:24 [96/5100] episode 47504780859804: hp 24->12 | total wins 90/96
23:44:25 [97/5100] episode 47504780860804: hp 75->4 | total wins 91/97
23:44:25 [98/5100] episode 47504780860906: hp 48->lost | total wins 91/98
23:44:25 [99/5100] episode 47504780861601: hp 49->4 | total wins 92/99
23:44:26 [100/5100] episode 47504780863604: hp 49->27 | total wins 93/100
23:44:26 [101/5100] episode 47504780862805: hp 60->52 | total wins 94/101
23:44:26 [102/5100] episode 47504780861701: hp 50->10 | total wins 95/102
23:44:27 [103/5100] episode 47504780865405: hp 1->lost | total wins 95/103
23:44:27 [104/5100] episode 47504780863704: hp 50->26 | total wins 96/104
23:44:27 [105/5100] episode 47504780858405: hp 51->32 | total wins 97/105
23:44:28 [106/5100] episode 47504780862904: hp 36->11 | total wins 98/106
23:44:29 [107/5100] episode 47504780862403: hp 46->39 | total wins 99/107
23:44:29 [108/5100] episode 47504780866404: hp 43->40 | total wins 100/108
23:44:30 [109/5100] episode 47504780865804: hp 69->47 | total wins 101/109
23:44:30 [110/5100] episode 47504780864604: hp 51->25 | total wins 102/110
23:44:31 [111/5100] episode 47504780867705: hp 44->28 | total wins 103/111
23:44:31 [112/5100] episode 47504780865601: hp 45->lost | total wins 103/112
23:44:31 [113/5100] episode 47504780866403: hp 61->31 | total wins 104/113
23:44:32 [114/5100] episode 47504780867602: hp 38->5 | total wins 105/114
23:44:32 [115/5100] episode 47504780858903: hp 63->20 | total wins 106/115
23:44:32 [116/5100] episode 47504780865705: hp 61->51 | total wins 107/116
23:44:33 [117/5100] episode 47504780864805: hp 59->42 | total wins 108/117
23:44:33 [118/5100] episode 47504780867905: hp 45->16 | total wins 109/118
23:44:33 [119/5100] episode 47504780867706: hp 33->18 | total wins 110/119
23:44:33 [120/5100] episode 47504780870603: hp 58->58 | total wins 111/120
23:44:34 [121/5100] episode 47504780867404: hp 64->46 | total wins 112/121
23:44:35 [122/5100] episode 47504780870707: hp 34->20 | total wins 113/122
23:44:35 [123/5100] episode 47504780870804: hp 55->30 | total wins 114/123
23:44:35 [124/5100] episode 47504780870402: hp 65->25 | total wins 115/124
23:44:36 [125/5100] episode 47504780866806: hp 57->32 | total wins 116/125
23:44:36 [126/5100] episode 47504780868903: hp 67->52 | total wins 117/126
23:44:36 [127/5100] episode 47504780870704: hp 69->38 | total wins 118/127
23:44:37 [128/5100] episode 47504780871803: hp 51->47 | total wins 119/128
23:44:37 [129/5100] episode 47504780870907: hp 69->49 | total wins 120/129
23:44:38 [130/5100] episode 47504780868704: hp 62->30 | total wins 121/130
23:44:38 [131/5100] episode 47504780872704: hp 28->8 | total wins 122/131
23:44:38 [132/5100] episode 47504780872803: hp 45->16 | total wins 123/132
23:44:39 [133/5100] episode 47504780871604: hp 25->lost | total wins 123/133
23:44:39 episode 47504780874405 skipped: replay diverged from the stored fight: ns": [[3, 2, 1, 0, 0, 0, 1, 0, 1, 1], [0, 1, 0, 0, 1, 1, 1, 0, 1, 0], [5, 2, 3, 3, 0, 5, 3, 2, 0, 2, 2, 0, 0, 2, 2, 0, 0, 0, 0, 0, 0, 0, 0, 0, 0, 0, 0, 0, 0, 2, 0, 0, 0], [2, 2, 3, 0, 0, 2, 0, 0, 2, 0], [1, 6, 1, 1, 1, 4, 0]], "rand: fight_resample_worker: stored actions don't fit the replayed fight
23:44:39 [134/5100] episode 47504780873704: hp 72->34 | total wins 124/134
23:44:39 [135/5100] episode 47504780871703: hp 75->35 | total wins 125/135
23:44:40 [136/5100] episode 47504780869606: hp 25->7 | total wins 126/136
23:44:41 [137/5100] episode 47504780875702: hp 70->56 | total wins 127/137
23:44:41 [138/5100] episode 47504780872403: hp 66->17 | total wins 128/138
23:44:43 [139/5100] episode 47504780871902: hp 75->10 | total wins 129/139
23:44:43 [140/5100] episode 47504780860803: hp 71->52 | total wins 130/140
23:44:44 [141/5100] episode 47504780875804: hp 45->42 | total wins 131/141
23:44:44 [142/5100] episode 47504780876703: hp 55->55 | total wins 132/142
23:44:44 [143/5100] episode 47504780876402: hp 71->23 | total wins 133/143
23:44:46 [144/5100] episode 47504780873803: hp 68->65 | total wins 134/144
23:44:49 [145/5100] episode 47504780872903: hp 72->48 | total wins 135/145
23:44:51 [146/5100] episode 47504780876803: hp 28->8 | total wins 136/146
23:44:51 episode 47504780878904 skipped: replay diverged from the stored fight: 0, 1, 0, 0, 1, 1, 1, 0, 0, 0, 1, 1, 1, 0, 0, 0], [0, 0, 0, 0, 0, 0, 1, 0, 0, 0, 0], [5], [8, 2, 0, 0, 0, 0, 1, 1, 0, 0, 0, 0, 1, 0, 0, 0, 0, 0, 1]], "random_potions": true, "samples": [{"episode_id": 47504780878904000, "start: fight_resample_worker: replayed fight didn't end after its stored actions
23:44:51 [147/5100] episode 47504780876805: hp 67->35 | total wins 137/147
23:44:52 [148/5100] episode 47504780873804: hp 58->37 | total wins 138/148
23:44:52 [149/5100] episode 47504780876404: hp 65->58 | total wins 139/149
23:44:52 [150/5100] episode 47504780879601: hp 70->46 | total wins 140/150
23:44:53 [151/5100] episode 47504780878807: hp 46->31 | total wins 141/151
23:44:53 [152/5100] episode 47504780875602: hp 59->22 | total wins 142/152
23:44:53 [153/5100] episode 47504780879803: hp 21->lost | total wins 142/153
23:44:54 [154/5100] episode 47504780879403: hp 61->21 | total wins 143/154
23:44:54 [155/5100] episode 47504780869803: hp 64->21 | total wins 144/155
23:44:56 [156/5100] episode 47504780874906: hp 64->55 | total wins 145/156
23:44:57 [157/5100] episode 47504780880404: hp 75->50 | total wins 146/157
23:44:58 [158/5100] episode 47504780880703: hp 51->23 | total wins 147/158
23:44:58 [159/5100] episode 47504780880804: hp 49->21 | total wins 148/159
23:44:59 [160/5100] episode 47504780881904: hp 19->2 | total wins 149/160
23:44:59 [161/5100] episode 47504780876903: hp 68->19 | total wins 150/161
23:45:00 [162/5100] episode 47504780879702: hp 75->46 | total wins 151/162
23:45:00 [163/5100] episode 47504780879905: hp 64->48 | total wins 152/163
23:45:01 [164/5100] episode 47504780882402: hp 72->40 | total wins 153/164
23:45:01 [165/5100] episode 47504780881404: hp 22->1 | total wins 154/165
23:45:01 [166/5100] episode 47504780882903: hp 34->18 | total wins 155/166
23:45:02 [167/5100] episode 47504780882703: hp 61->29 | total wins 156/167
23:45:02 [168/5100] episode 47504780879802: hp 75->51 | total wins 157/168
23:45:02 [169/5100] episode 47504780880806: hp 40->29 | total wins 158/169
23:45:03 [170/5100] episode 47504780877603: hp 75->lost | total wins 158/170
23:45:03 [171/5100] episode 47504780879903: hp 57->53 | total wins 159/171
23:45:03 [172/5100] episode 47504780882602: hp 75->35 | total wins 160/172
23:45:04 [173/5100] episode 47504780875806: hp 75->37 | total wins 161/173
23:45:05 [174/5100] episode 47504780882904: hp 51->44 | total wins 162/174
23:45:05 [175/5100] episode 47504780883802: hp 47->21 | total wins 163/175
23:45:05 [176/5100] episode 47504780883403: hp 30->15 | total wins 164/176
23:45:06 [177/5100] episode 47504780880803: hp 62->18 | total wins 165/177
23:45:06 [178/5100] episode 47504780886404: hp 72->52 | total wins 166/178
23:45:06 [179/5100] episode 47504780884903: hp 70->30 | total wins 167/179
23:45:07 [180/5100] episode 47504780885404: hp 42->42 | total wins 168/180
23:45:07 [181/5100] episode 47504780883602: hp 75->55 | total wins 169/181
23:45:09 [182/5100] episode 47504780887604: hp 60->32 | total wins 170/182
23:45:09 [183/5100] episode 47504780884403: hp 71->52 | total wins 171/183
23:45:09 [184/5100] episode 47504780883904: hp 51->12 | total wins 172/184
23:45:09 [185/5100] episode 47504780884404: hp 55->25 | total wins 173/185
23:45:11 [186/5100] episode 47504780887803: hp 24->7 | total wins 174/186
23:45:11 [187/5100] episode 47504780886802: hp 46->11 | total wins 175/187
23:45:11 [188/5100] episode 47504780887703: hp 55->15 | total wins 176/188
23:45:11 [189/5100] episode 47504780888705: hp 89->81 | total wins 177/189
23:45:11 [190/5100] episode 47504780889403: hp 46->46 | total wins 178/190
23:45:11 [191/5100] episode 47504780886903: hp 73->45 | total wins 179/191
23:45:13 [192/5100] episode 47504780889803: hp 39->4 | total wins 180/192
23:45:13 episode 47504780890903 skipped: replay diverged from the stored fight: ns": [[3, 3, 0, 0, 1, 2, 1, 1, 1, 1], [4, 1, 0, 0, 1, 1, 0, 0, 0], [3, 0, 1, 1, 0, 0, 1, 1, 0, 0]], "random_potions": true, "samples": [{"episode_id": 47504780890903000, "starting_hp": 75}], "teacher": {"leaf": "guided_rollout", "si: fight_resample_worker: stored actions don't fit the replayed fight
23:45:13 episode 47504780890905 skipped: replay diverged from the stored fight: ns": [[3, 3, 0, 0, 1, 2, 1, 1, 1, 1], [4, 1, 0, 0, 1, 1, 0, 0, 0], [3, 0, 1, 1, 0, 0, 1, 1, 0, 0], [0, 0, 0, 1, 1, 0, 2, 1, 0, 1, 0, 2, 0, 1, 1, 1, 1], [0, 1, 2, 0, 1, 1, 3, 0, 1, 2]], "random_potions": true, "samples": [{"episode_i: fight_resample_worker: stored actions don't fit the replayed fight
23:45:14 [193/5100] episode 47504780891404: hp 36->38 | total wins 181/193
23:45:14 [194/5100] episode 47504780884803: hp 66->10 | total wins 182/194
23:45:14 [195/5100] episode 47504780884806: hp 54->33 | total wins 183/195
23:45:14 [196/5100] episode 47504780888808: hp 50->44 | total wins 184/196
23:45:15 [197/5100] episode 47504780891904: hp 58->42 | total wins 185/197
23:45:15 [198/5100] episode 47504780889402: hp 52->18 | total wins 186/198
23:45:15 [199/5100] episode 47504780887603: hp 62->17 | total wins 187/199
23:45:16 [200/5100] episode 47504780891803: hp 88->40 | total wins 188/200
23:45:18 [201/5100] episode 47504780893605: hp 75->53 | total wins 189/201
23:45:18 [202/5100] episode 47504780890702: hp 75->57 | total wins 190/202
23:45:18 [203/5100] episode 47504780887902: hp 64->35 | total wins 191/203
23:45:19 [204/5100] episode 47504780890604: hp 55->35 | total wins 192/204
23:45:19 [205/5100] episode 47504780893402: hp 74->38 | total wins 193/205
23:45:20 [206/5100] episode 47504780891805: hp 57->36 | total wins 194/206
23:45:20 [207/5100] episode 47504780891704: hp 33->27 | total wins 195/207
23:45:20 [208/5100] episode 47504780894402: hp 70->22 | total wins 196/208
23:45:20 [209/5100] episode 47504780894807: hp 71->28 | total wins 197/209
23:45:21 [210/5100] episode 47504780894602: hp 67->35 | total wins 198/210
23:45:21 [211/5100] episode 47504780883704: hp 62->33 | total wins 199/211
23:45:22 [212/5100] episode 47504780896702: hp 41->lost | total wins 199/212
23:45:22 [213/5100] episode 47504780895703: hp 75->52 | total wins 200/213
23:45:22 [214/5100] episode 47504780895804: hp 57->37 | total wins 201/214
23:45:22 [215/5100] episode 47504780896703: hp 30->10 | total wins 202/215
23:45:23 [216/5100] episode 47504780896906: hp 45->16 | total wins 203/216
23:45:25 [217/5100] episode 47504780897604: hp 54->35 | total wins 204/217
23:45:26 [218/5100] episode 47504780890804: hp 60->14 | total wins 205/218
23:45:26 [219/5100] episode 47504780897804: hp 69->37 | total wins 206/219
23:45:26 [220/5100] episode 47504780894606: hp 60->50 | total wins 207/220
23:45:26 [221/5100] episode 47504780897903: hp 58->41 | total wins 208/221
23:45:27 [222/5100] episode 47504780896404: hp 75->40 | total wins 209/222
23:45:27 [223/5100] episode 47504780895901: hp 71->16 | total wins 210/223
23:45:27 [224/5100] episode 47504780897402: hp 75->58 | total wins 211/224
23:45:28 [225/5100] episode 47504780895602: hp 53->18 | total wins 212/225
23:45:30 [226/5100] episode 47504780898604: hp 54->19 | total wins 213/226
23:45:31 [227/5100] episode 47504780898902: hp 53->35 | total wins 214/227
23:45:31 [228/5100] episode 47504780893805: hp 74->50 | total wins 215/228
23:45:31 [229/5100] episode 47504780893803: hp 65->53 | total wins 216/229
23:45:31 [230/5100] episode 47504780896903: hp 62->52 | total wins 217/230
23:45:32 [231/5100] episode 47504780899403: hp 35->lost | total wins 217/231
23:45:32 [232/5100] episode 47504780900806: hp 70->64 | total wins 218/232
23:45:32 [233/5100] episode 47504780898803: hp 48->12 | total wins 219/233
23:45:33 [234/5100] episode 47504780899703: hp 40->lost | total wins 219/234
23:45:33 [235/5100] episode 47504780898702: hp 73->43 | total wins 220/235
23:45:34 [236/5100] episode 47504780898802: hp 60->24 | total wins 221/236
23:45:34 [237/5100] episode 47504780901704: hp 70->35 | total wins 222/237
23:45:35 [238/5100] episode 47504780900902: hp 58->10 | total wins 223/238
23:45:35 [239/5100] episode 47504780901803: hp 75->29 | total wins 224/239
23:45:36 [240/5100] episode 47504780898903: hp 59->33 | total wins 225/240
23:45:37 [241/5100] episode 47504780900904: hp 47->20 | total wins 226/241
23:45:38 [242/5100] episode 47504780902805: hp 50->50 | total wins 227/242
23:45:38 [243/5100] episode 47504780903904: hp 57->47 | total wins 228/243
23:45:38 [244/5100] episode 47504780903402: hp 35->8 | total wins 229/244
23:45:39 [245/5100] episode 47504780903603: hp 44->19 | total wins 230/245
23:45:39 [246/5100] episode 47504780904602: hp 32->2 | total wins 231/246
23:45:39 [247/5100] episode 47504780901602: hp 64->lost | total wins 231/247
23:45:40 [248/5100] episode 47504780905902: hp 42->17 | total wins 232/248
23:45:40 [249/5100] episode 47504780897603: hp 75->34 | total wins 233/249
23:45:40 [250/5100] episode 47504780902904: hp 71->16 | total wins 234/250
23:45:40 [251/5100] episode 47504780906403: hp 75->55 | total wins 235/251
23:45:40 [252/5100] episode 47504780905705: hp 67->42 | total wins 236/252
23:45:40 [253/5100] episode 47504780903806: hp 30->15 | total wins 237/253
23:45:40 [254/5100] episode 47504780906704: hp 41->19 | total wins 238/254
23:45:42 [255/5100] episode 47504780904402: hp 35->20 | total wins 239/255
23:45:42 [256/5100] episode 47504780908702: hp 63->50 | total wins 240/256
23:45:42 [257/5100] episode 47504780908603: hp 63->24 | total wins 241/257
23:45:43 [258/5100] episode 47504780907406: hp 35->29 | total wins 242/258
23:45:44 [259/5100] episode 47504780908808: hp 70->47 | total wins 243/259
23:45:44 [260/5100] episode 47504780909703: hp 75->43 | total wins 244/260
23:45:44 [261/5100] episode 47504780909704: hp 9->lost | total wins 244/261
23:45:44 [262/5100] episode 47504780905604: hp 63->28 | total wins 245/262
23:45:44 episode 47504780911402 skipped: replay diverged from the stored fight: 2, 2, 2, 0, 2, 0, 0, 2, 2, 0, 1], [4]], "random_potions": true, "samples": [{"episode_id": 47504780911402000, "starting_hp": 75}], "teacher": {"leaf": "guided_rollout", "simulations": 20000, "oracle": false, "random_move": fa: fight_resample_worker: replayed fight didn't end after its stored actions
23:45:45 [263/5100] episode 47504780908705: hp 71->75 | total wins 246/263
23:45:45 [264/5100] episode 47504780909803: hp 52->40 | total wins 247/264
23:45:46 [265/5100] episode 47504780907602: hp 54->9 | total wins 248/265
23:45:46 [266/5100] episode 47504780908805: hp 29->lost | total wins 248/266
23:45:46 [267/5100] episode 47504780905803: hp 73->51 | total wins 249/267
23:45:46 [268/5100] episode 47504780909904: hp 72->40 | total wins 250/268
23:45:46 [269/5100] episode 47504780912704: hp 66->50 | total wins 251/269
23:45:47 [270/5100] episode 47504780907704: hp 75->46 | total wins 252/270
23:45:47 [271/5100] episode 47504780900601: hp 62->33 | total wins 253/271
23:45:47 episode 47504780913706 skipped: replay diverged from the stored fight: ns": [[0, 0, 0, 1, 0, 0, 0, 0, 0], [4, 4, 2, 0, 0, 0, 1, 2, 0, 0, 1, 0, 0, 0, 0], [2, 2, 0, 0, 0, 0, 2, 0], [0, 1, 1, 0, 5, 3, 4, 0, 0, 2, 0, 0, 1], [11, 3, 1, 3, 0, 3, 2, 2, 2, 0, 5, 2, 0, 0, 0, 1, 1, 1, 0, 4, 3, 1, 0, 1, 2, 1, 1, : fight_resample_worker: stored actions don't fit the replayed fight
23:45:49 [272/5100] episode 47504780912703: hp 69->37 | total wins 254/272
23:45:50 [273/5100] episode 47504780913402: hp 51->36 | total wins 255/273
23:45:50 [274/5100] episode 47504780912805: hp 33->23 | total wins 256/274
23:45:51 [275/5100] episode 47504780912901: hp 43->lost | total wins 256/275
23:45:51 [276/5100] episode 47504780913803: hp 60->42 | total wins 257/276
23:45:52 [277/5100] episode 47504780910802: hp 72->2 | total wins 258/277
23:45:52 [278/5100] episode 47504780911604: hp 62->lost | total wins 258/278
23:45:54 [279/5100] episode 47504780915406: hp 43->13 | total wins 259/279
23:45:54 [280/5100] episode 47504780914702: hp 66->47 | total wins 260/280
23:45:54 [281/5100] episode 47504780913902: hp 43->8 | total wins 261/281
23:45:54 [282/5100] episode 47504780914405: hp 62->47 | total wins 262/282
23:45:54 [283/5100] episode 47504780914804: hp 44->14 | total wins 263/283
23:45:55 [284/5100] episode 47504780916603: hp 57->41 | total wins 264/284
23:45:55 [285/5100] episode 47504780916702: hp 67->35 | total wins 265/285
23:45:55 [286/5100] episode 47504780916906: hp 56->50 | total wins 266/286
23:45:56 [287/5100] episode 47504780911703: hp 75->20 | total wins 267/287
23:45:56 [288/5100] episode 47504780915705: hp 50->2 | total wins 268/288
23:45:56 [289/5100] episode 47504780917604: hp 30->3 | total wins 269/289
23:45:57 [290/5100] episode 47504780913604: hp 39->lost | total wins 269/290
23:45:57 episode 47504780919407 skipped: replay diverged from the stored fight: ns": [[1, 0, 0, 0, 0, 0, 0, 3, 0, 0, 0, 0, 0], [0, 1, 0, 1, 2, 0, 0, 1, 1, 0], [0, 1, 0, 2, 3, 4, 2, 2, 1, 3, 0], [1, 4, 2, 0, 4, 0, 1, 0, 1, 1, 0, 1, 0, 0], [3, 3, 1, 1, 1, 3, 3, 3, 6, 6], [0, 0, 1, 2, 0, 0, 1, 1, 1, 3], [1, 3, 1, : fight_resample_worker: stored actions don't fit the replayed fight
23:45:57 [291/5100] episode 47504780913704: hp 49->lost | total wins 269/291
23:45:57 episode 47504780919804 skipped: replay diverged from the stored fight: 0, 0, 0, 0, 0, 2, 0, 0, 0, 1, 0, 1], [1, 0, 0, 1, 0, 0, 0, 0, 3, 0, 1], [2, 4], [0, 1, 0, 1, 1, 1, 2, 1, 1, 1, 1, 1, 0, 0, 0, 1, 0, 0]], "random_potions": true, "samples": [{"episode_id": 47504780919804000, "starting_hp": 57}: fight_resample_worker: replayed fight didn't end after its stored actions
23:45:58 [292/5100] episode 47504780919904: hp 58->41 | total wins 270/292
23:45:58 [293/5100] episode 47504780918703: hp 59->42 | total wins 271/293
23:45:59 [294/5100] episode 47504780916903: hp 64->29 | total wins 272/294
23:45:59 [295/5100] episode 47504780899904: hp 70->53 | total wins 273/295
23:45:59 [296/5100] episode 47504780918402: hp 74->36 | total wins 274/296
23:45:59 [297/5100] episode 47504780916904: hp 37->4 | total wins 275/297
23:45:59 [298/5100] episode 47504780915804: hp 42->17 | total wins 276/298
23:46:00 [299/5100] episode 47504780918403: hp 29->lost | total wins 276/299
23:46:00 [300/5100] episode 47504780920601: hp 56->8 | total wins 277/300
23:46:00 [301/5100] episode 47504780919606: hp 71->54 | total wins 278/301
23:46:00 [302/5100] episode 47504780920602: hp 75->45 | total wins 279/302
23:46:01 [303/5100] episode 47504780917706: hp 37->5 | total wins 280/303
23:46:01 [304/5100] episode 47504780920803: hp 71->43 | total wins 281/304
23:46:02 [305/5100] episode 47504780920904: hp 40->lost | total wins 281/305
23:46:04 [306/5100] episode 47504780920403: hp 75->1 | total wins 282/306
23:46:05 [307/5100] episode 47504780921405: hp 15->lost | total wins 282/307
23:46:06 [308/5100] episode 47504780923402: hp 49->32 | total wins 283/308
23:46:06 [309/5100] episode 47504780920706: hp 68->36 | total wins 284/309
23:46:07 [310/5100] episode 47504780921606: hp 65->43 | total wins 285/310
23:46:07 [311/5100] episode 47504780920406: hp 64->40 | total wins 286/311
23:46:08 [312/5100] episode 47504780923704: hp 47->11 | total wins 287/312
23:46:08 [313/5100] episode 47504780923405: hp 37->22 | total wins 288/313
23:46:08 [314/5100] episode 47504780923802: hp 75->40 | total wins 289/314
23:46:09 [315/5100] episode 47504780921702: hp 64->34 | total wins 290/315
23:46:09 [316/5100] episode 47504780922902: hp 44->24 | total wins 291/316
23:46:10 [317/5100] episode 47504780922803: hp 62->37 | total wins 292/317
23:46:10 [318/5100] episode 47504780924603: hp 65->23 | total wins 293/318
23:46:10 episode 47504780925806 skipped: replay diverged from the stored fight: ns": [[1, 1, 1, 0, 0, 1, 0, 0, 0, 0, 0], [1, 0, 1, 0, 0, 2, 0, 0, 0, 0, 0, 0, 1, 0], [2, 1, 0, 3, 3, 0, 2, 1, 0, 0], [0, 0, 1, 1, 2, 2, 4, 0], [0, 2, 1, 4, 1, 0, 0, 0, 2, 0, 1, 1, 1, 1, 0, 1], [3, 1, 1, 0, 0, 2, 0, 0, 1, 2, 0, 0, 0,: fight_resample_worker: stored actions don't fit the replayed fight
23:46:10 [319/5100] episode 47504780924805: hp 54->39 | total wins 294/319
23:46:11 [320/5100] episode 47504780918903: hp 80->40 | total wins 295/320
23:46:11 [321/5100] episode 47504780923703: hp 54->38 | total wins 296/321
23:46:11 [322/5100] episode 47504780923904: hp 68->48 | total wins 297/322
23:46:12 [323/5100] episode 47504780922402: hp 75->28 | total wins 298/323
23:46:12 [324/5100] episode 47504780924704: hp 66->53 | total wins 299/324
23:46:13 [325/5100] episode 47504780925902: hp 24->lost | total wins 299/325
23:46:13 [326/5100] episode 47504780926603: hp 57->33 | total wins 300/326
23:46:14 [327/5100] episode 47504780920806: hp 51->16 | total wins 301/327
23:46:14 [328/5100] episode 47504780927403: hp 56->40 | total wins 302/328
23:46:14 [329/5100] episode 47504780925606: hp 46->50 | total wins 303/329
23:46:16 [330/5100] episode 47504780926805: hp 69->57 | total wins 304/330
23:46:16 [331/5100] episode 47504780924804: hp 50->37 | total wins 305/331
23:46:17 [332/5100] episode 47504780926605: hp 34->lost | total wins 305/332
23:46:17 episode 47504780928604 skipped: replay diverged from the stored fight: ns": [[2, 1, 0, 0, 4, 5, 0, 0, 0], [0, 0, 0, 1, 0, 1, 1, 0, 3, 0], [4, 0, 1, 0, 2, 1, 1, 2, 0, 0, 0, 1, 1, 1], [1, 3, 1, 2, 0, 1, 1, 1, 3, 5, 5]], "random_potions": true, "samples": [{"episode_id": 47504780928604000, "starting_hp": : fight_resample_worker: stored actions don't fit the replayed fight
23:46:17 [333/5100] episode 47504780928401: hp 61->33 | total wins 306/333
23:46:17 [334/5100] episode 47504780926703: hp 59->34 | total wins 307/334
23:46:18 [335/5100] episode 47504780928404: hp 45->33 | total wins 308/335
23:46:18 episode 47504780929406 skipped: replay diverged from the stored fight: ns": [[2, 1, 0, 0, 1, 0, 0, 0, 0, 1, 1], [0, 1, 1, 0, 0, 0, 2, 0], [0, 1, 0, 0, 1, 1, 0, 1, 2, 1], [3, 0, 0, 0, 1, 1, 3, 3, 3, 0, 1, 0, 1, 2, 4, 0, 1, 0, 0, 0, 0, 0, 1, 1, 0, 0, 1, 0, 0, 1, 0, 0, 0, 0, 0], [4, 3, 1, 0, 1, 1, 0, 1, 1: fight_resample_worker: stored actions don't fit the replayed fight
23:46:18 [336/5100] episode 47504780928701: hp 40->7 | total wins 309/336
23:46:18 [337/5100] episode 47504780928702: hp 51->11 | total wins 310/337
23:46:18 [338/5100] episode 47504780926903: hp 57->25 | total wins 311/338
23:46:18 [339/5100] episode 47504780926604: hp 63->9 | total wins 312/339
23:46:18 [340/5100] episode 47504780926405: hp 64->28 | total wins 313/340
23:46:19 [341/5100] episode 47504780927904: hp 40->13 | total wins 314/341
23:46:20 [342/5100] episode 47504780930703: hp 57->21 | total wins 315/342
23:46:20 [343/5100] episode 47504780929804: hp 37->38 | total wins 316/343
23:46:20 [344/5100] episode 47504780929703: hp 74->59 | total wins 317/344
23:46:20 [345/5100] episode 47504780925702: hp 56->56 | total wins 318/345
23:46:21 [346/5100] episode 47504780929803: hp 39->7 | total wins 319/346
23:46:21 [347/5100] episode 47504780927805: hp 55->38 | total wins 320/347
23:46:22 [348/5100] episode 47504780931403: hp 75->70 | total wins 321/348
23:46:23 [349/5100] episode 47504780932403: hp 26->lost | total wins 321/349
23:46:24 [350/5100] episode 47504780932606: hp 21->lost | total wins 321/350
23:46:24 [351/5100] episode 47504780932602: hp 75->39 | total wins 322/351
23:46:24 episode 47504780932704 skipped: replay diverged from the stored fight: ns": [[5, 1, 0, 1, 2, 0, 1, 1, 0, 0, 1, 0, 0, 0], [3, 0, 0, 1, 6, 3, 0, 5, 1, 0, 3, 1, 0, 1, 0, 1, 0, 1, 0, 0, 0, 0, 0, 1], [0, 1, 1, 1, 1, 1, 2, 1], [1, 3, 1, 4, 1]], "random_potions": true, "samples": [{"episode_id": 4750478093270: fight_resample_worker: stored actions don't fit the replayed fight
23:46:24 episode 47504780932705 skipped: replay diverged from the stored fight: ns": [[5, 1, 0, 1, 2, 0, 1, 1, 0, 0, 1, 0, 0, 0], [3, 0, 0, 1, 6, 3, 0, 5, 1, 0, 3, 1, 0, 1, 0, 1, 0, 1, 0, 0, 0, 0, 0, 1], [0, 1, 1, 1, 1, 1, 2, 1], [1, 3, 1, 4, 1], [1, 5, 0, 0, 3, 2, 2, 0, 1, 3, 0, 1, 0, 2, 2, 5]], "random_potion: fight_resample_worker: stored actions don't fit the replayed fight
23:46:24 [352/5100] episode 47504780927804: hp 50->22 | total wins 323/352
23:46:25 [353/5100] episode 47504780931803: hp 39->6 | total wins 324/353
23:46:25 [354/5100] episode 47504780931404: hp 34->14 | total wins 325/354
23:46:25 [355/5100] episode 47504780932603: hp 44->16 | total wins 326/355
23:46:26 [356/5100] episode 47504780932801: hp 56->33 | total wins 327/356
23:46:26 [357/5100] episode 47504780929705: hp 57->44 | total wins 328/357
23:46:26 [358/5100] episode 47504780933703: hp 59->27 | total wins 329/358
23:46:27 [359/5100] episode 47504780933804: hp 27->20 | total wins 330/359
23:46:28 [360/5100] episode 47504780929403: hp 75->30 | total wins 331/360
23:46:28 [361/5100] episode 47504780932803: hp 46->17 | total wins 332/361
23:46:28 [362/5100] episode 47504780933404: hp 53->18 | total wins 333/362
23:46:29 [363/5100] episode 47504780935804: hp 36->20 | total wins 334/363
23:46:29 [364/5100] episode 47504780935404: hp 55->20 | total wins 335/364
23:46:30 [365/5100] episode 47504780935602: hp 16->lost | total wins 335/365
23:46:30 [366/5100] episode 47504780935702: hp 20->lost | total wins 335/366
23:46:30 [367/5100] episode 47504780933803: hp 75->48 | total wins 336/367
23:46:30 [368/5100] episode 47504780933706: hp 35->16 | total wins 337/368
23:46:31 [369/5100] episode 47504780935805: hp 35->12 | total wins 338/369
23:46:31 episode 47504780937403 skipped: replay diverged from the stored fight: ns": [[4, 1, 0, 0, 0, 0, 1, 0, 0], [0, 1, 1, 0, 1, 1, 1, 0, 1, 4, 1, 0], [3, 1, 2, 1, 5, 2, 5, 2, 1]], "random_potions": true, "samples": [{"episode_id": 47504780937403000, "starting_hp": 60}], "teacher": {"leaf": "guided_rollout", : fight_resample_worker: stored actions don't fit the replayed fight
23:46:31 [370/5100] episode 47504780935903: hp 42->10 | total wins 339/370
23:46:31 [371/5100] episode 47504780934405: hp 46->21 | total wins 340/371
23:46:32 [372/5100] episode 47504780935905: hp 26->4 | total wins 341/372
23:46:32 [373/5100] episode 47504780931605: hp 75->30 | total wins 342/373
23:46:33 [374/5100] episode 47504780932701: hp 62->14 | total wins 343/374
23:46:33 [375/5100] episode 47504780929602: hp 73->14 | total wins 344/375
23:46:33 [376/5100] episode 47504780938405: hp 54->38 | total wins 345/376
23:46:34 [377/5100] episode 47504780931804: hp 50->46 | total wins 346/377
23:46:35 [378/5100] episode 47504780937604: hp 75->62 | total wins 347/378
23:46:35 [379/5100] episode 47504780937902: hp 49->21 | total wins 348/379
23:46:36 [380/5100] episode 47504780940602: hp 75->43 | total wins 349/380
23:46:36 [381/5100] episode 47504780938804: hp 29->lost | total wins 349/381
23:46:39 [382/5100] episode 47504780936404: hp 75->55 | total wins 350/382
23:46:39 [383/5100] episode 47504780941602: hp 23->23 | total wins 351/383
23:46:39 [384/5100] episode 47504780940603: hp 61->41 | total wins 352/384
23:46:39 [385/5100] episode 47504780936604: hp 43->8 | total wins 353/385
23:46:40 [386/5100] episode 47504780939603: hp 54->24 | total wins 354/386
23:46:40 [387/5100] episode 47504780941603: hp 37->17 | total wins 355/387
23:46:40 [388/5100] episode 47504780939803: hp 75->50 | total wins 356/388
23:46:40 [389/5100] episode 47504780940705: hp 39->29 | total wins 357/389
23:46:40 [390/5100] episode 47504780941704: hp 46->22 | total wins 358/390
23:46:41 [391/5100] episode 47504780942706: hp 16->lost | total wins 358/391
23:46:43 [392/5100] episode 47504780942906: hp 73->49 | total wins 359/392
23:46:43 [393/5100] episode 47504780941703: hp 74->44 | total wins 360/393
23:46:43 [394/5100] episode 47504780942803: hp 54->39 | total wins 361/394
23:46:43 [395/5100] episode 47504780942802: hp 55->24 | total wins 362/395
23:46:45 [396/5100] episode 47504780941802: hp 75->30 | total wins 363/396
23:46:45 [397/5100] episode 47504780943708: hp 49->3 | total wins 364/397
23:46:46 [398/5100] episode 47504780939903: hp 75->35 | total wins 365/398
23:46:46 [399/5100] episode 47504780940702: hp 62->12 | total wins 366/399
23:46:47 [400/5100] episode 47504780943804: hp 54->18 | total wins 367/400
23:46:47 [401/5100] episode 47504780937607: hp 54->39 | total wins 368/401
23:46:48 [402/5100] episode 47504780944803: hp 78->38 | total wins 369/402
23:46:48 [403/5100] episode 47504780945604: hp 44->1 | total wins 370/403
23:46:49 [404/5100] episode 47504780945402: hp 60->36 | total wins 371/404
23:46:51 [405/5100] episode 47504780936902: hp 67->46 | total wins 372/405
23:46:51 [406/5100] episode 47504780946402: hp 54->24 | total wins 373/406
23:46:51 [407/5100] episode 47504780943705: hp 47->15 | total wins 374/407
23:46:52 [408/5100] episode 47504780945803: hp 56->31 | total wins 375/408
23:46:53 [409/5100] episode 47504780941903: hp 65->10 | total wins 376/409
23:46:53 [410/5100] episode 47504780946905: hp 43->31 | total wins 377/410
23:46:53 [411/5100] episode 47504780945704: hp 58->21 | total wins 378/411
23:46:53 [412/5100] episode 47504780940803: hp 62->12 | total wins 379/412
23:46:54 [413/5100] episode 47504780943404: hp 67->27 | total wins 380/413
23:46:54 [414/5100] episode 47504780947906: hp 45->33 | total wins 381/414
23:46:55 [415/5100] episode 47504780946603: hp 75->57 | total wins 382/415
23:46:55 [416/5100] episode 47504780947905: hp 47->7 | total wins 383/416
23:46:56 [417/5100] episode 47504780943803: hp 38->28 | total wins 384/417
23:46:57 [418/5100] episode 47504780948602: hp 75->45 | total wins 385/418
23:46:57 episode 47504780949404 skipped: replay diverged from the stored fight: ns": [[1, 1, 0, 0, 0, 1, 0, 1, 0, 0, 0], [5, 2, 1, 1, 0, 1, 1], [1, 1, 1, 0, 0, 0, 0, 2, 3, 1, 0, 2, 0, 0, 3, 3], [2, 0, 0, 0, 0, 0, 0, 0, 0, 2]], "random_potions": true, "samples": [{"episode_id": 47504780949404000, "starting_hp": : fight_resample_worker: stored actions don't fit the replayed fight
23:46:58 [419/5100] episode 47504780949602: hp 18->2 | total wins 386/419
23:46:58 [420/5100] episode 47504780949402: hp 45->26 | total wins 387/420
23:46:58 [421/5100] episode 47504780947404: hp 40->11 | total wins 388/421
23:46:58 [422/5100] episode 47504780947703: hp 75->48 | total wins 389/422
23:46:59 [423/5100] episode 47504780948803: hp 55->35 | total wins 390/423
23:47:01 [424/5100] episode 47504780946702: hp 75->33 | total wins 391/424
23:47:01 [425/5100] episode 47504780948703: hp 38->20 | total wins 392/425
23:47:03 [426/5100] episode 47504780949802: hp 71->40 | total wins 393/426
23:47:03 [427/5100] episode 47504780948402: hp 55->18 | total wins 394/427
23:47:03 [428/5100] episode 47504780950405: hp 42->23 | total wins 395/428
23:47:03 episode 47504780951703 skipped: replay diverged from the stored fight: ns": [[1, 0, 0, 0, 0, 0, 0, 1, 1, 1], [1, 1, 2, 0, 3, 2, 1, 0, 1, 0], [4, 4, 0, 1, 0, 2, 0, 1, 1]], "random_potions": true, "samples": [{"episode_id": 47504780951703000, "starting_hp": 63}], "teacher": {"leaf": "guided_rollout", "si: fight_resample_worker: stored actions don't fit the replayed fight
23:47:03 [429/5100] episode 47504780948903: hp 75->33 | total wins 396/429
23:47:03 [430/5100] episode 47504780943704: hp 64->49 | total wins 397/430
23:47:04 [431/5100] episode 47504780951407: hp 55->48 | total wins 398/431
23:47:04 [432/5100] episode 47504780952605: hp 67->61 | total wins 399/432
23:47:05 [433/5100] episode 47504780950403: hp 49->12 | total wins 400/433
23:47:05 [434/5100] episode 47504780951602: hp 53->18 | total wins 401/434
23:47:06 [435/5100] episode 47504780948905: hp 35->6 | total wins 402/435
23:47:06 [436/5100] episode 47504780952904: hp 39->22 | total wins 403/436
23:47:06 [437/5100] episode 47504780951403: hp 50->20 | total wins 404/437
23:47:06 episode 47504780953804 skipped: replay diverged from the stored fight: 3, 1, 3, 1, 1, 0, 0, 1, 0, 0, 0, 0, 2, 1, 0, 0, 0, 1], [0, 1, 0, 0, 0, 1, 2, 2, 0, 1, 1, 1, 1, 0, 1, 3, 3, 0, 0, 0, 1, 2, 2], [6, 3, 0, 0, 0, 4, 3, 3, 0, 0, 3, 1, 1, 0, 1, 0, 1, 0, 3, 2, 1, 1, 0, 0, 0, 0, 1, 1, 1, 1, 1, 0, 0,: fight_resample_worker: replayed fight didn't end after its stored actions
23:47:07 [438/5100] episode 47504780953603: hp 46->lost | total wins 404/438
23:47:08 [439/5100] episode 47504780951405: hp 63->44 | total wins 405/439
23:47:08 [440/5100] episode 47504780953703: hp 51->41 | total wins 406/440
23:47:08 episode 47504780954604 skipped: replay diverged from the stored fight: ns": [[0, 0, 0, 0, 0, 0, 0, 1, 0, 0, 1], [0, 0, 1, 0, 0, 0, 0, 3], [4, 3, 0, 0, 0, 2, 0, 0, 0, 1, 0, 1], [3, 0, 1, 3, 0, 2, 1, 0, 0, 1, 0, 0, 0, 0]], "random_potions": true, "samples": [{"episode_id": 47504780954604000, "starting_hp: fight_resample_worker: stored actions don't fit the replayed fight
23:47:09 [441/5100] episode 47504780952902: hp 75->40 | total wins 407/441
23:47:09 [442/5100] episode 47504780950802: hp 71->1 | total wins 408/442
23:47:09 [443/5100] episode 47504780949803: hp 64->33 | total wins 409/443
23:47:10 [444/5100] episode 47504780954703: hp 36->4 | total wins 410/444
23:47:12 [445/5100] episode 47504780953902: hp 65->25 | total wins 411/445
23:47:13 [446/5100] episode 47504780954405: hp 72->49 | total wins 412/446
23:47:14 [447/5100] episode 47504780952707: hp 66->63 | total wins 413/447
23:47:14 [448/5100] episode 47504780956606: hp 33->25 | total wins 414/448
23:47:15 [449/5100] episode 47504780956702: hp 68->38 | total wins 415/449
23:47:16 [450/5100] episode 47504780955802: hp 66->41 | total wins 416/450
23:47:16 [451/5100] episode 47504780953803: hp 45->30 | total wins 417/451
23:47:16 [452/5100] episode 47504780956402: hp 72->56 | total wins 418/452
23:47:16 [453/5100] episode 47504780956804: hp 40->24 | total wins 419/453
23:47:17 [454/5100] episode 47504780958803: hp 42->26 | total wins 420/454
23:47:17 [455/5100] episode 47504780954901: hp 53->lost | total wins 420/455
23:47:17 [456/5100] episode 47504780957907: hp 77->45 | total wins 421/456
23:47:18 [457/5100] episode 47504780959603: hp 61->29 | total wins 422/457
23:47:18 [458/5100] episode 47504780953903: hp 54->lost | total wins 422/458
23:47:19 [459/5100] episode 47504780957803: hp 70->30 | total wins 423/459
23:47:19 [460/5100] episode 47504780959802: hp 45->20 | total wins 424/460
23:47:19 [461/5100] episode 47504780954702: hp 75->48 | total wins 425/461
23:47:21 [462/5100] episode 47504780960704: hp 75->35 | total wins 426/462
23:47:21 [463/5100] episode 47504780957404: hp 69->lost | total wins 426/463
23:47:22 [464/5100] episode 47504780951903: hp 75->3 | total wins 427/464
23:47:22 [465/5100] episode 47504780955404: hp 53->lost | total wins 427/465
23:47:23 [466/5100] episode 47504780961703: hp 72->72 | total wins 428/466
23:47:23 [467/5100] episode 47504780958403: hp 58->51 | total wins 429/467
23:47:23 [468/5100] episode 47504780959903: hp 33->14 | total wins 430/468
23:47:23 [469/5100] episode 47504780960803: hp 34->14 | total wins 431/469
23:47:23 [470/5100] episode 47504780953405: hp 75->lost | total wins 431/470
23:47:24 [471/5100] episode 47504780961606: hp 50->27 | total wins 432/471
23:47:25 [472/5100] episode 47504780961805: hp 44->36 | total wins 433/472
23:47:25 [473/5100] episode 47504780962701: hp 47->4 | total wins 434/473
23:47:25 [474/5100] episode 47504780961403: hp 66->39 | total wins 435/474
23:47:26 [475/5100] episode 47504780963905: hp 38->8 | total wins 436/475
23:47:26 [476/5100] episode 47504780960603: hp 64->46 | total wins 437/476
23:47:26 [477/5100] episode 47504780959902: hp 60->1 | total wins 438/477
23:47:27 [478/5100] episode 47504780964804: hp 17->lost | total wins 438/478
23:47:27 [479/5100] episode 47504780961804: hp 62->32 | total wins 439/479
23:47:27 [480/5100] episode 47504780963704: hp 69->48 | total wins 440/480
23:47:28 [481/5100] episode 47504780965902: hp 33->1 | total wins 441/481
23:47:29 [482/5100] episode 47504780965803: hp 65->36 | total wins 442/482
23:47:29 [483/5100] episode 47504780965604: hp 40->lost | total wins 442/483
23:47:30 [484/5100] episode 47504780962603: hp 50->16 | total wins 443/484
23:47:31 [485/5100] episode 47504780959704: hp 63->35 | total wins 444/485
23:47:31 [486/5100] episode 47504780963904: hp 75->21 | total wins 445/486
23:47:31 [487/5100] episode 47504780964803: hp 52->5 | total wins 446/487
23:47:31 [488/5100] episode 47504780961903: hp 57->12 | total wins 447/488
23:47:31 [489/5100] episode 47504780966602: hp 63->31 | total wins 448/489
23:47:31 [490/5100] episode 47504780966407: hp 33->3 | total wins 449/490
23:47:31 episode 47504780967804 skipped: replay diverged from the stored fight: ns": [[0, 0, 1, 0, 4, 3, 1, 0, 2, 0, 0, 0, 1], [0, 0, 0, 0, 1, 1, 1, 0, 1], [5, 0, 1, 0, 2, 2, 1, 0, 0, 0, 2, 1, 0, 0], [2, 2, 0, 0, 0, 0, 0, 0, 0, 2, 2, 1, 0, 0, 0, 0]], "random_potions": true, "samples": [{"episode_id": 4750478096: fight_resample_worker: stored actions don't fit the replayed fight
23:47:32 [491/5100] episode 47504780964802: hp 60->26 | total wins 450/491
23:47:32 [492/5100] episode 47504780966403: hp 56->lost | total wins 450/492
23:47:32 [493/5100] episode 47504780966802: hp 43->11 | total wins 451/493
23:47:32 [494/5100] episode 47504780965404: hp 57->28 | total wins 452/494
23:47:33 [495/5100] episode 47504780966903: hp 49->25 | total wins 453/495
23:47:33 [496/5100] episode 47504780968405: hp 75->59 | total wins 454/496
23:47:33 [497/5100] episode 47504780968604: hp 28->lost | total wins 454/497
23:47:34 [498/5100] episode 47504780963403: hp 75->10 | total wins 455/498
23:47:36 [499/5100] episode 47504780969702: hp 62->13 | total wins 456/499
23:47:36 [500/5100] episode 47504780967905: hp 36->21 | total wins 457/500
23:47:36 [501/5100] episode 47504780967603: hp 75->44 | total wins 458/501
23:47:37 [502/5100] episode 47504780968603: hp 59->lost | total wins 458/502
23:47:38 [503/5100] episode 47504780967402: hp 42->6 | total wins 459/503
23:47:38 [504/5100] episode 47504780968602: hp 81->27 | total wins 460/504
23:47:39 [505/5100] episode 47504780966702: hp 62->8 | total wins 461/505
23:47:40 [506/5100] episode 47504780969804: hp 70->54 | total wins 462/506
23:47:40 [507/5100] episode 47504780970702: hp 75->28 | total wins 463/507
23:47:40 [508/5100] episode 47504780969405: hp 58->23 | total wins 464/508
23:47:42 [509/5100] episode 47504780971803: hp 57->41 | total wins 465/509
23:47:43 [510/5100] episode 47504780969805: hp 75->67 | total wins 466/510
23:47:43 [511/5100] episode 47504780972602: hp 57->42 | total wins 467/511
23:47:43 [512/5100] episode 47504780971603: hp 47->23 | total wins 468/512
23:47:43 [513/5100] episode 47504780974404: hp 52->36 | total wins 469/513
23:47:43 [514/5100] episode 47504780969703: hp 61->6 | total wins 470/514
23:47:43 [515/5100] episode 47504780967704: hp 62->22 | total wins 471/515
23:47:47 [516/5100] episode 47504780974802: hp 48->18 | total wins 472/516
23:47:47 [517/5100] episode 47504780970703: hp 37->lost | total wins 472/517
23:47:47 [518/5100] episode 47504780970901: hp 71->lost | total wins 472/518
23:47:48 [519/5100] episode 47504780972804: hp 65->46 | total wins 473/519
23:47:49 [520/5100] episode 47504780974403: hp 70->25 | total wins 474/520
23:47:49 [521/5100] episode 47504780968803: hp 71->30 | total wins 475/521
23:47:49 [522/5100] episode 47504780976605: hp 52->35 | total wins 476/522
23:47:49 [523/5100] episode 47504780976805: hp 56->21 | total wins 477/523
23:47:49 [524/5100] episode 47504780974604: hp 66->7 | total wins 478/524
23:47:50 [525/5100] episode 47504780976703: hp 75->23 | total wins 479/525
23:47:50 [526/5100] episode 47504780972704: hp 23->lost | total wins 479/526
23:47:53 [527/5100] episode 47504780977602: hp 44->lost | total wins 479/527
23:47:53 [528/5100] episode 47504780977405: hp 57->25 | total wins 480/528
23:47:53 [529/5100] episode 47504780976607: hp 55->28 | total wins 481/529
23:47:53 episode 47504780978804 skipped: replay diverged from the stored fight: 0, 0, 0, 0, 0, 1, 0, 1, 1, 1], [4, 3, 2, 1, 2, 2, 2, 3, 1, 0, 5, 3, 1, 1, 3, 0, 1], [6, 1, 2, 2, 0, 0, 0, 0, 0, 0, 0, 0, 0], [1, 0, 0, 0]], "random_potions": true, "samples": [{"episode_id": 47504780978804000, "starting_hp": : fight_resample_worker: replayed fight didn't end after its stored actions
23:47:54 [530/5100] episode 47504780976804: hp 66->35 | total wins 482/530
23:47:54 [531/5100] episode 47504780978802: hp 51->51 | total wins 483/531
23:47:55 [532/5100] episode 47504780979603: hp 17->lost | total wins 483/532
23:47:55 [533/5100] episode 47504780970402: hp 80->24 | total wins 484/533
23:47:56 [534/5100] episode 47504780975806: hp 73->47 | total wins 485/534
23:47:56 [535/5100] episode 47504780978904: hp 57->37 | total wins 486/535
23:47:56 [536/5100] episode 47504780977903: hp 75->50 | total wins 487/536
23:47:57 [537/5100] episode 47504780980804: hp 62->62 | total wins 488/537
23:47:57 [538/5100] episode 47504780977802: hp 75->58 | total wins 489/538
23:47:58 [539/5100] episode 47504780979804: hp 38->13 | total wins 490/539
23:47:59 [540/5100] episode 47504780981803: hp 42->10 | total wins 491/540
23:47:59 [541/5100] episode 47504780978402: hp 47->32 | total wins 492/541
23:48:00 [542/5100] episode 47504780978702: hp 59->lost | total wins 492/542
23:48:00 [543/5100] episode 47504780976705: hp 35->9 | total wins 493/543
23:48:00 [544/5100] episode 47504780975903: hp 75->30 | total wins 494/544
23:48:00 [545/5100] episode 47504780983404: hp 82->68 | total wins 495/545
23:48:01 [546/5100] episode 47504780981406: hp 60->48 | total wins 496/546
23:48:01 [547/5100] episode 47504780982406: hp 62->29 | total wins 497/547
23:48:01 [548/5100] episode 47504780982802: hp 60->9 | total wins 498/548
23:48:01 [549/5100] episode 47504780982903: hp 58->28 | total wins 499/549
23:48:03 [550/5100] episode 47504780980403: hp 45->10 | total wins 500/550
23:48:03 [551/5100] episode 47504780981705: hp 42->1 | total wins 501/551
23:48:03 [552/5100] episode 47504780982702: hp 73->48 | total wins 502/552
23:48:03 [553/5100] episode 47504780984905: hp 29->29 | total wins 503/553
23:48:04 [554/5100] episode 47504780985402: hp 51->35 | total wins 504/554
23:48:05 [555/5100] episode 47504780981704: hp 74->51 | total wins 505/555
23:48:05 [556/5100] episode 47504780985706: hp 48->32 | total wins 506/556
23:48:06 [557/5100] episode 47504780984705: hp 30->lost | total wins 506/557
23:48:06 [558/5100] episode 47504780984605: hp 51->18 | total wins 507/558
23:48:07 [559/5100] episode 47504780985803: hp 22->lost | total wins 507/559
23:48:07 [560/5100] episode 47504780983905: hp 35->lost | total wins 507/560
23:48:07 episode 47504780986605 skipped: replay diverged from the stored fight: 0, 1, 0, 0, 1, 1, 0, 0, 0, 0, 0], [0, 1, 0, 1, 1], [2, 0, 1, 2], [0, 6, 40, 1, 1, 1, 0, 0, 0, 0, 0, 0, 0, 1, 1], [6]], "random_potions": true, "samples": [{"episode_id": 47504780986605000, "starting_hp": 54}], "teacher": {"le: fight_resample_worker: replayed fight didn't end after its stored actions
23:48:08 [561/5100] episode 47504780983706: hp 32->19 | total wins 508/561
23:48:08 [562/5100] episode 47504780984804: hp 35->18 | total wins 509/562
23:48:09 [563/5100] episode 47504780986405: hp 34->lost | total wins 509/563
23:48:10 [564/5100] episode 47504780986806: hp 45->25 | total wins 510/564
23:48:10 [565/5100] episode 47504780986805: hp 62->42 | total wins 511/565
23:48:10 [566/5100] episode 47504780983803: hp 85->lost | total wins 511/566
23:48:10 [567/5100] episode 47504780985805: hp 35->lost | total wins 511/567
23:48:11 [568/5100] episode 47504780986704: hp 60->44 | total wins 512/568
23:48:12 [569/5100] episode 47504780987402: hp 55->4 | total wins 513/569
23:48:13 [570/5100] episode 47504780985604: hp 41->41 | total wins 514/570
23:48:14 [571/5100] episode 47504780987903: hp 55->33 | total wins 515/571
23:48:14 [572/5100] episode 47504780987605: hp 75->43 | total wins 516/572
23:48:16 [573/5100] episode 47504780988701: hp 75->47 | total wins 517/573
23:48:16 [574/5100] episode 47504780985602: hp 54->37 | total wins 518/574
23:48:16 [575/5100] episode 47504780988403: hp 69->28 | total wins 519/575
23:48:16 episode 47504780989603 skipped: replay diverged from the stored fight: ns": [[2, 0, 1, 0, 1, 0, 0, 5, 0], [5, 3, 0, 1, 0, 0, 0, 0, 0, 1, 0], [2, 0, 0, 1, 0, 1, 0, 0, 0, 1, 0, 0, 0, 0, 2, 1]], "random_potions": true, "samples": [{"episode_id": 47504780989603000, "starting_hp": 63}], "teacher": {"leaf": : fight_resample_worker: stored actions don't fit the replayed fight
23:48:16 episode 47504780989605 skipped: replay diverged from the stored fight: ns": [[2, 0, 1, 0, 1, 0, 0, 5, 0], [5, 3, 0, 1, 0, 0, 0, 0, 0, 1, 0], [2, 0, 0, 1, 0, 1, 0, 0, 0, 1, 0, 0, 0, 0, 2, 1], [0, 0, 2, 0, 0, 0, 0, 0, 0, 0, 0, 0, 1, 3], [0, 2, 3, 0, 2, 0, 0, 0, 0, 2, 1, 1, 0, 0, 2, 2, 0, 0, 0, 0, 1, 0, 0: fight_resample_worker: stored actions don't fit the replayed fight
23:48:20 [576/5100] episode 47504780982403: hp 66->15 | total wins 520/576
23:48:21 [577/5100] episode 47504780989405: hp 48->36 | total wins 521/577
23:48:21 [578/5100] episode 47504780987804: hp 45->25 | total wins 522/578
23:48:21 [579/5100] episode 47504780989705: hp 55->34 | total wins 523/579
23:48:21 [580/5100] episode 47504780988803: hp 46->31 | total wins 524/580
23:48:21 [581/5100] episode 47504780984703: hp 75->39 | total wins 525/581
23:48:22 [582/5100] episode 47504780987803: hp 75->55 | total wins 526/582
23:48:22 [583/5100] episode 47504780990405: hp 1->lost | total wins 526/583
23:48:22 [584/5100] episode 47504780991404: hp 35->14 | total wins 527/584
23:48:23 [585/5100] episode 47504780988905: hp 67->48 | total wins 528/585
23:48:24 [586/5100] episode 47504780985903: hp 73->lost | total wins 528/586
23:48:24 [587/5100] episode 47504780989403: hp 50->39 | total wins 529/587
23:48:24 [588/5100] episode 47504780990703: hp 55->41 | total wins 530/588
23:48:24 [589/5100] episode 47504780991602: hp 43->1 | total wins 531/589
23:48:24 [590/5100] episode 47504780990602: hp 26->lost | total wins 531/590
23:48:25 [591/5100] episode 47504780990603: hp 44->4 | total wins 532/591
23:48:25 [592/5100] episode 47504780991704: hp 61->29 | total wins 533/592
23:48:25 [593/5100] episode 47504780992402: hp 46->30 | total wins 534/593
23:48:25 [594/5100] episode 47504780988601: hp 66->6 | total wins 535/594
23:48:25 [595/5100] episode 47504780990903: hp 60->40 | total wins 536/595
23:48:25 [596/5100] episode 47504780990402: hp 39->3 | total wins 537/596
23:48:26 [597/5100] episode 47504780991804: hp 86->70 | total wins 538/597
23:48:27 [598/5100] episode 47504780990705: hp 55->10 | total wins 539/598
23:48:27 [599/5100] episode 47504780992804: hp 52->22 | total wins 540/599
23:48:27 [600/5100] episode 47504780992902: hp 75->45 | total wins 541/600
23:48:27 [601/5100] episode 47504780992404: hp 57->47 | total wins 542/601
23:48:28 [602/5100] episode 47504780993404: hp 68->50 | total wins 543/602
23:48:28 [603/5100] episode 47504780992903: hp 27->lost | total wins 543/603
23:48:28 [604/5100] episode 47504780992702: hp 47->7 | total wins 544/604
23:48:29 [605/5100] episode 47504780992602: hp 59->44 | total wins 545/605
23:48:29 [606/5100] episode 47504780994406: hp 26->26 | total wins 546/606
23:48:31 [607/5100] episode 47504780993803: hp 71->49 | total wins 547/607
23:48:31 [608/5100] episode 47504780992805: hp 36->lost | total wins 547/608
23:48:32 [609/5100] episode 47504780994704: hp 75->63 | total wins 548/609
23:48:32 [610/5100] episode 47504780993405: hp 50->13 | total wins 549/610
23:48:32 [611/5100] episode 47504780993406: hp 34->27 | total wins 550/611
23:48:32 [612/5100] episode 47504780994602: hp 43->19 | total wins 551/612
23:48:32 [613/5100] episode 47504780994405: hp 70->58 | total wins 552/613
23:48:32 [614/5100] episode 47504780991904: hp 64->44 | total wins 553/614
23:48:32 [615/5100] episode 47504780994903: hp 65->49 | total wins 554/615
23:48:33 [616/5100] episode 47504780995602: hp 51->35 | total wins 555/616
23:48:33 [617/5100] episode 47504780993904: hp 75->55 | total wins 556/617
23:48:33 [618/5100] episode 47504780996904: hp 42->29 | total wins 557/618
23:48:34 [619/5100] episode 47504780995905: hp 49->29 | total wins 558/619
23:48:35 [620/5100] episode 47504780996804: hp 35->10 | total wins 559/620
23:48:35 [621/5100] episode 47504780997403: hp 45->21 | total wins 560/621
23:48:35 [622/5100] episode 47504780994403: hp 64->27 | total wins 561/622
23:48:36 [623/5100] episode 47504780995702: hp 48->38 | total wins 562/623
23:48:36 [624/5100] episode 47504780994905: hp 69->61 | total wins 563/624
23:48:37 [625/5100] episode 47504780995904: hp 75->54 | total wins 564/625
23:48:37 [626/5100] episode 47504780995704: hp 63->42 | total wins 565/626
23:48:37 episode 47504780998604 skipped: replay diverged from the stored fight: ns": [[0, 0, 0, 2, 0, 2, 0, 0, 0, 0], [0, 1, 2, 0, 1, 1, 1, 1, 0, 0], [0, 1, 0, 0, 0, 0, 0, 1, 1, 1, 0, 1, 1, 0], [2, 0, 0, 0, 1, 10, 5, 0, 1, 0, 1]], "random_potions": true, "samples": [{"episode_id": 47504780998604000, "starting_h: fight_resample_worker: stored actions don't fit the replayed fight
23:48:37 [627/5100] episode 47504780997405: hp 25->lost | total wins 565/627
23:48:37 [628/5100] episode 47504780996903: hp 58->18 | total wins 566/628
23:48:37 [629/5100] episode 47504780996602: hp 58->18 | total wins 567/629
23:48:37 episode 47504780999404 skipped: replay diverged from the stored fight: ns": [[1, 2, 1, 0, 1, 1], [1, 1, 2, 1, 0, 1, 1, 1, 1, 2, 1], [2, 3, 0, 1, 1, 0, 0, 1, 2], [10, 10, 1, 2, 2, 1, 1, 1, 0, 2, 0, 1, 0, 3]], "random_potions": true, "samples": [{"episode_id": 47504780999404000, "starting_hp": 62}], "tea: fight_resample_worker: stored actions don't fit the replayed fight
23:48:37 [630/5100] episode 47504780997803: hp 48->20 | total wins 568/630
23:48:37 [631/5100] episode 47504780991805: hp 88->76 | total wins 569/631
23:48:38 [632/5100] episode 47504780998705: hp 58->38 | total wins 570/632
23:48:38 [633/5100] episode 47504781000904: hp 52->40 | total wins 571/633
23:48:38 [634/5100] episode 47504781001406: hp 53->37 | total wins 572/634
23:48:38 [635/5100] episode 47504780997804: hp 79->47 | total wins 573/635
23:48:40 [636/5100] episode 47504780997402: hp 59->30 | total wins 574/636
23:48:40 [637/5100] episode 47504780997902: hp 41->6 | total wins 575/637
23:48:41 [638/5100] episode 47504780998403: hp 62->39 | total wins 576/638
23:48:42 [639/5100] episode 47504781001703: hp 48->31 | total wins 577/639
23:48:42 [640/5100] episode 47504781002805: hp 24->17 | total wins 578/640
23:48:43 [641/5100] episode 47504781002904: hp 43->11 | total wins 579/641
23:48:43 [642/5100] episode 47504781003704: hp 33->17 | total wins 580/642
23:48:43 [643/5100] episode 47504780997603: hp 61->47 | total wins 581/643
23:48:44 [644/5100] episode 47504781000803: hp 55->28 | total wins 582/644
23:48:44 [645/5100] episode 47504781002606: hp 53->27 | total wins 583/645
23:48:45 [646/5100] episode 47504781001704: hp 66->24 | total wins 584/646
23:48:45 [647/5100] episode 47504781004402: hp 70->38 | total wins 585/647
23:48:45 [648/5100] episode 47504781004903: hp 39->23 | total wins 586/648
23:48:45 [649/5100] episode 47504781004706: hp 57->30 | total wins 587/649
23:48:46 [650/5100] episode 47504780998703: hp 75->53 | total wins 588/650
23:48:46 [651/5100] episode 47504780998902: hp 65->12 | total wins 589/651
23:48:46 [652/5100] episode 47504781002604: hp 63->33 | total wins 590/652
23:48:47 [653/5100] episode 47504781005403: hp 68->33 | total wins 591/653
23:48:48 [654/5100] episode 47504781004902: hp 41->1 | total wins 592/654
23:48:48 [655/5100] episode 47504781005705: hp 75->59 | total wins 593/655
23:48:48 [656/5100] episode 47504781002701: hp 73->18 | total wins 594/656
23:48:48 [657/5100] episode 47504781006705: hp 38->22 | total wins 595/657
23:48:49 [658/5100] episode 47504781006604: hp 63->34 | total wins 596/658
23:48:49 [659/5100] episode 47504781005806: hp 34->18 | total wins 597/659
23:48:50 [660/5100] episode 47504781005404: hp 35->3 | total wins 598/660
23:48:50 [661/5100] episode 47504781004804: hp 46->19 | total wins 599/661
23:48:50 [662/5100] episode 47504781003804: hp 64->44 | total wins 600/662
23:48:50 [663/5100] episode 47504781003903: hp 75->71 | total wins 601/663
23:48:51 [664/5100] episode 47504781007606: hp 36->20 | total wins 602/664
23:48:51 [665/5100] episode 47504781006706: hp 37->29 | total wins 603/665
23:48:54 [666/5100] episode 47504781005904: hp 46->21 | total wins 604/666
23:48:55 [667/5100] episode 47504781008603: hp 72->64 | total wins 605/667
23:48:56 [668/5100] episode 47504781006603: hp 75->54 | total wins 606/668
23:48:57 [669/5100] episode 47504781003905: hp 64->38 | total wins 607/669
23:48:57 [670/5100] episode 47504781007904: hp 54->24 | total wins 608/670
23:48:58 [671/5100] episode 47504781008604: hp 58->33 | total wins 609/671
23:48:58 [672/5100] episode 47504781009803: hp 75->52 | total wins 610/672
23:48:58 [673/5100] episode 47504781009403: hp 70->33 | total wins 611/673
23:48:59 [674/5100] episode 47504781008805: hp 55->51 | total wins 612/674
23:48:59 [675/5100] episode 47504781007603: hp 47->2 | total wins 613/675
23:48:59 [676/5100] episode 47504781010803: hp 52->36 | total wins 614/676
23:48:59 [677/5100] episode 47504781010705: hp 55->40 | total wins 615/677
23:49:00 [678/5100] episode 47504781012604: hp 30->lost | total wins 615/678
23:49:01 [679/5100] episode 47504781010403: hp 39->4 | total wins 616/679
23:49:01 [680/5100] episode 47504781007406: hp 46->33 | total wins 617/680
23:49:02 [681/5100] episode 47504781013603: hp 46->10 | total wins 618/681
23:49:02 [682/5100] episode 47504781008702: hp 54->41 | total wins 619/682
23:49:02 [683/5100] episode 47504781013802: hp 16->lost | total wins 619/683
23:49:02 [684/5100] episode 47504781013704: hp 66->50 | total wins 620/684
23:49:03 [685/5100] episode 47504781009603: hp 44->4 | total wins 621/685
23:49:03 [686/5100] episode 47504781013602: hp 39->lost | total wins 621/686
23:49:03 [687/5100] episode 47504781014802: hp 33->1 | total wins 622/687
23:49:03 episode 47504781015705 skipped: replay diverged from the stored fight: ns": [[2, 2, 2, 0, 0, 1, 0, 0, 1, 0, 0, 0], [1, 0, 0, 0, 0, 0, 0, 0, 0, 0, 1, 0, 2], [0, 0, 1, 1, 0, 0, 0, 0, 0], [0, 2, 0, 1, 3, 0, 0, 0, 1, 1, 0, 0, 1, 2], [2, 1, 1, 1, 4, 5, 0, 1, 0, 0]], "random_potions": true, "samples": [{"epi: fight_resample_worker: stored actions don't fit the replayed fight
23:49:03 [688/5100] episode 47504781012903: hp 28->lost | total wins 622/688
23:49:05 [689/5100] episode 47504781016404: hp 70->38 | total wins 623/689
23:49:05 [690/5100] episode 47504781014804: hp 38->34 | total wins 624/690
23:49:05 [691/5100] episode 47504781015903: hp 58->26 | total wins 625/691
23:49:05 episode 47504781016605 skipped: replay diverged from the stored fight: 0, 1, 0, 0, 0, 1, 0, 1], [3, 4, 1, 0, 1, 3, 0, 1, 1, 1, 0, 0, 1, 0, 0, 1, 1, 5, 1, 0, 0, 1, 1], [1, 0, 2, 1, 1, 0, 4, 2, 1, 5, 0, 0, 1, 2, 0, 1, 2, 1], [0, 1, 2, 7, 1, 2, 2, 0, 0, 1, 0, 0, 0, 1, 3, 2, 1, 2, 1], [6]], "random_: fight_resample_worker: replayed fight didn't end after its stored actions
23:49:05 [692/5100] episode 47504781014402: hp 62->32 | total wins 626/692
23:49:05 [693/5100] episode 47504781009702: hp 75->25 | total wins 627/693
23:49:06 [694/5100] episode 47504781015406: hp 71->40 | total wins 628/694
23:49:06 [695/5100] episode 47504781016405: hp 44->23 | total wins 629/695
23:49:07 [696/5100] episode 47504781016804: hp 75->53 | total wins 630/696
23:49:07 [697/5100] episode 47504781014604: hp 75->45 | total wins 631/697
23:49:08 [698/5100] episode 47504781016604: hp 54->11 | total wins 632/698
23:49:09 [699/5100] episode 47504781017605: hp 75->39 | total wins 633/699
23:49:09 [700/5100] episode 47504781012402: hp 70->15 | total wins 634/700
23:49:09 [701/5100] episode 47504781018605: hp 49->24 | total wins 635/701
23:49:10 [702/5100] episode 47504781016706: hp 37->33 | total wins 636/702
23:49:10 [703/5100] episode 47504781011903: hp 62->41 | total wins 637/703
23:49:11 [704/5100] episode 47504781018406: hp 22->12 | total wins 638/704
23:49:11 [705/5100] episode 47504781015605: hp 51->40 | total wins 639/705
23:49:11 episode 47504781019905 skipped: replay diverged from the stored fight: 0, 0, 0, 0, 0, 0, 0, 0, 0, 1, 0, 0], [0, 0, 0, 0, 0, 0, 0, 0, 0, 0], [0, 0, 0, 0, 0, 0, 0, 0, 1, 1, 0, 0, 0], [0, 2, 0, 3, 0, 0, 0], [5]], "random_potions": true, "samples": [{"episode_id": 47504781019905000, "starting_hp": 6: fight_resample_worker: replayed fight didn't end after its stored actions
23:49:11 [706/5100] episode 47504781019803: hp 70->54 | total wins 640/706
23:49:13 [707/5100] episode 47504781018405: hp 71->2 | total wins 641/707
23:49:13 [708/5100] episode 47504781020704: hp 75->21 | total wins 642/708
23:49:14 [709/5100] episode 47504781012603: hp 70->1 | total wins 643/709
23:49:15 [710/5100] episode 47504781019706: hp 68->53 | total wins 644/710
23:49:15 [711/5100] episode 47504781020905: hp 62->46 | total wins 645/711
23:49:15 episode 47504781021603 skipped: replay diverged from the stored fight: ns": [[5, 1, 0, 1, 0, 1, 0, 2, 2, 1, 0, 1, 2, 0, 0, 0], [3, 0, 0, 1, 1, 2, 1, 1, 0], [1, 0, 0, 1, 2, 2, 1, 1, 0, 1, 0, 1, 1, 1, 1, 1, 0]], "random_potions": true, "samples": [{"episode_id": 47504781021603000, "starting_hp": 50}], "t: fight_resample_worker: stored actions don't fit the replayed fight
23:49:15 episode 47504781021604 skipped: replay diverged from the stored fight: ns": [[5, 1, 0, 1, 0, 1, 0, 2, 2, 1, 0, 1, 2, 0, 0, 0], [3, 0, 0, 1, 1, 2, 1, 1, 0], [1, 0, 0, 1, 2, 2, 1, 1, 0, 1, 0, 1, 1, 1, 1, 1, 0], [2, 3, 1, 0, 0, 3, 1, 5, 1, 1, 2, 2, 1, 1, 0, 2, 1, 1, 1, 1, 1, 1, 1, 0, 2, 1, 0, 2, 0, 3, 1, : fight_resample_worker: stored actions don't fit the replayed fight
23:49:16 [712/5100] episode 47504781018903: hp 47->17 | total wins 646/712
23:49:16 [713/5100] episode 47504781016905: hp 75->45 | total wins 647/713
23:49:16 [714/5100] episode 47504781020804: hp 60->40 | total wins 648/714
23:49:16 [715/5100] episode 47504781018706: hp 29->15 | total wins 649/715
23:49:16 episode 47504781023604 skipped: replay diverged from the stored fight: ns": [[4, 4, 1, 0, 3, 2, 0, 0, 1], [0, 0, 1, 0, 2], [0, 1, 2, 0, 0, 2, 1, 1, 2, 1, 1, 2, 0, 1, 4, 0], [0, 7, 0]], "random_potions": true, "samples": [{"episode_id": 47504781023604000, "starting_hp": 57}], "teacher": {"leaf": "guided: fight_resample_worker: stored actions don't fit the replayed fight
23:49:17 [716/5100] episode 47504781020707: hp 39->19 | total wins 650/716
23:49:17 [717/5100] episode 47504781020403: hp 36->11 | total wins 651/717
23:49:19 [718/5100] episode 47504781023804: hp 75->45 | total wins 652/718
23:49:19 [719/5100] episode 47504781021703: hp 51->36 | total wins 653/719
23:49:19 [720/5100] episode 47504781019703: hp 75->30 | total wins 654/720
23:49:21 [721/5100] episode 47504781018805: hp 72->34 | total wins 655/721
23:49:21 [722/5100] episode 47504781020903: hp 75->50 | total wins 656/722
23:49:21 [723/5100] episode 47504781023902: hp 59->23 | total wins 657/723
23:49:22 [724/5100] episode 47504781022604: hp 42->7 | total wins 658/724
23:49:24 [725/5100] episode 47504781023702: hp 53->17 | total wins 659/725
23:49:24 [726/5100] episode 47504781025903: hp 73->57 | total wins 660/726
23:49:24 [727/5100] episode 47504781025804: hp 42->18 | total wins 661/727
23:49:24 [728/5100] episode 47504781024604: hp 31->15 | total wins 662/728
23:49:24 episode 47504781027804 skipped: replay diverged from the stored fight: 0, 0, 0, 0, 2, 0, 1, 1, 1, 2, 1, 0, 1, 1, 1, 0, 0], [4, 3, 0, 0, 1, 0, 0, 2, 2, 1, 0, 3, 1, 0, 0, 0], [2, 0, 0, 0, 0, 1, 0, 0, 2, 0], [0, 0, 0, 1]], "random_potions": true, "samples": [{"episode_id": 47504781027804000, "start: fight_resample_worker: replayed fight didn't end after its stored actions
23:49:24 [729/5100] episode 47504781026703: hp 75->59 | total wins 663/729
23:49:24 episode 47504781028405 skipped: replay diverged from the stored fight: ns": [[1, 2, 1, 0, 0, 0, 0, 0, 0, 1], [2, 1, 2, 0, 0, 0, 0, 1, 0, 0], [6, 5, 0, 1, 0, 0, 0, 1, 1, 0, 0, 1, 0], [6, 4, 0, 1, 6, 5, 3, 0, 0, 0, 2, 0, 0, 1, 0, 0, 0, 0, 0, 0, 1], [1, 0, 1, 0, 1]], "random_potions": true, "samples": [{": fight_resample_worker: stored actions don't fit the replayed fight
23:49:28 [730/5100] episode 47504781022702: hp 34->19 | total wins 664/730
23:49:28 [731/5100] episode 47504781027705: hp 60->35 | total wins 665/731
23:49:28 [732/5100] episode 47504781021803: hp 53->13 | total wins 666/732
23:49:28 [733/5100] episode 47504781021402: hp 70->11 | total wins 667/733
23:49:29 [734/5100] episode 47504781029604: hp 34->17 | total wins 668/734
23:49:29 [735/5100] episode 47504781030406: hp 62->37 | total wins 669/735
23:49:29 [736/5100] episode 47504781026602: hp 51->21 | total wins 670/736
23:49:30 [737/5100] episode 47504781025603: hp 58->39 | total wins 671/737
23:49:30 [738/5100] episode 47504781028903: hp 15->lost | total wins 671/738
23:49:30 [739/5100] episode 47504781030904: hp 61->31 | total wins 672/739
23:49:31 [740/5100] episode 47504781028403: hp 62->42 | total wins 673/740
23:49:31 [741/5100] episode 47504781031705: hp 56->24 | total wins 674/741
23:49:31 [742/5100] episode 47504781023703: hp 41->24 | total wins 675/742
23:49:31 [743/5100] episode 47504781025403: hp 63->3 | total wins 676/743
23:49:32 [744/5100] episode 47504781031903: hp 63->19 | total wins 677/744
23:49:33 [745/5100] episode 47504781025404: hp 55->35 | total wins 678/745
23:49:33 [746/5100] episode 47504781032603: hp 49->37 | total wins 679/746
23:49:34 [747/5100] episode 47504781033802: hp 52->36 | total wins 680/747
23:49:34 [748/5100] episode 47504781030605: hp 71->64 | total wins 681/748
23:49:34 [749/5100] episode 47504781032903: hp 75->40 | total wins 682/749
23:49:35 [750/5100] episode 47504781033404: hp 74->39 | total wins 683/750
23:49:35 [751/5100] episode 47504781033602: hp 75->60 | total wins 684/751
23:49:35 [752/5100] episode 47504781032705: hp 66->66 | total wins 685/752
23:49:36 [753/5100] episode 47504781035403: hp 51->19 | total wins 686/753
23:49:37 [754/5100] episode 47504781033902: hp 55->lost | total wins 686/754
23:49:37 [755/5100] episode 47504781034404: hp 75->43 | total wins 687/755
23:49:37 [756/5100] episode 47504781028603: hp 75->50 | total wins 688/756
23:49:38 [757/5100] episode 47504781036901: hp 75->41 | total wins 689/757
23:49:38 [758/5100] episode 47504781031704: hp 31->12 | total wins 690/758
23:49:39 [759/5100] episode 47504781037702: hp 72->40 | total wins 691/759
23:49:39 [760/5100] episode 47504781033904: hp 10->13 | total wins 692/760
23:49:40 [761/5100] episode 47504781035704: hp 66->45 | total wins 693/761
23:49:41 [762/5100] episode 47504781032406: hp 50->46 | total wins 694/762
23:49:41 [763/5100] episode 47504781038804: hp 60->57 | total wins 695/763
23:49:41 [764/5100] episode 47504781034603: hp 75->47 | total wins 696/764
23:49:41 [765/5100] episode 47504781037602: hp 59->29 | total wins 697/765
23:49:41 [766/5100] episode 47504781037404: hp 63->55 | total wins 698/766
23:49:42 [767/5100] episode 47504781038907: hp 30->6 | total wins 699/767
23:49:43 [768/5100] episode 47504781039904: hp 37->16 | total wins 700/768
23:49:43 [769/5100] episode 47504781037705: hp 23->3 | total wins 701/769
23:49:43 [770/5100] episode 47504781039405: hp 57->50 | total wins 702/770
23:49:45 [771/5100] episode 47504781040404: hp 61->37 | total wins 703/771
23:49:45 [772/5100] episode 47504781039606: hp 47->27 | total wins 704/772
23:49:46 [773/5100] episode 47504781037905: hp 51->37 | total wins 705/773
23:49:46 [774/5100] episode 47504781040901: hp 69->29 | total wins 706/774
23:49:46 [775/5100] episode 47504781038802: hp 69->58 | total wins 707/775
23:49:46 [776/5100] episode 47504781039402: hp 57->2 | total wins 708/776
23:49:46 [777/5100] episode 47504781040703: hp 70->5 | total wins 709/777
23:49:47 [778/5100] episode 47504781038605: hp 37->24 | total wins 710/778
23:49:47 [779/5100] episode 47504781038702: hp 75->lost | total wins 710/779
23:49:48 [780/5100] episode 47504781041604: hp 40->40 | total wins 711/780
23:49:48 [781/5100] episode 47504781040406: hp 74->67 | total wins 712/781
23:49:48 [782/5100] episode 47504781042602: hp 75->43 | total wins 713/782
23:49:48 [783/5100] episode 47504781041404: hp 43->21 | total wins 714/783
23:49:49 [784/5100] episode 47504781042903: hp 51->19 | total wins 715/784
23:49:49 [785/5100] episode 47504781043403: hp 58->42 | total wins 716/785
23:49:50 [786/5100] episode 47504781032703: hp 75->34 | total wins 717/786
23:49:50 [787/5100] episode 47504781042704: hp 58->43 | total wins 718/787
23:49:51 [788/5100] episode 47504781043803: hp 61->48 | total wins 719/788
23:49:51 [789/5100] episode 47504781044903: hp 65->48 | total wins 720/789
23:49:53 [790/5100] episode 47504781044804: hp 64->27 | total wins 721/790
23:49:54 [791/5100] episode 47504781041802: hp 68->1 | total wins 722/791
23:49:55 [792/5100] episode 47504781044402: hp 41->19 | total wins 723/792
23:49:55 episode 47504781046403 skipped: replay diverged from the stored fight: 2, 4, 1, 0, 1, 1, 0, 0, 1, 1, 0, 0, 0], [4, 0, 2, 0, 0, 1, 1, 0, 0, 0, 0, 0, 3, 0, 0, 2, 0], [4]], "random_potions": true, "samples": [{"episode_id": 47504781046403000, "starting_hp": 65}], "teacher": {"leaf": "guided_rollout: fight_resample_worker: replayed fight didn't end after its stored actions
23:49:55 [793/5100] episode 47504781042902: hp 72->28 | total wins 724/793
23:49:55 [794/5100] episode 47504781042804: hp 44->39 | total wins 725/794
23:49:56 [795/5100] episode 47504781046401: hp 48->28 | total wins 726/795
23:49:56 [796/5100] episode 47504781043601: hp 75->40 | total wins 727/796
23:49:56 [797/5100] episode 47504781045402: hp 46->17 | total wins 728/797
23:49:56 [798/5100] episode 47504781041902: hp 75->lost | total wins 728/798
23:49:56 [799/5100] episode 47504781045903: hp 64->44 | total wins 729/799
23:49:56 [800/5100] episode 47504781043804: hp 50->35 | total wins 730/800
23:49:56 episode 47504781048703 skipped: replay diverged from the stored fight: 2, 0, 0, 0, 0, 1, 0, 1, 1], [6], [2, 0, 0, 0, 0, 1, 0, 0]], "random_potions": true, "samples": [{"episode_id": 47504781048703000, "starting_hp": 75}], "teacher": {"leaf": "guided_rollout", "simulations": 20000, "oracle": fals: fight_resample_worker: replayed fight didn't end after its stored actions
23:49:56 [801/5100] episode 47504781046402: hp 34->33 | total wins 731/801
23:49:57 [802/5100] episode 47504781046704: hp 48->17 | total wins 732/802
23:49:58 [803/5100] episode 47504781048405: hp 68->36 | total wins 733/803
23:49:58 [804/5100] episode 47504781047403: hp 38->3 | total wins 734/804
23:49:58 [805/5100] episode 47504781049604: hp 21->11 | total wins 735/805
23:50:00 [806/5100] episode 47504781046901: hp 51->11 | total wins 736/806
23:50:00 [807/5100] episode 47504781049706: hp 30->lost | total wins 736/807
23:50:02 [808/5100] episode 47504781046805: hp 52->32 | total wins 737/808
23:50:03 [809/5100] episode 47504781041403: hp 66->35 | total wins 738/809
23:50:03 [810/5100] episode 47504781046802: hp 73->13 | total wins 739/810
23:50:04 [811/5100] episode 47504781050703: hp 57->54 | total wins 740/811
23:50:04 [812/5100] episode 47504781046703: hp 75->49 | total wins 741/812
23:50:04 [813/5100] episode 47504781051904: hp 42->42 | total wins 742/813
23:50:04 [814/5100] episode 47504781050903: hp 24->lost | total wins 742/814
23:50:05 [815/5100] episode 47504781050604: hp 41->27 | total wins 743/815
23:50:05 [816/5100] episode 47504781047701: hp 74->30 | total wins 744/816
23:50:05 episode 47504781053603 skipped: replay diverged from the stored fight: ns": [[1, 0, 0, 2, 2, 0, 0, 1, 2, 1, 0, 0, 1], [3, 3, 3, 1, 1, 3, 1, 0, 0, 0], [5, 0, 0, 2, 4, 3, 0]], "random_potions": true, "samples": [{"episode_id": 47504781053603000, "starting_hp": 65}], "teacher": {"leaf": "guided_rollout", : fight_resample_worker: stored actions don't fit the replayed fight
23:50:06 [817/5100] episode 47504781049902: hp 49->33 | total wins 745/817
23:50:06 [818/5100] episode 47504781052603: hp 75->49 | total wins 746/818
23:50:06 [819/5100] episode 47504781050803: hp 33->lost | total wins 746/819
23:50:06 [820/5100] episode 47504781050702: hp 75->47 | total wins 747/820
23:50:06 [821/5100] episode 47504781051803: hp 61->42 | total wins 748/821
23:50:07 [822/5100] episode 47504781049603: hp 69->45 | total wins 749/822
23:50:07 [823/5100] episode 47504781054905: hp 43->42 | total wins 750/823
23:50:07 [824/5100] episode 47504781055402: hp 50->18 | total wins 751/824
23:50:08 [825/5100] episode 47504781054404: hp 11->1 | total wins 752/825
23:50:09 [826/5100] episode 47504781055802: hp 66->48 | total wins 753/826
23:50:09 [827/5100] episode 47504781055704: hp 30->7 | total wins 754/827
23:50:09 [828/5100] episode 47504781054803: hp 47->lost | total wins 754/828
23:50:10 [829/5100] episode 47504781049703: hp 57->32 | total wins 755/829
23:50:10 [830/5100] episode 47504781057403: hp 30->8 | total wins 756/830
23:50:11 [831/5100] episode 47504781056602: hp 58->25 | total wins 757/831
23:50:11 [832/5100] episode 47504781051405: hp 43->lost | total wins 757/832
23:50:12 [833/5100] episode 47504781056903: hp 36->3 | total wins 758/833
23:50:13 [834/5100] episode 47504781052903: hp 47->28 | total wins 759/834
23:50:13 [835/5100] episode 47504781056603: hp 48->28 | total wins 760/835
23:50:13 [836/5100] episode 47504781056704: hp 50->5 | total wins 761/836
23:50:14 [837/5100] episode 47504781058403: hp 57->41 | total wins 762/837
23:50:14 [838/5100] episode 47504781054706: hp 38->23 | total wins 763/838
23:50:14 [839/5100] episode 47504781057906: hp 39->7 | total wins 764/839
23:50:15 [840/5100] episode 47504781055602: hp 40->13 | total wins 765/840
23:50:15 [841/5100] episode 47504781057801: hp 75->26 | total wins 766/841
23:50:16 [842/5100] episode 47504781060604: hp 1->lost | total wins 766/842
23:50:16 [843/5100] episode 47504781059903: hp 71->47 | total wins 767/843
23:50:17 [844/5100] episode 47504781058702: hp 33->19 | total wins 768/844
23:50:17 episode 47504781061403 skipped: replay diverged from the stored fight: ns": [[1, 0, 2, 1, 1, 1, 1, 0, 0, 0, 1, 2, 0, 1, 0, 1, 1], [2, 2, 1, 1, 1, 1, 0, 0, 3, 2, 0, 0, 0, 0], [1, 0, 4, 4, 0, 1, 3, 0, 1, 0, 0]], "random_potions": true, "samples": [{"episode_id": 47504781061403000, "starting_hp": 75}], "t: fight_resample_worker: stored actions don't fit the replayed fight
23:50:17 [845/5100] episode 47504781057603: hp 53->20 | total wins 769/845
23:50:18 [846/5100] episode 47504781055904: hp 56->lost | total wins 769/846
23:50:18 [847/5100] episode 47504781059604: hp 21->17 | total wins 770/847
23:50:18 [848/5100] episode 47504781062405: hp 4->4 | total wins 771/848
23:50:21 [849/5100] episode 47504781060902: hp 18->lost | total wins 771/849
23:50:21 [850/5100] episode 47504781061703: hp 73->27 | total wins 772/850
23:50:21 [851/5100] episode 47504781057903: hp 75->45 | total wins 773/851
23:50:21 [852/5100] episode 47504781062403: hp 52->16 | total wins 774/852
23:50:22 [853/5100] episode 47504781063402: hp 72->40 | total wins 775/853
23:50:22 [854/5100] episode 47504781057904: hp 45->19 | total wins 776/854
23:50:23 [855/5100] episode 47504781062902: hp 75->43 | total wins 777/855
23:50:23 [856/5100] episode 47504781061602: hp 52->4 | total wins 778/856
23:50:24 [857/5100] episode 47504781063603: hp 21->lost | total wins 778/857
23:50:25 [858/5100] episode 47504781064706: hp 40->15 | total wins 779/858
23:50:25 [859/5100] episode 47504781064705: hp 30->11 | total wins 780/859
23:50:26 [860/5100] episode 47504781064803: hp 55->25 | total wins 781/860
23:50:26 [861/5100] episode 47504781064703: hp 50->17 | total wins 782/861
23:50:27 [862/5100] episode 47504781058805: hp 60->39 | total wins 783/862
23:50:27 [863/5100] episode 47504781064602: hp 75->43 | total wins 784/863
23:50:27 [864/5100] episode 47504781065402: hp 75->43 | total wins 785/864
23:50:28 [865/5100] episode 47504781052803: hp 63->45 | total wins 786/865
23:50:28 [866/5100] episode 47504781062702: hp 75->27 | total wins 787/866
23:50:29 [867/5100] episode 47504781066406: hp 70->65 | total wins 788/867
23:50:29 [868/5100] episode 47504781065802: hp 68->40 | total wins 789/868
23:50:29 [869/5100] episode 47504781060804: hp 66->53 | total wins 790/869
23:50:29 [870/5100] episode 47504781065803: hp 50->35 | total wins 791/870
23:50:29 [871/5100] episode 47504781060704: hp 71->44 | total wins 792/871
23:50:30 [872/5100] episode 47504781065404: hp 30->lost | total wins 792/872
23:50:30 [873/5100] episode 47504781064406: hp 66->41 | total wins 793/873
23:50:31 [874/5100] episode 47504781064902: hp 69->50 | total wins 794/874
23:50:31 [875/5100] episode 47504781068605: hp 42->42 | total wins 795/875
23:50:31 [876/5100] episode 47504781067405: hp 62->51 | total wins 796/876
23:50:32 [877/5100] episode 47504781068802: hp 44->28 | total wins 797/877
23:50:32 [878/5100] episode 47504781068702: hp 40->8 | total wins 798/878
23:50:33 [879/5100] episode 47504781067802: hp 74->66 | total wins 799/879
23:50:33 [880/5100] episode 47504781067703: hp 44->28 | total wins 800/880
23:50:33 [881/5100] episode 47504781068803: hp 35->lost | total wins 800/881
23:50:34 [882/5100] episode 47504781067602: hp 75->53 | total wins 801/882
23:50:34 [883/5100] episode 47504781066603: hp 74->54 | total wins 802/883
23:50:36 [884/5100] episode 47504781065902: hp 48->3 | total wins 803/884
23:50:36 [885/5100] episode 47504781069801: hp 14->lost | total wins 803/885
23:50:37 [886/5100] episode 47504781068906: hp 23->11 | total wins 804/886
23:50:37 [887/5100] episode 47504781069902: hp 54->32 | total wins 805/887
23:50:38 [888/5100] episode 47504781070805: hp 46->32 | total wins 806/888
23:50:38 [889/5100] episode 47504781068904: hp 42->25 | total wins 807/889
23:50:38 [890/5100] episode 47504781071406: hp 10->lost | total wins 807/890
23:50:39 [891/5100] episode 47504781070404: hp 27->11 | total wins 808/891
23:50:40 [892/5100] episode 47504781070904: hp 68->57 | total wins 809/892
23:50:40 [893/5100] episode 47504781071601: hp 64->52 | total wins 810/893
23:50:40 [894/5100] episode 47504781072403: hp 73->41 | total wins 811/894
23:50:40 [895/5100] episode 47504781070802: hp 74->34 | total wins 812/895
23:50:40 [896/5100] episode 47504781071803: hp 72->26 | total wins 813/896
23:50:40 [897/5100] episode 47504781069903: hp 49->31 | total wins 814/897
23:50:41 [898/5100] episode 47504781067404: hp 59->14 | total wins 815/898
23:50:41 [899/5100] episode 47504781074605: hp 10->lost | total wins 815/899
23:50:42 [900/5100] episode 47504781073801: hp 61->13 | total wins 816/900
23:50:42 [901/5100] episode 47504781072704: hp 72->56 | total wins 817/901
23:50:42 [902/5100] episode 47504781066903: hp 47->lost | total wins 817/902
23:50:43 [903/5100] episode 47504781073903: hp 55->50 | total wins 818/903
23:50:43 [904/5100] episode 47504781070905: hp 44->lost | total wins 818/904
23:50:44 [905/5100] episode 47504781074705: hp 73->54 | total wins 819/905
23:50:44 [906/5100] episode 47504781071903: hp 67->52 | total wins 820/906
23:50:44 [907/5100] episode 47504781074806: hp 41->11 | total wins 821/907
23:50:45 [908/5100] episode 47504781075605: hp 54->54 | total wins 822/908
23:50:45 [909/5100] episode 47504781074803: hp 63->28 | total wins 823/909
23:50:45 episode 47504781076403 skipped: replay diverged from the stored fight: ns": [[1, 0, 0, 1, 1, 1, 0, 3, 3, 2, 1, 2, 2], [2, 0, 0, 0, 0, 1, 1], [2, 1, 1, 0, 1, 1, 1, 1, 1, 0]], "random_potions": true, "samples": [{"episode_id": 47504781076403000, "starting_hp": 73}], "teacher": {"leaf": "guided_rollout", : fight_resample_worker: stored actions don't fit the replayed fight
23:50:46 [910/5100] episode 47504781075901: hp 35->lost | total wins 823/910
23:50:47 [911/5100] episode 47504781071403: hp 52->13 | total wins 824/911
23:50:47 [912/5100] episode 47504781072404: hp 59->4 | total wins 825/912
23:50:47 [913/5100] episode 47504781074706: hp 67->57 | total wins 826/913
23:50:47 [914/5100] episode 47504781077605: hp 28->12 | total wins 827/914
23:50:47 [915/5100] episode 47504781075902: hp 29->11 | total wins 828/915
23:50:48 [916/5100] episode 47504781073405: hp 64->29 | total wins 829/916
23:50:48 [917/5100] episode 47504781075804: hp 61->21 | total wins 830/917
23:50:48 [918/5100] episode 47504781077906: hp 34->19 | total wins 831/918
23:50:49 [919/5100] episode 47504781074904: hp 47->22 | total wins 832/919
23:50:49 [920/5100] episode 47504781077603: hp 70->19 | total wins 833/920
23:50:49 [921/5100] episode 47504781078604: hp 25->19 | total wins 834/921
23:50:49 [922/5100] episode 47504781076702: hp 42->lost | total wins 834/922
23:50:51 [923/5100] episode 47504781078903: hp 58->36 | total wins 835/923
23:50:51 [924/5100] episode 47504781079603: hp 47->11 | total wins 836/924
23:50:51 [925/5100] episode 47504781075803: hp 75->50 | total wins 837/925
23:50:52 [926/5100] episode 47504781079707: hp 55->39 | total wins 838/926
23:50:52 [927/5100] episode 47504781079404: hp 30->lost | total wins 838/927
23:50:53 [928/5100] episode 47504781079804: hp 36->3 | total wins 839/928
23:50:53 [929/5100] episode 47504781076602: hp 26->lost | total wins 839/929
23:50:54 [930/5100] episode 47504781078602: hp 75->55 | total wins 840/930
23:50:54 [931/5100] episode 47504781080706: hp 12->lost | total wins 840/931
23:50:54 [932/5100] episode 47504781078805: hp 68->28 | total wins 841/932
23:50:54 [933/5100] episode 47504781077702: hp 62->lost | total wins 841/933
23:50:55 [934/5100] episode 47504781080903: hp 21->lost | total wins 841/934
23:50:56 [935/5100] episode 47504781083705: hp 71->58 | total wins 842/935
23:50:56 [936/5100] episode 47504781079904: hp 74->44 | total wins 843/936
23:50:57 [937/5100] episode 47504781080703: hp 61->9 | total wins 844/937
23:50:57 [938/5100] episode 47504781081902: hp 73->28 | total wins 845/938
23:50:58 [939/5100] episode 47504781080803: hp 70->39 | total wins 846/939
23:50:58 [940/5100] episode 47504781082402: hp 62->43 | total wins 847/940
23:50:58 [941/5100] episode 47504781082702: hp 64->40 | total wins 848/941
23:50:58 [942/5100] episode 47504781075702: hp 72->30 | total wins 849/942
23:50:58 [943/5100] episode 47504781084604: hp 47->35 | total wins 850/943
23:50:58 [944/5100] episode 47504781084402: hp 60->53 | total wins 851/944
23:50:59 [945/5100] episode 47504781086706: hp 57->36 | total wins 852/945
23:50:59 [946/5100] episode 47504781085403: hp 61->31 | total wins 853/946
23:51:00 [947/5100] episode 47504781081703: hp 65->49 | total wins 854/947
23:51:00 [948/5100] episode 47504781085601: hp 45->19 | total wins 855/948
23:51:00 [949/5100] episode 47504781086903: hp 45->29 | total wins 856/949
23:51:00 [950/5100] episode 47504781077903: hp 65->25 | total wins 857/950
23:51:01 [951/5100] episode 47504781087603: hp 74->52 | total wins 858/951
23:51:01 [952/5100] episode 47504781084704: hp 55->23 | total wins 859/952
23:51:01 [953/5100] episode 47504781087805: hp 35->3 | total wins 860/953
23:51:02 [954/5100] episode 47504781086802: hp 60->34 | total wins 861/954
23:51:03 [955/5100] episode 47504781085804: hp 58->52 | total wins 862/955
23:51:04 [956/5100] episode 47504781078803: hp 75->37 | total wins 863/956
23:51:04 [957/5100] episode 47504781085903: hp 74->34 | total wins 864/957
23:51:04 episode 47504781091704 skipped: replay diverged from the stored fight: ns": [[1, 2, 0, 0, 0, 0, 0, 1, 0], [2, 4, 1, 0, 3, 4, 0, 1, 0], [0, 1, 1, 0, 0, 1, 1, 1, 1], [0, 0, 0, 1, 2, 1, 0, 2, 0, 3, 0, 0, 0, 1, 2, 2, 2, 2, 2, 0, 1, 1]], "random_potions": true, "samples": [{"episode_id": 47504781091704000, : fight_resample_worker: stored actions don't fit the replayed fight
23:51:05 [958/5100] episode 47504781087905: hp 75->58 | total wins 865/958
23:51:05 [959/5100] episode 47504781088802: hp 75->39 | total wins 866/959
23:51:05 [960/5100] episode 47504781088605: hp 42->30 | total wins 867/960
23:51:05 [961/5100] episode 47504781087704: hp 42->32 | total wins 868/961
23:51:06 [962/5100] episode 47504781090605: hp 82->62 | total wins 869/962
23:51:06 [963/5100] episode 47504781083902: hp 71->6 | total wins 870/963
23:51:06 [964/5100] episode 47504781092404: hp 36->22 | total wins 871/964
23:51:07 [965/5100] episode 47504781088903: hp 35->25 | total wins 872/965
23:51:08 [966/5100] episode 47504781092604: hp 47->31 | total wins 873/966
23:51:10 [967/5100] episode 47504781091903: hp 53->19 | total wins 874/967
23:51:10 [968/5100] episode 47504781089704: hp 46->lost | total wins 874/968
23:51:11 [969/5100] episode 47504781092802: hp 34->2 | total wins 875/969
23:51:11 [970/5100] episode 47504781089902: hp 41->lost | total wins 875/970
23:51:12 [971/5100] episode 47504781093703: hp 75->47 | total wins 876/971
23:51:12 [972/5100] episode 47504781092903: hp 75->8 | total wins 877/972
23:51:12 [973/5100] episode 47504781094403: hp 59->62 | total wins 878/973
23:51:12 [974/5100] episode 47504781093803: hp 75->61 | total wins 879/974
23:51:12 [975/5100] episode 47504781095406: hp 9->lost | total wins 879/975
23:51:13 [976/5100] episode 47504781091902: hp 74->3 | total wins 880/976
23:51:13 [977/5100] episode 47504781094602: hp 42->17 | total wins 881/977
23:51:14 [978/5100] episode 47504781092905: hp 60->45 | total wins 882/978
23:51:15 [979/5100] episode 47504781096904: hp 45->29 | total wins 883/979
23:51:16 [980/5100] episode 47504781092803: hp 18->lost | total wins 883/980
23:51:16 [981/5100] episode 47504781095405: hp 30->lost | total wins 883/981
23:51:16 [982/5100] episode 47504781097404: hp 57->47 | total wins 884/982
23:51:16 [983/5100] episode 47504781092403: hp 61->30 | total wins 885/983
23:51:18 [984/5100] episode 47504781091603: hp 75->31 | total wins 886/984
23:51:19 [985/5100] episode 47504781095802: hp 72->42 | total wins 887/985
23:51:19 [986/5100] episode 47504781098701: hp 37->lost | total wins 887/986
23:51:20 [987/5100] episode 47504781096602: hp 60->20 | total wins 888/987
23:51:20 [988/5100] episode 47504781099404: hp 69->40 | total wins 889/988
23:51:20 [989/5100] episode 47504781096404: hp 67->37 | total wins 890/989
23:51:21 [990/5100] episode 47504781096702: hp 73->44 | total wins 891/990
23:51:21 [991/5100] episode 47504781098905: hp 67->29 | total wins 892/991
23:51:22 [992/5100] episode 47504781099702: hp 59->19 | total wins 893/992
23:51:22 [993/5100] episode 47504781097802: hp 57->7 | total wins 894/993
23:51:23 [994/5100] episode 47504781097703: hp 30->14 | total wins 895/994
23:51:23 [995/5100] episode 47504781100704: hp 31->24 | total wins 896/995
23:51:23 episode 47504781103404 skipped: replay diverged from the stored fight: 2, 0, 0, 0], [2, 4, 0, 1, 0, 2, 0], [0, 0, 0, 0, 0, 2, 0, 1, 2, 0, 0, 1, 0], [5]], "random_potions": true, "samples": [{"episode_id": 47504781103404000, "starting_hp": 72}], "teacher": {"leaf": "guided_rollout", "simulations": fight_resample_worker: replayed fight didn't end after its stored actions
23:51:24 [996/5100] episode 47504781101804: hp 54->26 | total wins 897/996
23:51:24 [997/5100] episode 47504781102603: hp 75->33 | total wins 898/997
23:51:24 [998/5100] episode 47504781097902: hp 65->lost | total wins 898/998
23:51:25 [999/5100] episode 47504781099602: hp 70->25 | total wins 899/999
23:51:25 [1000/5100] episode 47504781098402: hp 75->24 | total wins 900/1000
23:51:26 [1001/5100] episode 47504781104706: hp 25->21 | total wins 901/1001
23:51:26 [1002/5100] episode 47504781100405: hp 36->17 | total wins 902/1002
23:51:26 [1003/5100] episode 47504781100804: hp 67->54 | total wins 903/1003
23:51:27 [1004/5100] episode 47504781104603: hp 59->39 | total wins 904/1004
23:51:27 [1005/5100] episode 47504781099904: hp 75->50 | total wins 905/1005
23:51:29 [1006/5100] episode 47504781105403: hp 75->43 | total wins 906/1006
23:51:29 [1007/5100] episode 47504781105903: hp 48->19 | total wins 907/1007
23:51:29 [1008/5100] episode 47504781104607: hp 43->34 | total wins 908/1008
23:51:30 [1009/5100] episode 47504781103705: hp 38->12 | total wins 909/1009
23:51:30 [1010/5100] episode 47504781104704: hp 55->40 | total wins 910/1010
23:51:30 [1011/5100] episode 47504781105705: hp 56->41 | total wins 911/1011
23:51:31 [1012/5100] episode 47504781101703: hp 75->65 | total wins 912/1012
23:51:32 [1013/5100] episode 47504781103603: hp 55->34 | total wins 913/1013
23:51:33 [1014/5100] episode 47504781106405: hp 74->49 | total wins 914/1014
23:51:33 [1015/5100] episode 47504781107603: hp 39->8 | total wins 915/1015
23:51:33 [1016/5100] episode 47504781107704: hp 53->25 | total wins 916/1016
23:51:33 [1017/5100] episode 47504781108404: hp 41->13 | total wins 917/1017
23:51:33 [1018/5100] episode 47504781106604: hp 58->12 | total wins 918/1018
23:51:34 [1019/5100] episode 47504781106804: hp 75->20 | total wins 919/1019
23:51:35 [1020/5100] episode 47504781105606: hp 75->22 | total wins 920/1020
23:51:35 episode 47504781108904 skipped: replay diverged from the stored fight: 0, 0, 0, 1, 0, 0, 0, 0, 1, 1], [0, 4, 4, 0, 4, 1, 1, 1, 0, 2, 0, 0, 1, 1, 0, 1, 2, 1, 0, 0, 0, 0], [1, 1, 0, 0, 2, 0, 2, 1, 0, 1, 1, 1, 0, 2, 2, 0, 1, 0], [8]], "random_potions": true, "samples": [{"episode_id": 4750478110890: fight_resample_worker: replayed fight didn't end after its stored actions
23:51:35 [1021/5100] episode 47504781102904: hp 69->22 | total wins 921/1021
23:51:36 [1022/5100] episode 47504781108405: hp 54->28 | total wins 922/1022
23:51:36 [1023/5100] episode 47504781109403: hp 34->7 | total wins 923/1023
23:51:37 [1024/5100] episode 47504781109602: hp 56->20 | total wins 924/1024
23:51:37 [1025/5100] episode 47504781105605: hp 58->lost | total wins 924/1025
23:51:38 [1026/5100] episode 47504781108706: hp 73->55 | total wins 925/1026
23:51:38 [1027/5100] episode 47504781105906: hp 57->36 | total wins 926/1027
23:51:39 [1028/5100] episode 47504781109804: hp 75->53 | total wins 927/1028
23:51:39 [1029/5100] episode 47504781109703: hp 65->41 | total wins 928/1029
23:51:39 [1030/5100] episode 47504781108703: hp 52->7 | total wins 929/1030
23:51:40 [1031/5100] episode 47504781108802: hp 72->lost | total wins 929/1031
23:51:40 [1032/5100] episode 47504781106903: hp 50->lost | total wins 929/1032
23:51:40 [1033/5100] episode 47504781110804: hp 75->64 | total wins 930/1033
23:51:42 [1034/5100] episode 47504781109603: hp 35->13 | total wins 931/1034
23:51:44 [1035/5100] episode 47504781109806: hp 43->27 | total wins 932/1035
23:51:44 [1036/5100] episode 47504781111802: hp 46->30 | total wins 933/1036
23:51:45 [1037/5100] episode 47504781110604: hp 50->20 | total wins 934/1037
23:51:46 [1038/5100] episode 47504781111404: hp 61->36 | total wins 935/1038
23:51:47 [1039/5100] episode 47504781110603: hp 75->39 | total wins 936/1039
23:51:47 [1040/5100] episode 47504781109905: hp 49->27 | total wins 937/1040
23:51:48 [1041/5100] episode 47504781112804: hp 65->49 | total wins 938/1041
23:51:49 [1042/5100] episode 47504781111704: hp 72->37 | total wins 939/1042
23:51:49 [1043/5100] episode 47504781111903: hp 66->56 | total wins 940/1043
23:51:49 [1044/5100] episode 47504781108602: hp 52->7 | total wins 941/1044
23:51:49 [1045/5100] episode 47504781112903: hp 60->48 | total wins 942/1045
23:51:49 [1046/5100] episode 47504781112705: hp 32->lost | total wins 942/1046
23:51:51 [1047/5100] episode 47504781113404: hp 61->46 | total wins 943/1047
23:51:51 [1048/5100] episode 47504781108903: hp 61->28 | total wins 944/1048
23:51:52 [1049/5100] episode 47504781113905: hp 62->46 | total wins 945/1049
23:51:52 [1050/5100] episode 47504781114403: hp 25->1 | total wins 946/1050
23:51:53 [1051/5100] episode 47504781109902: hp 75->43 | total wins 947/1051
23:51:53 [1052/5100] episode 47504781113702: hp 26->1 | total wins 948/1052
23:51:54 [1053/5100] episode 47504781113805: hp 50->31 | total wins 949/1053
23:51:54 [1054/5100] episode 47504781114402: hp 66->36 | total wins 950/1054
23:51:54 [1055/5100] episode 47504781114602: hp 74->36 | total wins 951/1055
23:51:55 [1056/5100] episode 47504781115802: hp 15->lost | total wins 951/1056
23:51:55 [1057/5100] episode 47504781113407: hp 45->21 | total wins 952/1057
23:51:56 [1058/5100] episode 47504781116604: hp 64->54 | total wins 953/1058
23:51:56 [1059/5100] episode 47504781117903: hp 75->55 | total wins 954/1059
23:51:56 [1060/5100] episode 47504781110403: hp 66->42 | total wins 955/1060
23:51:57 [1061/5100] episode 47504781118703: hp 58->42 | total wins 956/1061
23:51:57 [1062/5100] episode 47504781112602: hp 75->38 | total wins 957/1062
23:51:57 [1063/5100] episode 47504781118603: hp 66->66 | total wins 958/1063
23:51:57 [1064/5100] episode 47504781113405: hp 37->22 | total wins 959/1064
23:51:58 [1065/5100] episode 47504781115704: hp 45->24 | total wins 960/1065
23:51:58 [1066/5100] episode 47504781119406: hp 80->66 | total wins 961/1066
23:51:58 [1067/5100] episode 47504781116602: hp 62->27 | total wins 962/1067
23:51:58 [1068/5100] episode 47504781115903: hp 72->22 | total wins 963/1068
23:51:59 [1069/5100] episode 47504781119802: hp 67->53 | total wins 964/1069
23:51:59 [1070/5100] episode 47504781118903: hp 64->44 | total wins 965/1070
23:52:00 [1071/5100] episode 47504781120403: hp 71->39 | total wins 966/1071
23:52:00 [1072/5100] episode 47504781119804: hp 49->22 | total wins 967/1072
23:52:02 [1073/5100] episode 47504781115403: hp 71->36 | total wins 968/1073
23:52:02 [1074/5100] episode 47504781120601: hp 62->34 | total wins 969/1074
23:52:02 [1075/5100] episode 47504781121604: hp 60->45 | total wins 970/1075
23:52:02 [1076/5100] episode 47504781114603: hp 34->11 | total wins 971/1076
23:52:03 [1077/5100] episode 47504781120802: hp 62->2 | total wins 972/1077
23:52:03 [1078/5100] episode 47504781118401: hp 61->26 | total wins 973/1078
23:52:03 [1079/5100] episode 47504781123702: hp 34->18 | total wins 974/1079
23:52:04 [1080/5100] episode 47504781119407: hp 80->55 | total wins 975/1080
23:52:04 [1081/5100] episode 47504781121803: hp 63->19 | total wins 976/1081
23:52:04 [1082/5100] episode 47504781121402: hp 54->14 | total wins 977/1082
23:52:05 [1083/5100] episode 47504781121605: hp 50->30 | total wins 978/1083
23:52:05 [1084/5100] episode 47504781124803: hp 20->lost | total wins 978/1084
23:52:05 [1085/5100] episode 47504781119902: hp 56->lost | total wins 978/1085
23:52:06 [1086/5100] episode 47504781123804: hp 47->45 | total wins 979/1086
23:52:06 episode 47504781125703 skipped: replay diverged from the stored fight: 0, 1, 0, 0, 1, 0, 0, 1, 0], [1, 1, 1, 1, 0, 0, 1, 0, 0], [0, 1, 0, 1, 1, 1, 1, 1, 1]], "random_potions": true, "samples": [{"episode_id": 47504781125703000, "starting_hp": 75}], "teacher": {"leaf": "guided_rollout", "simulati: fight_resample_worker: replayed fight didn't end after its stored actions
23:52:06 [1087/5100] episode 47504781122404: hp 27->lost | total wins 979/1087
23:52:06 [1088/5100] episode 47504781123703: hp 45->5 | total wins 980/1088
23:52:07 [1089/5100] episode 47504781124903: hp 53->29 | total wins 981/1089
23:52:07 [1090/5100] episode 47504781126403: hp 25->lost | total wins 981/1090
23:52:07 [1091/5100] episode 47504781125904: hp 43->17 | total wins 982/1091
23:52:08 [1092/5100] episode 47504781126706: hp 64->36 | total wins 983/1092
23:52:08 [1093/5100] episode 47504781121902: hp 44->lost | total wins 983/1093
23:52:09 [1094/5100] episode 47504781125606: hp 54->38 | total wins 984/1094
23:52:10 [1095/5100] episode 47504781122903: hp 71->31 | total wins 985/1095
23:52:10 [1096/5100] episode 47504781120703: hp 34->20 | total wins 986/1096
23:52:11 [1097/5100] episode 47504781122803: hp 44->12 | total wins 987/1097
23:52:11 [1098/5100] episode 47504781128403: hp 16->16 | total wins 988/1098
23:52:11 [1099/5100] episode 47504781127704: hp 41->8 | total wins 989/1099
23:52:13 [1100/5100] episode 47504781124602: hp 60->42 | total wins 990/1100
23:52:13 [1101/5100] episode 47504781126905: hp 32->lost | total wins 990/1101
23:52:14 [1102/5100] episode 47504781126803: hp 75->48 | total wins 991/1102
23:52:15 [1103/5100] episode 47504781129605: hp 26->12 | total wins 992/1103
23:52:15 [1104/5100] episode 47504781128402: hp 67->18 | total wins 993/1104
23:52:15 [1105/5100] episode 47504781127802: hp 58->38 | total wins 994/1105
23:52:15 [1106/5100] episode 47504781129803: hp 62->30 | total wins 995/1106
23:52:18 [1107/5100] episode 47504781129902: hp 64->32 | total wins 996/1107
23:52:19 [1108/5100] episode 47504781130805: hp 27->1 | total wins 997/1108
23:52:19 [1109/5100] episode 47504781128602: hp 75->49 | total wins 998/1109
23:52:19 [1110/5100] episode 47504781125402: hp 35->6 | total wins 999/1110
23:52:19 [1111/5100] episode 47504781127903: hp 75->35 | total wins 1000/1111
23:52:20 [1112/5100] episode 47504781129805: hp 40->7 | total wins 1001/1112
23:52:21 [1113/5100] episode 47504781129705: hp 49->39 | total wins 1002/1113
23:52:21 [1114/5100] episode 47504781131702: hp 51->22 | total wins 1003/1114
23:52:23 [1115/5100] episode 47504781130804: hp 58->38 | total wins 1004/1115
23:52:23 [1116/5100] episode 47504781133403: hp 75->64 | total wins 1005/1116
23:52:23 [1117/5100] episode 47504781131402: hp 64->19 | total wins 1006/1117
23:52:23 [1118/5100] episode 47504781133803: hp 51->51 | total wins 1007/1118
23:52:24 [1119/5100] episode 47504781132601: hp 41->lost | total wins 1007/1119
23:52:24 [1120/5100] episode 47504781130905: hp 59->34 | total wins 1008/1120
23:52:25 [1121/5100] episode 47504781128904: hp 54->2 | total wins 1009/1121
23:52:25 [1122/5100] episode 47504781134703: hp 75->73 | total wins 1010/1122
23:52:26 [1123/5100] episode 47504781129604: hp 75->33 | total wins 1011/1123
23:52:26 [1124/5100] episode 47504781131602: hp 68->11 | total wins 1012/1124
23:52:26 [1125/5100] episode 47504781134404: hp 33->3 | total wins 1013/1125
23:52:26 [1126/5100] episode 47504781135902: hp 31->15 | total wins 1014/1126
23:52:27 [1127/5100] episode 47504781126703: hp 75->23 | total wins 1015/1127
23:52:27 [1128/5100] episode 47504781134905: hp 60->38 | total wins 1016/1128
23:52:27 [1129/5100] episode 47504781132706: hp 75->39 | total wins 1017/1129
23:52:27 [1130/5100] episode 47504781136405: hp 14->2 | total wins 1018/1130
23:52:28 [1131/5100] episode 47504781134604: hp 82->67 | total wins 1019/1131
23:52:28 [1132/5100] episode 47504781135703: hp 47->31 | total wins 1020/1132
23:52:28 [1133/5100] episode 47504781132402: hp 49->lost | total wins 1020/1133
23:52:29 [1134/5100] episode 47504781137406: hp 6->lost | total wins 1020/1134
23:52:29 [1135/5100] episode 47504781136903: hp 49->4 | total wins 1021/1135
23:52:29 [1136/5100] episode 47504781137903: hp 45->29 | total wins 1022/1136
23:52:29 [1137/5100] episode 47504781137403: hp 60->25 | total wins 1023/1137
23:52:30 [1138/5100] episode 47504781135403: hp 42->lost | total wins 1023/1138
23:52:31 [1139/5100] episode 47504781136702: hp 75->53 | total wins 1024/1139
23:52:31 [1140/5100] episode 47504781135904: hp 41->21 | total wins 1025/1140
23:52:31 [1141/5100] episode 47504781138804: hp 67->35 | total wins 1026/1141
23:52:32 [1142/5100] episode 47504781139603: hp 1->lost | total wins 1026/1142
23:52:32 [1143/5100] episode 47504781137704: hp 70->52 | total wins 1027/1143
23:52:33 [1144/5100] episode 47504781136804: hp 42->25 | total wins 1028/1144
23:52:33 [1145/5100] episode 47504781138404: hp 41->lost | total wins 1028/1145
23:52:33 [1146/5100] episode 47504781140403: hp 40->9 | total wins 1029/1146
23:52:34 [1147/5100] episode 47504781138705: hp 55->37 | total wins 1030/1147
23:52:35 [1148/5100] episode 47504781137803: hp 50->30 | total wins 1031/1148
23:52:35 [1149/5100] episode 47504781139802: hp 42->lost | total wins 1031/1149
23:52:35 [1150/5100] episode 47504781140402: hp 28->17 | total wins 1032/1150
23:52:36 [1151/5100] episode 47504781138903: hp 58->33 | total wins 1033/1151
23:52:36 [1152/5100] episode 47504781138703: hp 60->lost | total wins 1033/1152
23:52:36 [1153/5100] episode 47504781141404: hp 52->36 | total wins 1034/1153
23:52:36 [1154/5100] episode 47504781140805: hp 33->17 | total wins 1035/1154
23:52:36 [1155/5100] episode 47504781139705: hp 30->lost | total wins 1035/1155
23:52:36 [1156/5100] episode 47504781141903: hp 39->23 | total wins 1036/1156
23:52:37 episode 47504781142903 skipped: replay diverged from the stored fight: 1, 0, 0, 0, 1, 0, 0, 0, 0, 0, 0, 2, 0], [7, 0, 6, 4, 1, 0, 1, 1, 1, 0, 0, 1, 1, 0, 2, 2, 0, 0, 2], [3]], "random_potions": true, "samples": [{"episode_id": 47504781142903000, "starting_hp": 75}], "teacher": {"leaf": "guided_r: fight_resample_worker: replayed fight didn't end after its stored actions
23:52:37 [1157/5100] episode 47504781142403: hp 75->59 | total wins 1037/1157
23:52:38 [1158/5100] episode 47504781138604: hp 41->19 | total wins 1038/1158
23:52:38 [1159/5100] episode 47504781141905: hp 46->34 | total wins 1039/1159
23:52:38 [1160/5100] episode 47504781143802: hp 75->43 | total wins 1040/1160
23:52:39 [1161/5100] episode 47504781142805: hp 53->37 | total wins 1041/1161
23:52:40 [1162/5100] episode 47504781143906: hp 44->44 | total wins 1042/1162
23:52:40 [1163/5100] episode 47504781141403: hp 62->13 | total wins 1043/1163
23:52:41 [1164/5100] episode 47504781144802: hp 75->35 | total wins 1044/1164
23:52:41 [1165/5100] episode 47504781144702: hp 44->lost | total wins 1044/1165
23:52:42 [1166/5100] episode 47504781138806: hp 62->37 | total wins 1045/1166
23:52:42 [1167/5100] episode 47504781145903: hp 61->49 | total wins 1046/1167
23:52:42 [1168/5100] episode 47504781140703: hp 63->33 | total wins 1047/1168
23:52:43 [1169/5100] episode 47504781141602: hp 57->13 | total wins 1048/1169
23:52:43 [1170/5100] episode 47504781142703: hp 75->20 | total wins 1049/1170
23:52:43 [1171/5100] episode 47504781146403: hp 42->lost | total wins 1049/1171
23:52:43 [1172/5100] episode 47504781146602: hp 53->47 | total wins 1050/1172
23:52:44 [1173/5100] episode 47504781141803: hp 75->lost | total wins 1050/1173
23:52:44 [1174/5100] episode 47504781146903: hp 74->58 | total wins 1051/1174
23:52:45 [1175/5100] episode 47504781146803: hp 48->26 | total wins 1052/1175
23:52:45 [1176/5100] episode 47504781147403: hp 22->lost | total wins 1052/1176
23:52:45 episode 47504781148703 skipped: replay diverged from the stored fight: 2, 0, 1, 0, 1, 0, 0, 1], [3], [1, 2, 0, 0, 1, 0, 0, 1, 1, 1, 0, 0, 3, 0, 0, 0]], "random_potions": true, "samples": [{"episode_id": 47504781148703000, "starting_hp": 67}], "teacher": {"leaf": "guided_rollout", "simulations": : fight_resample_worker: replayed fight didn't end after its stored actions
23:52:45 episode 47504781148704 skipped: replay diverged from the stored fight: 2, 0, 1, 0, 1, 0, 0, 1], [3], [1, 2, 0, 0, 1, 0, 0, 1, 1, 1, 0, 0, 3, 0, 0, 0], [0, 2, 0, 0, 1, 0, 2, 2, 2, 1, 0, 0, 1, 1, 1, 0, 1, 2]], "random_potions": true, "samples": [{"episode_id": 47504781148704000, "starting_hp": 57}: fight_resample_worker: replayed fight didn't end after its stored actions
23:52:45 [1177/5100] episode 47504781147603: hp 71->41 | total wins 1053/1177
23:52:45 [1178/5100] episode 47504781143804: hp 36->11 | total wins 1054/1178
23:52:45 [1179/5100] episode 47504781146605: hp 75->60 | total wins 1055/1179
23:52:46 [1180/5100] episode 47504781150403: hp 45->36 | total wins 1056/1180
23:52:47 [1181/5100] episode 47504781148803: hp 40->20 | total wins 1057/1181
23:52:47 [1182/5100] episode 47504781147703: hp 8->lost | total wins 1057/1182
23:52:48 [1183/5100] episode 47504781146905: hp 51->48 | total wins 1058/1183
23:52:48 [1184/5100] episode 47504781145705: hp 66->52 | total wins 1059/1184
23:52:49 [1185/5100] episode 47504781150704: hp 28->lost | total wins 1059/1185
23:52:49 [1186/5100] episode 47504781147905: hp 38->16 | total wins 1060/1186
23:52:49 [1187/5100] episode 47504781150404: hp 67->47 | total wins 1061/1187
23:52:50 [1188/5100] episode 47504781151703: hp 61->43 | total wins 1062/1188
23:52:52 [1189/5100] episode 47504781151604: hp 56->41 | total wins 1063/1189
23:52:53 [1190/5100] episode 47504781150703: hp 39->2 | total wins 1064/1190
23:52:53 [1191/5100] episode 47504781148904: hp 62->47 | total wins 1065/1191
23:52:54 [1192/5100] episode 47504781153402: hp 58->26 | total wins 1066/1192
23:52:55 [1193/5100] episode 47504781150803: hp 71->67 | total wins 1067/1193
23:52:55 [1194/5100] episode 47504781149906: hp 69->58 | total wins 1068/1194
23:52:56 [1195/5100] episode 47504781153802: hp 56->21 | total wins 1069/1195
23:52:56 [1196/5100] episode 47504781153605: hp 46->19 | total wins 1070/1196
23:52:56 [1197/5100] episode 47504781144903: hp 72->48 | total wins 1071/1197
23:52:57 [1198/5100] episode 47504781154703: hp 42->12 | total wins 1072/1198
23:52:59 [1199/5100] episode 47504781154901: hp 75->25 | total wins 1073/1199
23:52:59 [1200/5100] episode 47504781151801: hp 64->20 | total wins 1074/1200
23:53:00 [1201/5100] episode 47504781146702: hp 68->24 | total wins 1075/1201
23:53:00 [1202/5100] episode 47504781145802: hp 46->33 | total wins 1076/1202
23:53:01 [1203/5100] episode 47504781151903: hp 57->11 | total wins 1077/1203
23:53:01 [1204/5100] episode 47504781155803: hp 50->34 | total wins 1078/1204
23:53:01 [1205/5100] episode 47504781153903: hp 65->45 | total wins 1079/1205
23:53:02 [1206/5100] episode 47504781154803: hp 75->55 | total wins 1080/1206
23:53:02 [1207/5100] episode 47504781154706: hp 57->32 | total wins 1081/1207
23:53:02 [1208/5100] episode 47504781156404: hp 69->53 | total wins 1082/1208
23:53:03 [1209/5100] episode 47504781153602: hp 73->36 | total wins 1083/1209
23:53:03 [1210/5100] episode 47504781156604: hp 56->53 | total wins 1084/1210
23:53:04 [1211/5100] episode 47504781152903: hp 67->52 | total wins 1085/1211
23:53:04 [1212/5100] episode 47504781157703: hp 75->26 | total wins 1086/1212
23:53:05 [1213/5100] episode 47504781155805: hp 46->36 | total wins 1087/1213
23:53:06 [1214/5100] episode 47504781155607: hp 31->16 | total wins 1088/1214
23:53:06 [1215/5100] episode 47504781154904: hp 50->43 | total wins 1089/1215
23:53:06 [1216/5100] episode 47504781155402: hp 66->61 | total wins 1090/1216
23:53:07 [1217/5100] episode 47504781158404: hp 53->37 | total wins 1091/1217
23:53:07 [1218/5100] episode 47504781158606: hp 33->33 | total wins 1092/1218
23:53:08 [1219/5100] episode 47504781157803: hp 70->45 | total wins 1093/1219
23:53:08 [1220/5100] episode 47504781158804: hp 56->40 | total wins 1094/1220
23:53:08 [1221/5100] episode 47504781157402: hp 75->23 | total wins 1095/1221
23:53:10 [1222/5100] episode 47504781158405: hp 44->24 | total wins 1096/1222
23:53:10 [1223/5100] episode 47504781157904: hp 68->43 | total wins 1097/1223
23:53:10 [1224/5100] episode 47504781158703: hp 65->1 | total wins 1098/1224
23:53:11 [1225/5100] episode 47504781157805: hp 50->15 | total wins 1099/1225
23:53:12 [1226/5100] episode 47504781159605: hp 14->lost | total wins 1099/1226
23:53:13 [1227/5100] episode 47504781157705: hp 56->53 | total wins 1100/1227
23:53:13 episode 47504781159902 skipped: replay diverged from the stored fight: ns": [[3, 1, 0, 3, 1, 0, 0, 0, 0, 0, 1, 0, 0, 1], [0, 0, 2, 1, 0, 1, 1, 1, 1, 0, 1, 0]], "random_potions": true, "samples": [{"episode_id": 47504781159902000, "starting_hp": 75}], "teacher": {"leaf": "guided_rollout", "simulations":: fight_resample_worker: stored actions don't fit the replayed fight
23:53:14 [1228/5100] episode 47504781159806: hp 41->28 | total wins 1101/1228
23:53:14 [1229/5100] episode 47504781158407: hp 58->53 | total wins 1102/1229
23:53:14 [1230/5100] episode 47504781155604: hp 74->58 | total wins 1103/1230
23:53:14 [1231/5100] episode 47504781159403: hp 72->48 | total wins 1104/1231
23:53:15 [1232/5100] episode 47504781160805: hp 76->63 | total wins 1105/1232
23:53:16 [1233/5100] episode 47504781159704: hp 66->30 | total wins 1106/1233
23:53:16 [1234/5100] episode 47504781158902: hp 56->10 | total wins 1107/1234
23:53:16 [1235/5100] episode 47504781160803: hp 43->3 | total wins 1108/1235
23:53:17 [1236/5100] episode 47504781153806: hp 75->65 | total wins 1109/1236
23:53:18 [1237/5100] episode 47504781159805: hp 56->29 | total wins 1110/1237
23:53:18 [1238/5100] episode 47504781159807: hp 33->3 | total wins 1111/1238
23:53:19 [1239/5100] episode 47504781158704: hp 26->21 | total wins 1112/1239
23:53:19 [1240/5100] episode 47504781161902: hp 70->40 | total wins 1113/1240
23:53:19 [1241/5100] episode 47504781160903: hp 67->27 | total wins 1114/1241
23:53:19 [1242/5100] episode 47504781163702: hp 51->41 | total wins 1115/1242
23:53:20 [1243/5100] episode 47504781160604: hp 51->51 | total wins 1116/1243
23:53:20 [1244/5100] episode 47504781163704: hp 41->16 | total wins 1117/1244
23:53:20 [1245/5100] episode 47504781162404: hp 58->23 | total wins 1118/1245
23:53:21 [1246/5100] episode 47504781161402: hp 59->32 | total wins 1119/1246
23:53:22 [1247/5100] episode 47504781162803: hp 75->55 | total wins 1120/1247
23:53:22 [1248/5100] episode 47504781165803: hp 68->52 | total wins 1121/1248
23:53:22 [1249/5100] episode 47504781165401: hp 38->lost | total wins 1121/1249
23:53:22 [1250/5100] episode 47504781161702: hp 59->34 | total wins 1122/1250
23:53:22 [1251/5100] episode 47504781160403: hp 60->40 | total wins 1123/1251
23:53:23 [1252/5100] episode 47504781164404: hp 45->19 | total wins 1124/1252
23:53:24 [1253/5100] episode 47504781165905: hp 11->lost | total wins 1124/1253
23:53:24 [1254/5100] episode 47504781166703: hp 74->31 | total wins 1125/1254
23:53:24 [1255/5100] episode 47504781164402: hp 59->13 | total wins 1126/1255
23:53:27 [1256/5100] episode 47504781161904: hp 51->37 | total wins 1127/1256
23:53:28 [1257/5100] episode 47504781165904: hp 43->21 | total wins 1128/1257
23:53:29 [1258/5100] episode 47504781168702: hp 75->59 | total wins 1129/1258
23:53:29 [1259/5100] episode 47504781166905: hp 35->6 | total wins 1130/1259
23:53:30 [1260/5100] episode 47504781164701: hp 67->41 | total wins 1131/1260
23:53:30 [1261/5100] episode 47504781169602: hp 48->16 | total wins 1132/1261
23:53:30 [1262/5100] episode 47504781169702: hp 69->69 | total wins 1133/1262
23:53:30 [1263/5100] episode 47504781165703: hp 34->2 | total wins 1134/1263
23:53:31 [1264/5100] episode 47504781164904: hp 75->44 | total wins 1135/1264
23:53:31 [1265/5100] episode 47504781166903: hp 69->34 | total wins 1136/1265
23:53:31 [1266/5100] episode 47504781167607: hp 34->18 | total wins 1137/1266
23:53:31 [1267/5100] episode 47504781167604: hp 73->52 | total wins 1138/1267
23:53:32 [1268/5100] episode 47504781170801: hp 67->51 | total wins 1139/1268
23:53:32 [1269/5100] episode 47504781170904: hp 66->58 | total wins 1140/1269
23:53:32 [1270/5100] episode 47504781169804: hp 65->35 | total wins 1141/1270
23:53:32 episode 47504781172402 skipped: replay diverged from the stored fight: ns": [[2, 2, 2, 1, 0, 0, 0, 0, 1], [0, 0, 2, 2, 2, 1, 2]], "random_potions": true, "samples": [{"episode_id": 47504781172402000, "starting_hp": 60}], "teacher": {"leaf": "guided_rollout", "simulations": 20000, "oracle": false, "rand: fight_resample_worker: stored actions don't fit the replayed fight
23:53:34 [1271/5100] episode 47504781167907: hp 73->43 | total wins 1142/1271
23:53:35 [1272/5100] episode 47504781170605: hp 7->12 | total wins 1143/1272
23:53:35 [1273/5100] episode 47504781170403: hp 47->lost | total wins 1143/1273
23:53:36 [1274/5100] episode 47504781168904: hp 35->lost | total wins 1143/1274
23:53:36 [1275/5100] episode 47504781171703: hp 22->10 | total wins 1144/1275
23:53:36 [1276/5100] episode 47504781171904: hp 44->20 | total wins 1145/1276
23:53:36 [1277/5100] episode 47504781172703: hp 75->47 | total wins 1146/1277
23:53:36 [1278/5100] episode 47504781168605: hp 58->14 | total wins 1147/1278
23:53:37 [1279/5100] episode 47504781171803: hp 43->7 | total wins 1148/1279
23:53:37 [1280/5100] episode 47504781175604: hp 65->65 | total wins 1149/1280
23:53:37 [1281/5100] episode 47504781168703: hp 47->22 | total wins 1150/1281
23:53:37 [1282/5100] episode 47504781171603: hp 33->8 | total wins 1151/1282
23:53:38 [1283/5100] episode 47504781175803: hp 31->6 | total wins 1152/1283
23:53:38 [1284/5100] episode 47504781173904: hp 53->8 | total wins 1153/1284
23:53:38 [1285/5100] episode 47504781172906: hp 41->33 | total wins 1154/1285
23:53:39 [1286/5100] episode 47504781175706: hp 23->10 | total wins 1155/1286
23:53:39 [1287/5100] episode 47504781172905: hp 40->25 | total wins 1156/1287
23:53:40 [1288/5100] episode 47504781177705: hp 1->1 | total wins 1157/1288
23:53:40 [1289/5100] episode 47504781177604: hp 59->24 | total wins 1158/1289
23:53:42 [1290/5100] episode 47504781172803: hp 75->45 | total wins 1159/1290
23:53:42 [1291/5100] episode 47504781176604: hp 75->60 | total wins 1160/1291
23:53:42 [1292/5100] episode 47504781178602: hp 45->21 | total wins 1161/1292
23:53:42 [1293/5100] episode 47504781179404: hp 75->59 | total wins 1162/1293
23:53:42 [1294/5100] episode 47504781174806: hp 57->27 | total wins 1163/1294
23:53:43 [1295/5100] episode 47504781176403: hp 45->35 | total wins 1164/1295
23:53:43 [1296/5100] episode 47504781179803: hp 45->15 | total wins 1165/1296
23:53:43 [1297/5100] episode 47504781177402: hp 63->30 | total wins 1166/1297
23:53:43 [1298/5100] episode 47504781179603: hp 48->36 | total wins 1167/1298
23:53:44 [1299/5100] episode 47504781181703: hp 64->50 | total wins 1168/1299
23:53:44 [1300/5100] episode 47504781177802: hp 48->lost | total wins 1168/1300
23:53:44 [1301/5100] episode 47504781173803: hp 52->41 | total wins 1169/1301
23:53:45 [1302/5100] episode 47504781180404: hp 70->56 | total wins 1170/1302
23:53:45 [1303/5100] episode 47504781181403: hp 27->lost | total wins 1170/1303
23:53:46 [1304/5100] episode 47504781176703: hp 66->2 | total wins 1171/1304
23:53:46 [1305/5100] episode 47504781183903: hp 75->59 | total wins 1172/1305
23:53:46 [1306/5100] episode 47504781183403: hp 75->71 | total wins 1173/1306
23:53:46 [1307/5100] episode 47504781176904: hp 58->4 | total wins 1174/1307
23:53:48 [1308/5100] episode 47504781185604: hp 54->10 | total wins 1175/1308
23:53:48 [1309/5100] episode 47504781183602: hp 60->22 | total wins 1176/1309
23:53:49 [1310/5100] episode 47504781186404: hp 56->29 | total wins 1177/1310
23:53:51 [1311/5100] episode 47504781179704: hp 54->43 | total wins 1178/1311
23:53:51 [1312/5100] episode 47504781180904: hp 75->40 | total wins 1179/1312
23:53:52 [1313/5100] episode 47504781185603: hp 75->52 | total wins 1180/1313
23:53:52 [1314/5100] episode 47504781187406: hp 35->25 | total wins 1181/1314
23:53:52 [1315/5100] episode 47504781186605: hp 47->12 | total wins 1182/1315
23:53:53 [1316/5100] episode 47504781182603: hp 49->lost | total wins 1182/1316
23:53:53 [1317/5100] episode 47504781187403: hp 65->31 | total wins 1183/1317
23:53:53 [1318/5100] episode 47504781187602: hp 49->30 | total wins 1184/1318
23:53:53 [1319/5100] episode 47504781182904: hp 54->22 | total wins 1185/1319
23:53:54 [1320/5100] episode 47504781184904: hp 69->45 | total wins 1186/1320
23:53:55 [1321/5100] episode 47504781188401: hp 69->69 | total wins 1187/1321
23:53:55 [1322/5100] episode 47504781186403: hp 67->32 | total wins 1188/1322
23:53:55 [1323/5100] episode 47504781188706: hp 41->28 | total wins 1189/1323
23:53:56 [1324/5100] episode 47504781186802: hp 65->45 | total wins 1190/1324
23:53:56 [1325/5100] episode 47504781188704: hp 75->55 | total wins 1191/1325
23:53:57 [1326/5100] episode 47504781188906: hp 30->10 | total wins 1192/1326
23:53:57 [1327/5100] episode 47504781187801: hp 34->lost | total wins 1192/1327
23:53:57 [1328/5100] episode 47504781188604: hp 66->47 | total wins 1193/1328
23:53:57 [1329/5100] episode 47504781187704: hp 61->46 | total wins 1194/1329
23:53:58 [1330/5100] episode 47504781190405: hp 7->lost | total wins 1194/1330
23:54:00 [1331/5100] episode 47504781189402: hp 20->lost | total wins 1194/1331
23:54:00 [1332/5100] episode 47504781190602: hp 55->23 | total wins 1195/1332
23:54:01 [1333/5100] episode 47504781189605: hp 70->40 | total wins 1196/1333
23:54:01 [1334/5100] episode 47504781189701: hp 54->4 | total wins 1197/1334
23:54:01 [1335/5100] episode 47504781190705: hp 55->56 | total wins 1198/1335
23:54:03 [1336/5100] episode 47504781190803: hp 45->7 | total wins 1199/1336
23:54:03 [1337/5100] episode 47504781190603: hp 72->37 | total wins 1200/1337
23:54:04 [1338/5100] episode 47504781184604: hp 71->lost | total wins 1200/1338
23:54:04 [1339/5100] episode 47504781188402: hp 43->1 | total wins 1201/1339
23:54:04 [1340/5100] episode 47504781190403: hp 37->lost | total wins 1201/1340
23:54:04 episode 47504781193402 skipped: replay diverged from the stored fight: 7, 0, 2, 1, 0, 2, 2, 2, 0, 3, 2, 0, 1, 3, 1, 0, 1], [3]], "random_potions": true, "samples": [{"episode_id": 47504781193402000, "starting_hp": 60}], "teacher": {"leaf": "guided_rollout", "simulations": 20000, "oracle": false,: fight_resample_worker: replayed fight didn't end after its stored actions
23:54:04 [1341/5100] episode 47504781192803: hp 51->37 | total wins 1202/1341
23:54:04 [1342/5100] episode 47504781191904: hp 66->61 | total wins 1203/1342
23:54:05 [1343/5100] episode 47504781193801: hp 75->59 | total wins 1204/1343
23:54:05 [1344/5100] episode 47504781192904: hp 60->44 | total wins 1205/1344
23:54:05 [1345/5100] episode 47504781192404: hp 62->46 | total wins 1206/1345
23:54:06 [1346/5100] episode 47504781192903: hp 48->8 | total wins 1207/1346
23:54:07 [1347/5100] episode 47504781191705: hp 75->45 | total wins 1208/1347
23:54:07 [1348/5100] episode 47504781194604: hp 36->14 | total wins 1209/1348
23:54:07 [1349/5100] episode 47504781190805: hp 32->lost | total wins 1209/1349
23:54:08 [1350/5100] episode 47504781193902: hp 53->43 | total wins 1210/1350
23:54:08 episode 47504781195704 skipped: replay diverged from the stored fight: ns": [[0, 1, 0, 0, 0, 1, 0, 0], [2, 2, 1, 1, 4, 2, 0, 0, 1, 1, 1, 3, 2], [0, 1, 0, 1, 1, 1, 1, 1, 1, 0, 2, 5, 1, 1], [3, 3, 0, 0, 1, 2, 2, 0, 1, 1, 0, 1]], "random_potions": true, "samples": [{"episode_id": 47504781195704000, "start: fight_resample_worker: stored actions don't fit the replayed fight
23:54:08 episode 47504781195706 skipped: replay diverged from the stored fight: ns": [[0, 1, 0, 0, 0, 1, 0, 0], [2, 2, 1, 1, 4, 2, 0, 0, 1, 1, 1, 3, 2], [0, 1, 0, 1, 1, 1, 1, 1, 1, 0, 2, 5, 1, 1], [3, 3, 0, 0, 1, 2, 2, 0, 1, 1, 0, 1], [0, 1, 0, 0, 1, 1, 0, 0, 0, 0, 2, 0, 1, 0, 1, 0, 2, 0], [0, 5, 2, 2, 0, 5, 6,: fight_resample_worker: stored actions don't fit the replayed fight
23:54:08 episode 47504781195707 skipped: replay diverged from the stored fight: ns": [[0, 1, 0, 0, 0, 1, 0, 0], [2, 2, 1, 1, 4, 2, 0, 0, 1, 1, 1, 3, 2], [0, 1, 0, 1, 1, 1, 1, 1, 1, 0, 2, 5, 1, 1], [3, 3, 0, 0, 1, 2, 2, 0, 1, 1, 0, 1], [0, 1, 0, 0, 1, 1, 0, 0, 0, 0, 2, 0, 1, 0, 1, 0, 2, 0], [0, 5, 2, 2, 0, 5, 6,: fight_resample_worker: stored actions don't fit the replayed fight
23:54:10 [1351/5100] episode 47504781188803: hp 75->55 | total wins 1211/1351
23:54:10 [1352/5100] episode 47504781192401: hp 75->25 | total wins 1212/1352
23:54:10 [1353/5100] episode 47504781194602: hp 54->2 | total wins 1213/1353
23:54:10 episode 47504781196603 skipped: replay diverged from the stored fight: ns": [[0, 1, 0, 0, 1, 0, 1, 0], [1, 2, 2, 0, 4, 1], [1, 3, 1]], "random_potions": true, "samples": [{"episode_id": 47504781196603000, "starting_hp": 62}], "teacher": {"leaf": "guided_rollout", "simulations": 20000, "oracle": false, : fight_resample_worker: stored actions don't fit the replayed fight
23:54:10 [1354/5100] episode 47504781193802: hp 57->lost | total wins 1213/1354
23:54:11 [1355/5100] episode 47504781194703: hp 72->37 | total wins 1214/1355
23:54:11 [1356/5100] episode 47504781197602: hp 67->35 | total wins 1215/1356
23:54:12 [1357/5100] episode 47504781194801: hp 66->lost | total wins 1215/1357
23:54:13 [1358/5100] episode 47504781195802: hp 75->39 | total wins 1216/1358
23:54:13 [1359/5100] episode 47504781193603: hp 56->16 | total wins 1217/1359
23:54:14 [1360/5100] episode 47504781196403: hp 59->32 | total wins 1218/1360
23:54:14 [1361/5100] episode 47504781195604: hp 47->lost | total wins 1218/1361
23:54:14 [1362/5100] episode 47504781197604: hp 30->lost | total wins 1218/1362
23:54:15 [1363/5100] episode 47504781195901: hp 48->11 | total wins 1219/1363
23:54:15 [1364/5100] episode 47504781199404: hp 51->21 | total wins 1220/1364
23:54:16 [1365/5100] episode 47504781197703: hp 52->29 | total wins 1221/1365
23:54:16 [1366/5100] episode 47504781198603: hp 65->26 | total wins 1222/1366
23:54:17 [1367/5100] episode 47504781200401: hp 62->28 | total wins 1223/1367
23:54:18 [1368/5100] episode 47504781196803: hp 74->46 | total wins 1224/1368
23:54:19 [1369/5100] episode 47504781200905: hp 70->61 | total wins 1225/1369
23:54:20 [1370/5100] episode 47504781195603: hp 59->9 | total wins 1226/1370
23:54:20 [1371/5100] episode 47504781198404: hp 45->17 | total wins 1227/1371
23:54:21 [1372/5100] episode 47504781201405: hp 44->14 | total wins 1228/1372
23:54:22 [1373/5100] episode 47504781201605: hp 54->30 | total wins 1229/1373
23:54:23 [1374/5100] episode 47504781198902: hp 66->39 | total wins 1230/1374
23:54:23 [1375/5100] episode 47504781201403: hp 33->lost | total wins 1230/1375
23:54:23 [1376/5100] episode 47504781200903: hp 30->14 | total wins 1231/1376
23:54:23 [1377/5100] episode 47504781199703: hp 75->31 | total wins 1232/1377
23:54:24 [1378/5100] episode 47504781178804: hp 45->40 | total wins 1233/1378
23:54:25 [1379/5100] episode 47504781200703: hp 75->lost | total wins 1233/1379
23:54:26 [1380/5100] episode 47504781203605: hp 60->53 | total wins 1234/1380
23:54:27 [1381/5100] episode 47504781201703: hp 53->27 | total wins 1235/1381
23:54:27 [1382/5100] episode 47504781196902: hp 56->14 | total wins 1236/1382
23:54:27 [1383/5100] episode 47504781203703: hp 74->58 | total wins 1237/1383
23:54:28 [1384/5100] episode 47504781202803: hp 67->7 | total wins 1238/1384
23:54:30 [1385/5100] episode 47504781198904: hp 25->9 | total wins 1239/1385
23:54:30 [1386/5100] episode 47504781202402: hp 43->6 | total wins 1240/1386
23:54:30 [1387/5100] episode 47504781202805: hp 58->34 | total wins 1241/1387
23:54:31 [1388/5100] episode 47504781201902: hp 75->5 | total wins 1242/1388
23:54:31 [1389/5100] episode 47504781203804: hp 40->30 | total wins 1243/1389
23:54:31 [1390/5100] episode 47504781204602: hp 49->17 | total wins 1244/1390
23:54:32 [1391/5100] episode 47504781205404: hp 43->33 | total wins 1245/1391
23:54:32 [1392/5100] episode 47504781205604: hp 6->lost | total wins 1245/1392
23:54:34 [1393/5100] episode 47504781203802: hp 58->30 | total wins 1246/1393
23:54:34 [1394/5100] episode 47504781201805: hp 75->26 | total wins 1247/1394
23:54:34 [1395/5100] episode 47504781205701: hp 16->lost | total wins 1247/1395
23:54:35 [1396/5100] episode 47504781203905: hp 40->lost | total wins 1247/1396
23:54:36 [1397/5100] episode 47504781199803: hp 75->49 | total wins 1248/1397
23:54:37 [1398/5100] episode 47504781207803: hp 46->45 | total wins 1249/1398
23:54:37 [1399/5100] episode 47504781204803: hp 61->48 | total wins 1250/1399
23:54:38 [1400/5100] episode 47504781207402: hp 36->18 | total wins 1251/1400
23:54:38 [1401/5100] episode 47504781206904: hp 68->21 | total wins 1252/1401
23:54:38 [1402/5100] episode 47504781204403: hp 75->71 | total wins 1253/1402
23:54:39 [1403/5100] episode 47504781207702: hp 29->1 | total wins 1254/1403
23:54:39 [1404/5100] episode 47504781203704: hp 58->39 | total wins 1255/1404
23:54:40 [1405/5100] episode 47504781206403: hp 62->16 | total wins 1256/1405
23:54:41 [1406/5100] episode 47504781209604: hp 75->61 | total wins 1257/1406
23:54:41 [1407/5100] episode 47504781207405: hp 54->16 | total wins 1258/1407
23:54:41 [1408/5100] episode 47504781207805: hp 24->lost | total wins 1258/1408
23:54:42 [1409/5100] episode 47504781209904: hp 63->20 | total wins 1259/1409
23:54:42 [1410/5100] episode 47504781208704: hp 52->12 | total wins 1260/1410
23:54:42 [1411/5100] episode 47504781206905: hp 53->28 | total wins 1261/1411
23:54:43 [1412/5100] episode 47504781209703: hp 47->22 | total wins 1262/1412
23:54:43 [1413/5100] episode 47504781210403: hp 75->67 | total wins 1263/1413
23:54:43 [1414/5100] episode 47504781209402: hp 50->26 | total wins 1264/1414
23:54:44 [1415/5100] episode 47504781210905: hp 38->38 | total wins 1265/1415
23:54:45 [1416/5100] episode 47504781211603: hp 67->57 | total wins 1266/1416
23:54:46 [1417/5100] episode 47504781208803: hp 75->43 | total wins 1267/1417
23:54:47 [1418/5100] episode 47504781209404: hp 75->45 | total wins 1268/1418
23:54:47 [1419/5100] episode 47504781210604: hp 56->31 | total wins 1269/1419
23:54:47 [1420/5100] episode 47504781211604: hp 73->57 | total wins 1270/1420
23:54:47 [1421/5100] episode 47504781207904: hp 44->21 | total wins 1271/1421
23:54:48 [1422/5100] episode 47504781208604: hp 68->33 | total wins 1272/1422
23:54:49 [1423/5100] episode 47504781212803: hp 46->24 | total wins 1273/1423
23:54:49 [1424/5100] episode 47504781212706: hp 47->47 | total wins 1274/1424
23:54:50 [1425/5100] episode 47504781212402: hp 23->lost | total wins 1274/1425
23:54:50 [1426/5100] episode 47504781210703: hp 53->3 | total wins 1275/1426
23:54:50 [1427/5100] episode 47504781213702: hp 20->2 | total wins 1276/1427
23:54:50 [1428/5100] episode 47504781212802: hp 56->38 | total wins 1277/1428
23:54:50 [1429/5100] episode 47504781210902: hp 75->50 | total wins 1278/1429
23:54:51 [1430/5100] episode 47504781211703: hp 72->55 | total wins 1279/1430
23:54:51 [1431/5100] episode 47504781214703: hp 18->18 | total wins 1280/1431
23:54:51 [1432/5100] episode 47504781213403: hp 75->51 | total wins 1281/1432
23:54:54 [1433/5100] episode 47504781216402: hp 71->23 | total wins 1282/1433
23:54:54 [1434/5100] episode 47504781209805: hp 54->6 | total wins 1283/1434
23:54:54 [1435/5100] episode 47504781214903: hp 33->9 | total wins 1284/1435
23:54:54 [1436/5100] episode 47504781211903: hp 75->38 | total wins 1285/1436
23:54:55 [1437/5100] episode 47504781216603: hp 46->37 | total wins 1286/1437
23:54:56 [1438/5100] episode 47504781215802: hp 52->8 | total wins 1287/1438
23:54:56 [1439/5100] episode 47504781214803: hp 65->55 | total wins 1288/1439
23:54:57 [1440/5100] episode 47504781215705: hp 42->4 | total wins 1289/1440
23:54:57 [1441/5100] episode 47504781217404: hp 48->20 | total wins 1290/1441
23:54:57 [1442/5100] episode 47504781216604: hp 51->28 | total wins 1291/1442
23:54:57 [1443/5100] episode 47504781215403: hp 48->42 | total wins 1292/1443
23:54:58 [1444/5100] episode 47504781216904: hp 45->21 | total wins 1293/1444
23:54:58 [1445/5100] episode 47504781213607: hp 74->48 | total wins 1294/1445
23:54:58 [1446/5100] episode 47504781217901: hp 66->28 | total wins 1295/1446
23:54:59 [1447/5100] episode 47504781216405: hp 35->25 | total wins 1296/1447
23:54:59 [1448/5100] episode 47504781218403: hp 75->56 | total wins 1297/1448
23:55:00 [1449/5100] episode 47504781216703: hp 60->45 | total wins 1298/1449
23:55:00 [1450/5100] episode 47504781218804: hp 32->2 | total wins 1299/1450
23:55:00 [1451/5100] episode 47504781216903: hp 73->53 | total wins 1300/1451
23:55:00 episode 47504781219804 skipped: replay diverged from the stored fight: 1, 1, 0, 0, 0, 1, 0, 2, 1], [4, 0, 2, 1, 0, 0, 1, 1, 0, 0, 1, 0, 0, 0, 0, 0, 2], [5], [2, 1, 0, 2, 2, 1, 0, 0]], "random_potions": true, "samples": [{"episode_id": 47504781219804000, "starting_hp": 55}], "teacher": {"leaf": ": fight_resample_worker: replayed fight didn't end after its stored actions
23:55:01 [1452/5100] episode 47504781213703: hp 57->48 | total wins 1301/1452
23:55:01 [1453/5100] episode 47504781219702: hp 23->lost | total wins 1301/1453
23:55:02 [1454/5100] episode 47504781220407: hp 75->65 | total wins 1302/1454
23:55:03 [1455/5100] episode 47504781219801: hp 75->35 | total wins 1303/1455
23:55:03 [1456/5100] episode 47504781217703: hp 64->42 | total wins 1304/1456
23:55:03 [1457/5100] episode 47504781218803: hp 75->43 | total wins 1305/1457
23:55:04 [1458/5100] episode 47504781220404: hp 75->73 | total wins 1306/1458
23:55:04 [1459/5100] episode 47504781220602: hp 58->20 | total wins 1307/1459
23:55:05 [1460/5100] episode 47504781219404: hp 58->37 | total wins 1308/1460
23:55:05 [1461/5100] episode 47504781219403: hp 75->46 | total wins 1309/1461
23:55:08 [1462/5100] episode 47504781220804: hp 31->27 | total wins 1310/1462
23:55:08 [1463/5100] episode 47504781221705: hp 58->58 | total wins 1311/1463
23:55:08 [1464/5100] episode 47504781219905: hp 46->21 | total wins 1312/1464
23:55:09 [1465/5100] episode 47504781218904: hp 75->56 | total wins 1313/1465
23:55:09 [1466/5100] episode 47504781217803: hp 52->31 | total wins 1314/1466
23:55:09 [1467/5100] episode 47504781221407: hp 75->54 | total wins 1315/1467
23:55:10 [1468/5100] episode 47504781219605: hp 59->59 | total wins 1316/1468
23:55:10 episode 47504781224705 skipped: replay diverged from the stored fight: 2, 2, 1, 0, 2, 3, 1, 0, 0, 1, 2, 1, 2, 0, 0, 0, 0], [2, 1, 2, 2, 3, 2, 0, 0, 1, 1, 1, 1, 0, 0, 0, 0], [6], [1, 1, 0, 2, 0, 0, 5, 2, 0, 1, 1, 0], [0, 0, 1, 2, 0, 0, 0, 0]], "random_potions": true, "samples": [{"episode_id": 47: fight_resample_worker: replayed fight didn't end after its stored actions
23:55:11 [1469/5100] episode 47504781222803: hp 50->19 | total wins 1317/1469
23:55:11 [1470/5100] episode 47504781220903: hp 64->39 | total wins 1318/1470
23:55:11 [1471/5100] episode 47504781223907: hp 25->11 | total wins 1319/1471
23:55:12 [1472/5100] episode 47504781222404: hp 45->10 | total wins 1320/1472
23:55:13 [1473/5100] episode 47504781220904: hp 49->lost | total wins 1320/1473
23:55:14 [1474/5100] episode 47504781225704: hp 48->32 | total wins 1321/1474
23:55:14 [1475/5100] episode 47504781225902: hp 52->22 | total wins 1322/1475
23:55:14 [1476/5100] episode 47504781221703: hp 60->33 | total wins 1323/1476
23:55:14 [1477/5100] episode 47504781224403: hp 43->5 | total wins 1324/1477
23:55:15 [1478/5100] episode 47504781223604: hp 51->41 | total wins 1325/1478
23:55:15 episode 47504781227603 skipped: replay diverged from the stored fight: 3, 3, 0, 0, 2, 0, 1, 0, 0, 1, 0, 0, 1, 1, 0, 0, 0, 0, 0, 0, 0], [7], [1, 0, 1, 0, 1, 1, 1, 0, 1, 0, 0, 0, 0]], "random_potions": true, "samples": [{"episode_id": 47504781227603000, "starting_hp": 56}], "teacher": {"leaf": "gu: fight_resample_worker: replayed fight didn't end after its stored actions
23:55:15 episode 47504781227805 skipped: replay diverged from the stored fight: ns": [[0, 1, 0, 0, 1, 1, 0, 0, 1, 0, 0, 1, 0], [2, 3, 0, 0, 1, 0, 0, 0, 0], [0, 0, 1, 1, 1, 1, 3, 1], [1, 1, 0, 0, 1, 1, 0, 1, 4, 0, 1, 1, 1, 0], [3, 0, 4, 0, 0, 0, 1, 0, 1, 1, 0, 2, 1, 0]], "random_potions": true, "samples": [{"epi: fight_resample_worker: stored actions don't fit the replayed fight
23:55:15 episode 47504781227905 skipped: replay diverged from the stored fight: ns": [[1, 0, 0, 1, 1, 0, 0, 1, 0, 0, 0, 0], [2, 2, 2, 0, 1, 1, 0, 1, 1, 0, 0, 4, 2, 2, 1], [3, 0, 0, 2, 0, 1, 1, 1, 1, 0, 2, 0, 1, 1, 1, 0, 2, 1, 1], [0, 0, 0, 0, 5, 2, 1, 0, 3, 3, 1, 0, 0, 0, 1, 0, 0, 0, 0, 0, 0, 0, 0, 2, 0, 0], [0: fight_resample_worker: stored actions don't fit the replayed fight
23:55:15 [1479/5100] episode 47504781224908: hp 28->6 | total wins 1326/1479
23:55:16 [1480/5100] episode 47504781220701: hp 47->21 | total wins 1327/1480
23:55:16 [1481/5100] episode 47504781228804: hp 48->32 | total wins 1328/1481
23:55:18 [1482/5100] episode 47504781222703: hp 58->28 | total wins 1329/1482
23:55:18 [1483/5100] episode 47504781226706: hp 41->1 | total wins 1330/1483
23:55:18 [1484/5100] episode 47504781227403: hp 55->30 | total wins 1331/1484
23:55:19 [1485/5100] episode 47504781226603: hp 47->19 | total wins 1332/1485
23:55:19 [1486/5100] episode 47504781228902: hp 75->45 | total wins 1333/1486
23:55:19 [1487/5100] episode 47504781229603: hp 75->75 | total wins 1334/1487
23:55:19 [1488/5100] episode 47504781229705: hp 40->40 | total wins 1335/1488
23:55:21 [1489/5100] episode 47504781228705: hp 51->9 | total wins 1336/1489
23:55:21 [1490/5100] episode 47504781226403: hp 54->32 | total wins 1337/1490
23:55:21 [1491/5100] episode 47504781229903: hp 75->75 | total wins 1338/1491
23:55:23 [1492/5100] episode 47504781229403: hp 74->14 | total wins 1339/1492
23:55:23 [1493/5100] episode 47504781229706: hp 38->23 | total wins 1340/1493
23:55:23 [1494/5100] episode 47504781225806: hp 62->44 | total wins 1341/1494
23:55:24 [1495/5100] episode 47504781230803: hp 75->26 | total wins 1342/1495
23:55:25 [1496/5100] episode 47504781229905: hp 50->35 | total wins 1343/1496
23:55:25 [1497/5100] episode 47504781226904: hp 62->35 | total wins 1344/1497
23:55:25 [1498/5100] episode 47504781231802: hp 40->24 | total wins 1345/1498
23:55:25 [1499/5100] episode 47504781231405: hp 69->59 | total wins 1346/1499
23:55:26 [1500/5100] episode 47504781231703: hp 51->19 | total wins 1347/1500
23:55:26 [1501/5100] episode 47504781231804: hp 57->22 | total wins 1348/1501
23:55:27 [1502/5100] episode 47504781230902: hp 72->25 | total wins 1349/1502
23:55:27 [1503/5100] episode 47504781224805: hp 62->45 | total wins 1350/1503
23:55:27 [1504/5100] episode 47504781231803: hp 47->12 | total wins 1351/1504
23:55:27 [1505/5100] episode 47504781231407: hp 58->41 | total wins 1352/1505
23:55:27 [1506/5100] episode 47504781228904: hp 19->3 | total wins 1353/1506
23:55:28 [1507/5100] episode 47504781232805: hp 74->62 | total wins 1354/1507
23:55:29 [1508/5100] episode 47504781232402: hp 45->10 | total wins 1355/1508
23:55:30 [1509/5100] episode 47504781228903: hp 57->50 | total wins 1356/1509
23:55:30 [1510/5100] episode 47504781232605: hp 62->7 | total wins 1357/1510
23:55:30 [1511/5100] episode 47504781230805: hp 51->31 | total wins 1358/1511
23:55:30 [1512/5100] episode 47504781232603: hp 57->9 | total wins 1359/1512
23:55:30 [1513/5100] episode 47504781230403: hp 47->25 | total wins 1360/1513
23:55:31 [1514/5100] episode 47504781234705: hp 67->67 | total wins 1361/1514
23:55:31 [1515/5100] episode 47504781233803: hp 45->17 | total wins 1362/1515
23:55:31 [1516/5100] episode 47504781233703: hp 62->32 | total wins 1363/1516
23:55:31 [1517/5100] episode 47504781233903: hp 68->48 | total wins 1364/1517
23:55:31 [1518/5100] episode 47504781235403: hp 75->75 | total wins 1365/1518
23:55:31 [1519/5100] episode 47504781234602: hp 59->27 | total wins 1366/1519
23:55:31 [1520/5100] episode 47504781232902: hp 66->38 | total wins 1367/1520
23:55:32 [1521/5100] episode 47504781235906: hp 33->33 | total wins 1368/1521
23:55:32 [1522/5100] episode 47504781234704: hp 75->75 | total wins 1369/1522
23:55:32 [1523/5100] episode 47504781232705: hp 25->lost | total wins 1369/1523
23:55:32 [1524/5100] episode 47504781235704: hp 26->1 | total wins 1370/1524
23:55:32 [1525/5100] episode 47504781236602: hp 15->lost | total wins 1370/1525
23:55:34 [1526/5100] episode 47504781235803: hp 75->35 | total wins 1371/1526
23:55:34 [1527/5100] episode 47504781233404: hp 58->23 | total wins 1372/1527
23:55:34 [1528/5100] episode 47504781236707: hp 75->75 | total wins 1373/1528
23:55:35 [1529/5100] episode 47504781236403: hp 36->15 | total wins 1374/1529
23:55:35 [1530/5100] episode 47504781235603: hp 38->lost | total wins 1374/1530
23:55:36 [1531/5100] episode 47504781236603: hp 52->28 | total wins 1375/1531
23:55:36 [1532/5100] episode 47504781235703: hp 59->41 | total wins 1376/1532
23:55:36 [1533/5100] episode 47504781237402: hp 32->2 | total wins 1377/1533
23:55:36 [1534/5100] episode 47504781236703: hp 71->56 | total wins 1378/1534
23:55:36 [1535/5100] episode 47504781233802: hp 54->23 | total wins 1379/1535
23:55:37 [1536/5100] episode 47504781236604: hp 24->7 | total wins 1380/1536
23:55:37 [1537/5100] episode 47504781233405: hp 75->52 | total wins 1381/1537
23:55:38 [1538/5100] episode 47504781237404: hp 67->51 | total wins 1382/1538
23:55:39 [1539/5100] episode 47504781237403: hp 69->51 | total wins 1383/1539
23:55:40 [1540/5100] episode 47504781238705: hp 61->47 | total wins 1384/1540
23:55:40 [1541/5100] episode 47504781238804: hp 75->53 | total wins 1385/1541
23:55:42 [1542/5100] episode 47504781239603: hp 67->52 | total wins 1386/1542
23:55:42 [1543/5100] episode 47504781236902: hp 75->30 | total wins 1387/1543
23:55:42 [1544/5100] episode 47504781237606: hp 68->36 | total wins 1388/1544
23:55:43 [1545/5100] episode 47504781239704: hp 24->lost | total wins 1388/1545
23:55:43 [1546/5100] episode 47504781238604: hp 49->20 | total wins 1389/1546
23:55:44 [1547/5100] episode 47504781238404: hp 68->57 | total wins 1390/1547
23:55:44 [1548/5100] episode 47504781238805: hp 56->37 | total wins 1391/1548
23:55:45 [1549/5100] episode 47504781240803: hp 72->44 | total wins 1392/1549
23:55:45 [1550/5100] episode 47504781240806: hp 45->29 | total wins 1393/1550
23:55:46 [1551/5100] episode 47504781240605: hp 27->5 | total wins 1394/1551
23:55:46 [1552/5100] episode 47504781236803: hp 70->52 | total wins 1395/1552
23:55:46 [1553/5100] episode 47504781240804: hp 59->59 | total wins 1396/1553
23:55:46 [1554/5100] episode 47504781239703: hp 61->36 | total wins 1397/1554
23:55:48 [1555/5100] episode 47504781237604: hp 37->lost | total wins 1397/1555
23:55:48 [1556/5100] episode 47504781241404: hp 33->lost | total wins 1397/1556
23:55:48 [1557/5100] episode 47504781242405: hp 66->19 | total wins 1398/1557
23:55:49 [1558/5100] episode 47504781241603: hp 60->35 | total wins 1399/1558
23:55:49 [1559/5100] episode 47504781243402: hp 42->19 | total wins 1400/1559
23:55:50 [1560/5100] episode 47504781243404: hp 19->lost | total wins 1400/1560
23:55:50 [1561/5100] episode 47504781242604: hp 42->27 | total wins 1401/1561
23:55:50 [1562/5100] episode 47504781242905: hp 49->3 | total wins 1402/1562
23:55:50 [1563/5100] episode 47504781243702: hp 72->40 | total wins 1403/1563
23:55:50 [1564/5100] episode 47504781243601: hp 46->14 | total wins 1404/1564
23:55:51 [1565/5100] episode 47504781243805: hp 22->2 | total wins 1405/1565
23:55:51 [1566/5100] episode 47504781243706: hp 89->73 | total wins 1406/1566
23:55:51 [1567/5100] episode 47504781241702: hp 57->17 | total wins 1407/1567
23:55:52 [1568/5100] episode 47504781243705: hp 76->56 | total wins 1408/1568
23:55:52 [1569/5100] episode 47504781244701: hp 55->23 | total wins 1409/1569
23:55:52 [1570/5100] episode 47504781239804: hp 76->42 | total wins 1410/1570
23:55:52 [1571/5100] episode 47504781242403: hp 66->42 | total wins 1411/1571
23:55:52 [1572/5100] episode 47504781239903: hp 57->8 | total wins 1412/1572
23:55:52 [1573/5100] episode 47504781245703: hp 56->40 | total wins 1413/1573
23:55:53 [1574/5100] episode 47504781244904: hp 45->13 | total wins 1414/1574
23:55:53 episode 47504781246903 skipped: replay diverged from the stored fight: ns": [[0, 1, 0, 1, 1, 0, 0, 0], [0, 0, 0, 0, 0, 0, 0, 1, 2, 0, 0, 1, 0, 0], [0, 0, 1, 0, 3, 4, 1, 0, 4, 3, 1, 0, 0, 2, 2, 0, 0, 0, 1, 1]], "random_potions": true, "samples": [{"episode_id": 47504781246903000, "starting_hp": 52}], "t: fight_resample_worker: stored actions don't fit the replayed fight
23:55:53 [1575/5100] episode 47504781241903: hp 63->33 | total wins 1415/1575
23:55:53 [1576/5100] episode 47504781245603: hp 72->44 | total wins 1416/1576
23:55:53 [1577/5100] episode 47504781236806: hp 59->52 | total wins 1417/1577
23:55:54 [1578/5100] episode 47504781245803: hp 71->33 | total wins 1418/1578
23:55:54 [1579/5100] episode 47504781246703: hp 49->16 | total wins 1419/1579
23:55:54 [1580/5100] episode 47504781244803: hp 22->7 | total wins 1420/1580
23:55:54 [1581/5100] episode 47504781247405: hp 33->19 | total wins 1421/1581
23:55:54 episode 47504781249405 skipped: replay diverged from the stored fight: 0, 1, 0, 1, 1, 3, 2, 2, 0, 0, 1, 2], [4, 0, 0, 0, 0, 1, 1, 0, 2], [6, 2, 3, 1, 0, 3, 1], [2, 1, 0, 1, 2, 1, 1, 0, 2, 2, 2, 0, 0, 2, 1], [2, 1, 0, 2, 0, 2, 0, 0, 1, 2, 3]], "random_potions": true, "samples": [{"episode_id": 47: fight_resample_worker: replayed fight didn't end after its stored actions
23:55:54 [1582/5100] episode 47504781244603: hp 59->39 | total wins 1422/1582
23:55:55 [1583/5100] episode 47504781247404: hp 48->13 | total wins 1423/1583
23:55:55 [1584/5100] episode 47504781247803: hp 57->9 | total wins 1424/1584
23:55:57 [1585/5100] episode 47504781250703: hp 75->43 | total wins 1425/1585
23:55:58 [1586/5100] episode 47504781244702: hp 85->65 | total wins 1426/1586
23:55:58 [1587/5100] episode 47504781247805: hp 32->22 | total wins 1427/1587
23:55:58 [1588/5100] episode 47504781250805: hp 27->1 | total wins 1428/1588
23:55:58 [1589/5100] episode 47504781248407: hp 50->24 | total wins 1429/1589
23:55:58 [1590/5100] episode 47504781247705: hp 75->46 | total wins 1430/1590
23:55:59 [1591/5100] episode 47504781251702: hp 57->33 | total wins 1431/1591
23:55:59 [1592/5100] episode 47504781249704: hp 61->47 | total wins 1432/1592
23:55:59 [1593/5100] episode 47504781251405: hp 39->15 | total wins 1433/1593
23:55:59 [1594/5100] episode 47504781245903: hp 47->7 | total wins 1434/1594
23:55:59 [1595/5100] episode 47504781251603: hp 55->35 | total wins 1435/1595
23:56:00 [1596/5100] episode 47504781250606: hp 41->11 | total wins 1436/1596
23:56:00 [1597/5100] episode 47504781251705: hp 24->4 | total wins 1437/1597
23:56:01 [1598/5100] episode 47504781248405: hp 56->21 | total wins 1438/1598
23:56:02 [1599/5100] episode 47504781253602: hp 60->20 | total wins 1439/1599
23:56:02 [1600/5100] episode 47504781252603: hp 48->22 | total wins 1440/1600
23:56:02 [1601/5100] episode 47504781246702: hp 58->31 | total wins 1441/1601
23:56:02 [1602/5100] episode 47504781253902: hp 37->21 | total wins 1442/1602
23:56:03 [1603/5100] episode 47504781254603: hp 75->61 | total wins 1443/1603
23:56:03 episode 47504781255703 skipped: replay diverged from the stored fight: ns": [[1, 1, 0, 0, 0, 1, 0, 0, 0, 0, 0, 0, 3, 0, 3, 0, 0, 0, 0, 1, 1, 0, 0, 1], [0, 0, 2, 0, 0, 1, 1, 0, 0, 1, 1, 2, 2], [2, 0, 0, 1, 0, 0, 0, 0, 0, 0, 0, 2, 0, 1, 0, 1]], "random_potions": true, "samples": [{"episode_id": 475047812: fight_resample_worker: stored actions don't fit the replayed fight
23:56:03 [1604/5100] episode 47504781249904: hp 75->55 | total wins 1444/1604
23:56:03 [1605/5100] episode 47504781255404: hp 48->32 | total wins 1445/1605
23:56:04 [1606/5100] episode 47504781252402: hp 67->40 | total wins 1446/1606
23:56:04 [1607/5100] episode 47504781252605: hp 47->36 | total wins 1447/1607
23:56:05 [1608/5100] episode 47504781255807: hp 35->7 | total wins 1448/1608
23:56:06 [1609/5100] episode 47504781255902: hp 63->27 | total wins 1449/1609
23:56:06 [1610/5100] episode 47504781256405: hp 56->40 | total wins 1450/1610
23:56:06 [1611/5100] episode 47504781253802: hp 72->42 | total wins 1451/1611
23:56:06 [1612/5100] episode 47504781256402: hp 63->31 | total wins 1452/1612
23:56:07 [1613/5100] episode 47504781257405: hp 47->47 | total wins 1453/1613
23:56:07 [1614/5100] episode 47504781256803: hp 75->62 | total wins 1454/1614
23:56:07 [1615/5100] episode 47504781252904: hp 75->17 | total wins 1455/1615
23:56:08 [1616/5100] episode 47504781256706: hp 58->38 | total wins 1456/1616
23:56:08 episode 47504781258905 skipped: replay diverged from the stored fight: ns": [[0, 0, 1, 0, 0, 2, 1, 0, 1, 0, 0, 0, 0, 0, 1, 0], [0, 0, 0, 0, 1, 0, 1, 2, 2, 1, 0, 0, 1, 1, 1], [5, 2, 1, 0, 1, 1, 1], [0, 1, 1, 0, 1, 6, 0, 0, 1, 2, 3, 1, 0, 1, 0, 0, 0, 0, 0, 0, 1], [6, 2, 4, 2, 1, 4, 1]], "random_potions":: fight_resample_worker: stored actions don't fit the replayed fight
23:56:08 [1617/5100] episode 47504781257902: hp 3->lost | total wins 1456/1617
23:56:08 [1618/5100] episode 47504781253404: hp 58->27 | total wins 1457/1618
23:56:08 [1619/5100] episode 47504781254702: hp 70->lost | total wins 1457/1619
23:56:10 [1620/5100] episode 47504781258805: hp 55->27 | total wins 1458/1620
23:56:10 [1621/5100] episode 47504781252801: hp 75->lost | total wins 1458/1621
23:56:10 [1622/5100] episode 47504781254402: hp 62->lost | total wins 1458/1622
23:56:10 [1623/5100] episode 47504781258402: hp 69->21 | total wins 1459/1623
23:56:10 [1624/5100] episode 47504781259707: hp 45->27 | total wins 1460/1624
23:56:10 [1625/5100] episode 47504781255803: hp 84->56 | total wins 1461/1625
23:56:11 [1626/5100] episode 47504781259605: hp 32->lost | total wins 1461/1626
23:56:11 [1627/5100] episode 47504781259805: hp 45->5 | total wins 1462/1627
23:56:12 [1628/5100] episode 47504781256804: hp 46->44 | total wins 1463/1628
23:56:12 [1629/5100] episode 47504781261604: hp 62->62 | total wins 1464/1629
23:56:12 [1630/5100] episode 47504781261402: hp 45->25 | total wins 1465/1630
23:56:12 episode 47504781261904 skipped: replay diverged from the stored fight: 0, 0, 0, 0, 1, 0, 0, 0, 0, 1, 0, 1, 1], [0, 4, 2, 1, 0, 0, 1, 0, 0, 3], [0, 1, 0, 0, 0, 1], [5]], "random_potions": true, "samples": [{"episode_id": 47504781261904000, "starting_hp": 39}], "teacher": {"leaf": "guided_rollout": fight_resample_worker: replayed fight didn't end after its stored actions
23:56:13 [1631/5100] episode 47504781260904: hp 47->15 | total wins 1466/1631
23:56:14 [1632/5100] episode 47504781261403: hp 49->2 | total wins 1467/1632
23:56:16 [1633/5100] episode 47504781260403: hp 75->48 | total wins 1468/1633
23:56:17 [1634/5100] episode 47504781263703: hp 75->48 | total wins 1469/1634
23:56:18 [1635/5100] episode 47504781263802: hp 57->13 | total wins 1470/1635
23:56:18 [1636/5100] episode 47504781262902: hp 35->lost | total wins 1470/1636
23:56:18 [1637/5100] episode 47504781261903: hp 29->5 | total wins 1471/1637
23:56:19 [1638/5100] episode 47504781264602: hp 59->32 | total wins 1472/1638
23:56:20 [1639/5100] episode 47504781264804: hp 34->15 | total wins 1473/1639
23:56:20 [1640/5100] episode 47504781260607: hp 37->22 | total wins 1474/1640
23:56:22 [1641/5100] episode 47504781260803: hp 64->49 | total wins 1475/1641
23:56:22 [1642/5100] episode 47504781263905: hp 75->50 | total wins 1476/1642
23:56:22 [1643/5100] episode 47504781259405: hp 50->4 | total wins 1477/1643
23:56:23 [1644/5100] episode 47504781265404: hp 47->23 | total wins 1478/1644
23:56:24 [1645/5100] episode 47504781265706: hp 58->58 | total wins 1479/1645
23:56:24 [1646/5100] episode 47504781265804: hp 60->42 | total wins 1480/1646
23:56:25 [1647/5100] episode 47504781258603: hp 58->12 | total wins 1481/1647
23:56:25 [1648/5100] episode 47504781259902: hp 64->6 | total wins 1482/1648
23:56:26 [1649/5100] episode 47504781266603: hp 70->50 | total wins 1483/1649
23:56:26 [1650/5100] episode 47504781265604: hp 39->15 | total wins 1484/1650
23:56:26 [1651/5100] episode 47504781266703: hp 75->55 | total wins 1485/1651
23:56:26 episode 47504781267803 skipped: replay diverged from the stored fight: ns": [[2, 0, 2, 0, 1, 0, 0, 1, 2, 0, 1], [0, 0, 0, 0, 1, 0, 1, 1, 1], [4, 3, 1, 1, 2, 0, 0, 2, 1, 1, 0, 0, 0, 1]], "random_potions": true, "samples": [{"episode_id": 47504781267803000, "starting_hp": 65}], "teacher": {"leaf": "guide: fight_resample_worker: stored actions don't fit the replayed fight
23:56:26 episode 47504781267804 skipped: replay diverged from the stored fight: ns": [[2, 0, 2, 0, 1, 0, 0, 1, 2, 0, 1], [0, 0, 0, 0, 1, 0, 1, 1, 1], [4, 3, 1, 1, 2, 0, 0, 2, 1, 1, 0, 0, 0, 1], [0, 0, 0, 0, 0, 0, 3, 1, 0, 1, 1, 2]], "random_potions": true, "samples": [{"episode_id": 47504781267804000, "starting: fight_resample_worker: stored actions don't fit the replayed fight
23:56:26 [1652/5100] episode 47504781265603: hp 70->28 | total wins 1486/1652
23:56:27 [1653/5100] episode 47504781266705: hp 48->34 | total wins 1487/1653
23:56:27 [1654/5100] episode 47504781264903: hp 71->41 | total wins 1488/1654
23:56:27 [1655/5100] episode 47504781266604: hp 59->34 | total wins 1489/1655
23:56:28 [1656/5100] episode 47504781262603: hp 64->23 | total wins 1490/1656
23:56:28 [1657/5100] episode 47504781268602: hp 62->30 | total wins 1491/1657
23:56:29 [1658/5100] episode 47504781267904: hp 46->25 | total wins 1492/1658
23:56:29 [1659/5100] episode 47504781267903: hp 52->12 | total wins 1493/1659
23:56:29 episode 47504781269902 skipped: replay diverged from the stored fight: ns": [[0, 1, 0, 0, 0, 0, 1, 1, 1], [1, 1, 1, 1, 0, 0, 1, 1, 0]], "random_potions": true, "samples": [{"episode_id": 47504781269902000, "starting_hp": 58}], "teacher": {"leaf": "guided_rollout", "simulations": 20000, "oracle": false,: fight_resample_worker: stored actions don't fit the replayed fight
23:56:29 episode 47504781269903 skipped: replay diverged from the stored fight: ns": [[0, 1, 0, 0, 0, 0, 1, 1, 1], [1, 1, 1, 1, 0, 0, 1, 1, 0], [0, 0, 0, 2, 0, 0, 1, 1, 0, 0, 1, 0]], "random_potions": true, "samples": [{"episode_id": 47504781269903000, "starting_hp": 56}], "teacher": {"leaf": "guided_rollout", : fight_resample_worker: stored actions don't fit the replayed fight
23:56:30 [1660/5100] episode 47504781267603: hp 53->28 | total wins 1494/1660
23:56:30 [1661/5100] episode 47504781268403: hp 37->7 | total wins 1495/1661
23:56:30 [1662/5100] episode 47504781269703: hp 61->33 | total wins 1496/1662
23:56:31 [1663/5100] episode 47504781265905: hp 35->11 | total wins 1497/1663
23:56:31 [1664/5100] episode 47504781265803: hp 70->26 | total wins 1498/1664
23:56:31 episode 47504781271404 skipped: replay diverged from the stored fight: ns": [[0, 0, 1, 0, 0, 0, 1, 2, 0, 1], [0, 1, 0, 1, 1, 1, 0, 0, 1, 1, 0, 0], [4, 4, 1, 0, 1, 2, 0, 0, 1, 1, 0, 2, 3, 0, 0, 1], [2, 0, 0, 1, 3, 2, 1, 4, 0]], "random_potions": true, "samples": [{"episode_id": 47504781271404000, "start: fight_resample_worker: stored actions don't fit the replayed fight
23:56:32 [1665/5100] episode 47504781270603: hp 25->5 | total wins 1499/1665
23:56:32 [1666/5100] episode 47504781270402: hp 59->39 | total wins 1500/1666
23:56:32 [1667/5100] episode 47504781270903: hp 60->44 | total wins 1501/1667
23:56:32 [1668/5100] episode 47504781268803: hp 31->22 | total wins 1502/1668
23:56:32 [1669/5100] episode 47504781269705: hp 38->24 | total wins 1503/1669
23:56:33 [1670/5100] episode 47504781270803: hp 51->41 | total wins 1504/1670
23:56:34 [1671/5100] episode 47504781272602: hp 64->46 | total wins 1505/1671
23:56:34 [1672/5100] episode 47504781271606: hp 64->42 | total wins 1506/1672
23:56:34 [1673/5100] episode 47504781272704: hp 75->58 | total wins 1507/1673
23:56:35 [1674/5100] episode 47504781273704: hp 35->19 | total wins 1508/1674
23:56:35 [1675/5100] episode 47504781273403: hp 26->lost | total wins 1508/1675
23:56:35 [1676/5100] episode 47504781268902: hp 63->lost | total wins 1508/1676
23:56:36 [1677/5100] episode 47504781273804: hp 59->43 | total wins 1509/1677
23:56:36 [1678/5100] episode 47504781274604: hp 54->38 | total wins 1510/1678
23:56:36 [1679/5100] episode 47504781273703: hp 49->14 | total wins 1511/1679
23:56:36 [1680/5100] episode 47504781265703: hp 74->54 | total wins 1512/1680
23:56:36 [1681/5100] episode 47504781271904: hp 47->34 | total wins 1513/1681
23:56:37 [1682/5100] episode 47504781274703: hp 64->48 | total wins 1514/1682
23:56:37 [1683/5100] episode 47504781274804: hp 72->53 | total wins 1515/1683
23:56:38 [1684/5100] episode 47504781259406: hp 42->37 | total wins 1516/1684
23:56:39 [1685/5100] episode 47504781275701: hp 75->27 | total wins 1517/1685
23:56:39 [1686/5100] episode 47504781275402: hp 32->lost | total wins 1517/1686
23:56:39 [1687/5100] episode 47504781270701: hp 54->11 | total wins 1518/1687
23:56:40 [1688/5100] episode 47504781275804: hp 59->27 | total wins 1519/1688
23:56:40 [1689/5100] episode 47504781271604: hp 47->21 | total wins 1520/1689
23:56:41 [1690/5100] episode 47504781273805: hp 68->58 | total wins 1521/1690
23:56:41 [1691/5100] episode 47504781274605: hp 84->54 | total wins 1522/1691
23:56:41 [1692/5100] episode 47504781275605: hp 48->31 | total wins 1523/1692
23:56:42 [1693/5100] episode 47504781277705: hp 67->51 | total wins 1524/1693
23:56:42 [1694/5100] episode 47504781272402: hp 34->lost | total wins 1524/1694
23:56:42 [1695/5100] episode 47504781274704: hp 64->53 | total wins 1525/1695
23:56:42 [1696/5100] episode 47504781277404: hp 65->65 | total wins 1526/1696
23:56:44 [1697/5100] episode 47504781274803: hp 68->38 | total wins 1527/1697
23:56:44 [1698/5100] episode 47504781277807: hp 60->39 | total wins 1528/1698
23:56:44 [1699/5100] episode 47504781275805: hp 55->31 | total wins 1529/1699
23:56:45 [1700/5100] episode 47504781276404: hp 54->2 | total wins 1530/1700
23:56:45 [1701/5100] episode 47504781275705: hp 70->70 | total wins 1531/1701
23:56:45 [1702/5100] episode 47504781278704: hp 65->6 | total wins 1532/1702
23:56:47 [1703/5100] episode 47504781277803: hp 52->12 | total wins 1533/1703
23:56:48 [1704/5100] episode 47504781277402: hp 70->29 | total wins 1534/1704
23:56:48 [1705/5100] episode 47504781279402: hp 61->41 | total wins 1535/1705
23:56:50 [1706/5100] episode 47504781279802: hp 28->5 | total wins 1536/1706
23:56:51 [1707/5100] episode 47504781278703: hp 65->25 | total wins 1537/1707
23:56:51 [1708/5100] episode 47504781278902: hp 52->lost | total wins 1537/1708
23:56:51 [1709/5100] episode 47504781275904: hp 56->11 | total wins 1538/1709
23:56:52 [1710/5100] episode 47504781280705: hp 46->25 | total wins 1539/1710
23:56:53 [1711/5100] episode 47504781281602: hp 75->56 | total wins 1540/1711
23:56:53 [1712/5100] episode 47504781276601: hp 75->31 | total wins 1541/1712
23:56:53 [1713/5100] episode 47504781279401: hp 48->13 | total wins 1542/1713
23:56:53 [1714/5100] episode 47504781281404: hp 75->61 | total wins 1543/1714
23:56:53 [1715/5100] episode 47504781281704: hp 46->35 | total wins 1544/1715
23:56:54 [1716/5100] episode 47504781279703: hp 60->30 | total wins 1545/1716
23:56:55 [1717/5100] episode 47504781280804: hp 75->58 | total wins 1546/1717
23:56:56 [1718/5100] episode 47504781282706: hp 24->lost | total wins 1546/1718
23:56:56 [1719/5100] episode 47504781280904: hp 75->50 | total wins 1547/1719
23:56:57 [1720/5100] episode 47504781282803: hp 25->2 | total wins 1548/1720
23:56:57 [1721/5100] episode 47504781281804: hp 43->28 | total wins 1549/1721
23:56:58 [1722/5100] episode 47504781280605: hp 41->4 | total wins 1550/1722
23:56:58 [1723/5100] episode 47504781277805: hp 49->42 | total wins 1551/1723
23:56:58 [1724/5100] episode 47504781279404: hp 26->11 | total wins 1552/1724
23:56:59 [1725/5100] episode 47504781283604: hp 49->19 | total wins 1553/1725
23:56:59 [1726/5100] episode 47504781282604: hp 36->lost | total wins 1553/1726
23:57:00 [1727/5100] episode 47504781284903: hp 45->35 | total wins 1554/1727
23:57:01 [1728/5100] episode 47504781286404: hp 74->58 | total wins 1555/1728
23:57:01 [1729/5100] episode 47504781283802: hp 58->lost | total wins 1555/1729
23:57:02 [1730/5100] episode 47504781284603: hp 71->51 | total wins 1556/1730
23:57:02 episode 47504781287606 skipped: replay diverged from the stored fight: 2, 3, 0, 0, 2, 0, 0, 0, 0, 0], [5], [0, 0, 0, 3, 0, 2, 0, 0, 1, 2, 1, 1, 1], [3, 4, 1, 1, 0, 9, 2, 0, 1, 2, 0, 0, 2, 3, 0, 0, 0, 0, 0, 1, 1, 0, 2, 0, 0, 2], [1, 0, 0, 0, 0, 0, 1, 0, 2, 1, 1, 3, 3, 3, 2], [0, 0, 2, 0, 5, 5, 3,: fight_resample_worker: replayed fight didn't end after its stored actions
23:57:02 [1731/5100] episode 47504781287403: hp 75->59 | total wins 1557/1731
23:57:03 [1732/5100] episode 47504781282902: hp 55->25 | total wins 1558/1732
23:57:03 [1733/5100] episode 47504781285706: hp 50->18 | total wins 1559/1733
23:57:03 [1734/5100] episode 47504781284902: hp 31->11 | total wins 1560/1734
23:57:04 [1735/5100] episode 47504781282405: hp 75->49 | total wins 1561/1735
23:57:05 [1736/5100] episode 47504781286603: hp 74->46 | total wins 1562/1736
23:57:05 [1737/5100] episode 47504781283803: hp 64->13 | total wins 1563/1737
23:57:05 [1738/5100] episode 47504781287704: hp 50->26 | total wins 1564/1738
23:57:05 episode 47504781288904 skipped: replay diverged from the stored fight: 0, 4, 1, 0, 1, 1, 1, 0, 2, 0, 0, 0, 0, 1], [0, 1, 1, 0, 0, 0, 0, 0, 0, 2, 1, 0, 0, 1, 0, 0, 1, 1, 0], [4], [0, 4, 1, 1, 0, 1, 3, 0, 0, 2, 2, 2, 0]], "random_potions": true, "samples": [{"episode_id": 47504781288904000, "start: fight_resample_worker: replayed fight didn't end after its stored actions
23:57:06 [1739/5100] episode 47504781288602: hp 32->lost | total wins 1564/1739
23:57:06 [1740/5100] episode 47504781287905: hp 64->52 | total wins 1565/1740
23:57:08 [1741/5100] episode 47504781289403: hp 41->lost | total wins 1565/1741
23:57:09 [1742/5100] episode 47504781287802: hp 61->29 | total wins 1566/1742
23:57:09 [1743/5100] episode 47504781289706: hp 27->24 | total wins 1567/1743
23:57:09 [1744/5100] episode 47504781287903: hp 70->51 | total wins 1568/1744
23:57:09 [1745/5100] episode 47504781280703: hp 71->12 | total wins 1569/1745
23:57:09 [1746/5100] episode 47504781282603: hp 71->33 | total wins 1570/1746
23:57:10 [1747/5100] episode 47504781285404: hp 66->21 | total wins 1571/1747
23:57:10 [1748/5100] episode 47504781289903: hp 75->49 | total wins 1572/1748
23:57:11 [1749/5100] episode 47504781289602: hp 73->34 | total wins 1573/1749
23:57:11 [1750/5100] episode 47504781287705: hp 58->38 | total wins 1574/1750
23:57:12 [1751/5100] episode 47504781290406: hp 65->43 | total wins 1575/1751
23:57:12 [1752/5100] episode 47504781291604: hp 50->18 | total wins 1576/1752
23:57:12 [1753/5100] episode 47504781289804: hp 61->46 | total wins 1577/1753
23:57:12 [1754/5100] episode 47504781288704: hp 53->28 | total wins 1578/1754
23:57:12 [1755/5100] episode 47504781288805: hp 51->29 | total wins 1579/1755
23:57:13 [1756/5100] episode 47504781289702: hp 62->27 | total wins 1580/1756
23:57:13 [1757/5100] episode 47504781290402: hp 58->18 | total wins 1581/1757
23:57:14 [1758/5100] episode 47504781291702: hp 75->49 | total wins 1582/1758
23:57:14 [1759/5100] episode 47504781291906: hp 49->35 | total wins 1583/1759
23:57:14 [1760/5100] episode 47504781290703: hp 75->66 | total wins 1584/1760
23:57:14 [1761/5100] episode 47504781291805: hp 59->24 | total wins 1585/1761
23:57:15 [1762/5100] episode 47504781292405: hp 50->2 | total wins 1586/1762
23:57:15 [1763/5100] episode 47504781291804: hp 59->29 | total wins 1587/1763
23:57:15 [1764/5100] episode 47504781291703: hp 42->5 | total wins 1588/1764
23:57:16 [1765/5100] episode 47504781293604: hp 73->57 | total wins 1589/1765
23:57:16 [1766/5100] episode 47504781293806: hp 61->50 | total wins 1590/1766
23:57:16 [1767/5100] episode 47504781293803: hp 38->38 | total wins 1591/1767
23:57:17 [1768/5100] episode 47504781295804: hp 51->51 | total wins 1592/1768
23:57:17 [1769/5100] episode 47504781291404: hp 62->27 | total wins 1593/1769
23:57:18 [1770/5100] episode 47504781292804: hp 75->55 | total wins 1594/1770
23:57:18 [1771/5100] episode 47504781293704: hp 49->18 | total wins 1595/1771
23:57:20 [1772/5100] episode 47504781292702: hp 27->2 | total wins 1596/1772
23:57:20 [1773/5100] episode 47504781293702: hp 75->19 | total wins 1597/1773
23:57:21 [1774/5100] episode 47504781296803: hp 60->40 | total wins 1598/1774
23:57:21 [1775/5100] episode 47504781295904: hp 75->44 | total wins 1599/1775
23:57:22 [1776/5100] episode 47504781296603: hp 55->15 | total wins 1600/1776
23:57:25 [1777/5100] episode 47504781295701: hp 74->2 | total wins 1601/1777
23:57:25 [1778/5100] episode 47504781296703: hp 30->24 | total wins 1602/1778
23:57:25 [1779/5100] episode 47504781297705: hp 40->40 | total wins 1603/1779
23:57:26 [1780/5100] episode 47504781298603: hp 72->44 | total wins 1604/1780
23:57:26 [1781/5100] episode 47504781295405: hp 84->78 | total wins 1605/1781
23:57:27 [1782/5100] episode 47504781298903: hp 75->43 | total wins 1606/1782
23:57:29 [1783/5100] episode 47504781298703: hp 75->35 | total wins 1607/1783
23:57:29 [1784/5100] episode 47504781293805: hp 66->54 | total wins 1608/1784
23:57:30 [1785/5100] episode 47504781299806: hp 11->lost | total wins 1608/1785
23:57:30 [1786/5100] episode 47504781299703: hp 43->lost | total wins 1608/1786
23:57:30 [1787/5100] episode 47504781299406: hp 44->18 | total wins 1609/1787
23:57:30 [1788/5100] episode 47504781297803: hp 75->69 | total wins 1610/1788
23:57:31 [1789/5100] episode 47504781300703: hp 28->lost | total wins 1610/1789
23:57:32 [1790/5100] episode 47504781298604: hp 46->36 | total wins 1611/1790
23:57:32 [1791/5100] episode 47504781300604: hp 36->28 | total wins 1612/1791
23:57:32 [1792/5100] episode 47504781300403: hp 55->25 | total wins 1613/1792
23:57:33 [1793/5100] episode 47504781297703: hp 60->15 | total wins 1614/1793
23:57:33 [1794/5100] episode 47504781294904: hp 66->6 | total wins 1615/1794
23:57:33 [1795/5100] episode 47504781290803: hp 81->26 | total wins 1616/1795
23:57:35 [1796/5100] episode 47504781300803: hp 38->10 | total wins 1617/1796
23:57:35 [1797/5100] episode 47504781301802: hp 75->43 | total wins 1618/1797
23:57:35 [1798/5100] episode 47504781300902: hp 74->24 | total wins 1619/1798
23:57:35 [1799/5100] episode 47504781301704: hp 58->18 | total wins 1620/1799
23:57:36 [1800/5100] episode 47504781300702: hp 71->21 | total wins 1621/1800
23:57:36 [1801/5100] episode 47504781300905: hp 6->3 | total wins 1622/1801
23:57:36 [1802/5100] episode 47504781302402: hp 63->47 | total wins 1623/1802
23:57:36 [1803/5100] episode 47504781302702: hp 41->25 | total wins 1624/1803
23:57:38 [1804/5100] episode 47504781304402: hp 73->57 | total wins 1625/1804
23:57:38 [1805/5100] episode 47504781297405: hp 85->20 | total wins 1626/1805
23:57:39 [1806/5100] episode 47504781303404: hp 35->15 | total wins 1627/1806
23:57:39 [1807/5100] episode 47504781301603: hp 60->38 | total wins 1628/1807
23:57:39 [1808/5100] episode 47504781298403: hp 61->10 | total wins 1629/1808
23:57:40 [1809/5100] episode 47504781305403: hp 19->lost | total wins 1629/1809
23:57:40 [1810/5100] episode 47504781302403: hp 64->12 | total wins 1630/1810
23:57:41 [1811/5100] episode 47504781301605: hp 73->53 | total wins 1631/1811
23:57:41 [1812/5100] episode 47504781305604: hp 70->32 | total wins 1632/1812
23:57:42 [1813/5100] episode 47504781305703: hp 52->8 | total wins 1633/1813
23:57:43 [1814/5100] episode 47504781304705: hp 39->21 | total wins 1634/1814
23:57:43 [1815/5100] episode 47504781303702: hp 68->4 | total wins 1635/1815
23:57:43 [1816/5100] episode 47504781302602: hp 69->22 | total wins 1636/1816
23:57:43 [1817/5100] episode 47504781303903: hp 75->24 | total wins 1637/1817
23:57:43 [1818/5100] episode 47504781304603: hp 56->24 | total wins 1638/1818
23:57:44 [1819/5100] episode 47504781305802: hp 66->36 | total wins 1639/1819
23:57:45 [1820/5100] episode 47504781306704: hp 43->6 | total wins 1640/1820
23:57:45 [1821/5100] episode 47504781307704: hp 50->50 | total wins 1641/1821
23:57:45 [1822/5100] episode 47504781306802: hp 47->39 | total wins 1642/1822
23:57:46 [1823/5100] episode 47504781305905: hp 42->2 | total wins 1643/1823
23:57:46 [1824/5100] episode 47504781305402: hp 63->3 | total wins 1644/1824
23:57:47 [1825/5100] episode 47504781306703: hp 51->16 | total wins 1645/1825
23:57:47 [1826/5100] episode 47504781308703: hp 54->38 | total wins 1646/1826
23:57:48 [1827/5100] episode 47504781308603: hp 59->41 | total wins 1647/1827
23:57:48 [1828/5100] episode 47504781306405: hp 51->41 | total wins 1648/1828
23:57:49 [1829/5100] episode 47504781305902: hp 64->8 | total wins 1649/1829
23:57:49 [1830/5100] episode 47504781307404: hp 56->34 | total wins 1650/1830
23:57:50 [1831/5100] episode 47504781301406: hp 53->7 | total wins 1651/1831
23:57:50 [1832/5100] episode 47504781310603: hp 60->48 | total wins 1652/1832
23:57:50 [1833/5100] episode 47504781309702: hp 75->29 | total wins 1653/1833
23:57:51 [1834/5100] episode 47504781308803: hp 63->33 | total wins 1654/1834
23:57:51 [1835/5100] episode 47504781307903: hp 48->16 | total wins 1655/1835
23:57:51 episode 47504781311702 skipped: replay diverged from the stored fight: ns": [[2, 2, 0, 0, 3, 2, 0, 0, 1], [0, 3, 0, 1, 0, 0, 0]], "random_potions": true, "samples": [{"episode_id": 47504781311702000, "starting_hp": 72}], "teacher": {"leaf": "guided_rollout", "simulations": 20000, "oracle": false, "rand: fight_resample_worker: stored actions don't fit the replayed fight
23:57:51 episode 47504781311705 skipped: replay diverged from the stored fight: ns": [[2, 2, 0, 0, 3, 2, 0, 0, 1], [0, 3, 0, 1, 0, 0, 0], [0, 0, 1, 1, 2, 0, 1, 0, 1, 1, 1, 0, 1, 1, 1, 2], [0, 1, 0, 1, 2, 2, 2, 1, 2, 2, 2, 0, 1], [5, 2, 1, 1, 2, 0, 1, 0, 1, 0, 0, 1, 0, 1, 0, 1, 2]], "random_potions": true, "samp: fight_resample_worker: stored actions don't fit the replayed fight
23:57:51 episode 47504781311804 skipped: replay diverged from the stored fight: ns": [[1, 1, 1, 0, 0, 0, 0, 0], [2, 0, 0, 0, 1], [0, 2, 1, 1, 0, 2, 3, 0, 0], [4, 0, 0, 1, 5, 0, 2, 3, 2, 1, 1, 1]], "random_potions": true, "samples": [{"episode_id": 47504781311804000, "starting_hp": 68}], "teacher": {"leaf": "gui: fight_resample_worker: stored actions don't fit the replayed fight
23:57:51 episode 47504781311807 skipped: replay diverged from the stored fight: ns": [[1, 1, 1, 0, 0, 0, 0, 0], [2, 0, 0, 0, 1], [0, 2, 1, 1, 0, 2, 3, 0, 0], [4, 0, 0, 1, 5, 0, 2, 3, 2, 1, 1, 1], [0, 1, 1, 1, 1, 0, 6, 0, 0, 1, 1, 0, 1, 0, 0, 1, 2, 0, 1, 1, 0, 0], [0, 0, 1, 1, 0, 0], [1, 0, 1, 5, 0, 1, 5, 2, 0, : fight_resample_worker: stored actions don't fit the replayed fight
23:57:51 [1836/5100] episode 47504781311405: hp 42->22 | total wins 1656/1836
23:57:52 [1837/5100] episode 47504781305705: hp 59->26 | total wins 1657/1837
23:57:52 [1838/5100] episode 47504781308602: hp 67->42 | total wins 1658/1838
23:57:53 [1839/5100] episode 47504781312702: hp 54->24 | total wins 1659/1839
23:57:53 [1840/5100] episode 47504781311904: hp 46->17 | total wins 1660/1840
23:57:53 [1841/5100] episode 47504781313604: hp 54->22 | total wins 1661/1841
23:57:54 [1842/5100] episode 47504781312805: hp 57->41 | total wins 1662/1842
23:57:54 [1843/5100] episode 47504781311602: hp 44->15 | total wins 1663/1843
23:57:55 [1844/5100] episode 47504781310402: hp 73->56 | total wins 1664/1844
23:57:55 episode 47504781314806 skipped: replay diverged from the stored fight: ns": [[1, 1, 1, 0, 1, 1, 2, 0, 0, 3, 1, 0, 0, 0, 0], [6, 2, 6, 0, 0, 0, 0, 0, 3, 1, 1, 0, 0], [5, 0, 0, 0, 0, 1, 1, 2, 2, 2, 0], [0, 0, 0, 0, 0, 3, 2, 4, 0, 1, 0, 1, 0, 2, 0, 0, 0], [6, 0, 0, 1, 0, 0, 0, 1, 2, 2, 1, 0, 1, 0, 0, 1, 1: fight_resample_worker: stored actions don't fit the replayed fight
23:57:55 [1845/5100] episode 47504781313605: hp 48->18 | total wins 1665/1845
23:57:55 [1846/5100] episode 47504781313701: hp 57->17 | total wins 1666/1846
23:57:56 [1847/5100] episode 47504781310704: hp 75->56 | total wins 1667/1847
23:57:58 [1848/5100] episode 47504781314903: hp 75->45 | total wins 1668/1848
23:57:59 [1849/5100] episode 47504781309402: hp 75->20 | total wins 1669/1849
23:57:59 [1850/5100] episode 47504781311402: hp 75->35 | total wins 1670/1850
23:57:59 [1851/5100] episode 47504781313806: hp 55->55 | total wins 1671/1851
23:58:01 [1852/5100] episode 47504781313906: hp 54->37 | total wins 1672/1852
23:58:01 [1853/5100] episode 47504781316802: hp 54->28 | total wins 1673/1853
23:58:01 [1854/5100] episode 47504781316702: hp 42->lost | total wins 1673/1854
23:58:01 episode 47504781317903 skipped: replay diverged from the stored fight: ns": [[1, 2, 0, 2, 1, 0, 1, 0, 0, 0], [0, 1, 0, 0, 1, 2, 1, 0, 0, 4], [0, 0, 0, 1, 1, 1, 2, 1, 0, 0, 2, 3, 0, 0, 3]], "random_potions": true, "samples": [{"episode_id": 47504781317903000, "starting_hp": 73}], "teacher": {"leaf": "gu: fight_resample_worker: stored actions don't fit the replayed fight
23:58:01 [1855/5100] episode 47504781314904: hp 55->30 | total wins 1674/1855
23:58:01 [1856/5100] episode 47504781315404: hp 42->lost | total wins 1674/1856
23:58:01 [1857/5100] episode 47504781317604: hp 57->45 | total wins 1675/1857
23:58:03 [1858/5100] episode 47504781317703: hp 67->60 | total wins 1676/1858
23:58:03 [1859/5100] episode 47504781318802: hp 53->38 | total wins 1677/1859
23:58:03 [1860/5100] episode 47504781306803: hp 63->38 | total wins 1678/1860
23:58:03 [1861/5100] episode 47504781310801: hp 75->11 | total wins 1679/1861
23:58:03 [1862/5100] episode 47504781316606: hp 54->30 | total wins 1680/1862
23:58:04 [1863/5100] episode 47504781317806: hp 60->44 | total wins 1681/1863
23:58:04 [1864/5100] episode 47504781318804: hp 56->46 | total wins 1682/1864
23:58:04 [1865/5100] episode 47504781319604: hp 28->28 | total wins 1683/1865
23:58:04 [1866/5100] episode 47504781319404: hp 50->19 | total wins 1684/1866
23:58:05 [1867/5100] episode 47504781316903: hp 54->1 | total wins 1685/1867
23:58:05 [1868/5100] episode 47504781320401: hp 50->34 | total wins 1686/1868
23:58:06 [1869/5100] episode 47504781320705: hp 37->27 | total wins 1687/1869
23:58:06 [1870/5100] episode 47504781314402: hp 64->9 | total wins 1688/1870
23:58:06 [1871/5100] episode 47504781320704: hp 29->2 | total wins 1689/1871
23:58:06 [1872/5100] episode 47504781321405: hp 62->40 | total wins 1690/1872
23:58:07 [1873/5100] episode 47504781322703: hp 75->75 | total wins 1691/1873
23:58:07 [1874/5100] episode 47504781319601: hp 62->42 | total wins 1692/1874
23:58:07 [1875/5100] episode 47504781321905: hp 70->54 | total wins 1693/1875
23:58:07 [1876/5100] episode 47504781322805: hp 40->28 | total wins 1694/1876
23:58:08 [1877/5100] episode 47504781322905: hp 55->35 | total wins 1695/1877
23:58:09 [1878/5100] episode 47504781319902: hp 37->lost | total wins 1695/1878
23:58:09 [1879/5100] episode 47504781322904: hp 64->41 | total wins 1696/1879
23:58:09 [1880/5100] episode 47504781318902: hp 30->8 | total wins 1697/1880
23:58:10 [1881/5100] episode 47504781322603: hp 65->50 | total wins 1698/1881
23:58:11 [1882/5100] episode 47504781323402: hp 30->20 | total wins 1699/1882
23:58:11 [1883/5100] episode 47504781320604: hp 74->34 | total wins 1700/1883
23:58:12 [1884/5100] episode 47504781323905: hp 65->41 | total wins 1701/1884
23:58:14 [1885/5100] episode 47504781323903: hp 75->43 | total wins 1702/1885
23:58:14 [1886/5100] episode 47504781325902: hp 15->lost | total wins 1702/1886
23:58:15 [1887/5100] episode 47504781324603: hp 67->58 | total wins 1703/1887
23:58:15 [1888/5100] episode 47504781325705: hp 21->lost | total wins 1703/1888
23:58:15 [1889/5100] episode 47504781324703: hp 37->27 | total wins 1704/1889
23:58:15 [1890/5100] episode 47504781326904: hp 59->59 | total wins 1705/1890
23:58:16 [1891/5100] episode 47504781325605: hp 57->45 | total wins 1706/1891
23:58:16 [1892/5100] episode 47504781321706: hp 29->16 | total wins 1707/1892
23:58:16 [1893/5100] episode 47504781326603: hp 49->37 | total wins 1708/1893
23:58:17 [1894/5100] episode 47504781321703: hp 75->23 | total wins 1709/1894
23:58:17 [1895/5100] episode 47504781319704: hp 72->46 | total wins 1710/1895
23:58:17 [1896/5100] episode 47504781327805: hp 42->42 | total wins 1711/1896
23:58:17 [1897/5100] episode 47504781327403: hp 68->57 | total wins 1712/1897
23:58:18 [1898/5100] episode 47504781325604: hp 65->29 | total wins 1713/1898
23:58:19 [1899/5100] episode 47504781328403: hp 53->18 | total wins 1714/1899
23:58:19 [1900/5100] episode 47504781328405: hp 8->lost | total wins 1714/1900
23:58:19 [1901/5100] episode 47504781327702: hp 42->2 | total wins 1715/1901
23:58:19 [1902/5100] episode 47504781327904: hp 25->5 | total wins 1716/1902
23:58:19 [1903/5100] episode 47504781323604: hp 75->37 | total wins 1717/1903
23:58:20 [1904/5100] episode 47504781325901: hp 55->7 | total wins 1718/1904
23:58:20 [1905/5100] episode 47504781328703: hp 59->33 | total wins 1719/1905
23:58:21 [1906/5100] episode 47504781329702: hp 58->31 | total wins 1720/1906
23:58:21 [1907/5100] episode 47504781329605: hp 39->36 | total wins 1721/1907
23:58:22 [1908/5100] episode 47504781330403: hp 67->39 | total wins 1722/1908
23:58:24 [1909/5100] episode 47504781327803: hp 69->44 | total wins 1723/1909
23:58:25 [1910/5100] episode 47504781328802: hp 64->lost | total wins 1723/1910
23:58:25 [1911/5100] episode 47504781330404: hp 49->21 | total wins 1724/1911
23:58:25 [1912/5100] episode 47504781329603: hp 70->36 | total wins 1725/1912
23:58:25 [1913/5100] episode 47504781326802: hp 57->lost | total wins 1725/1913
23:58:26 [1914/5100] episode 47504781329403: hp 80->49 | total wins 1726/1914
23:58:27 [1915/5100] episode 47504781331706: hp 53->34 | total wins 1727/1915
23:58:27 [1916/5100] episode 47504781331801: hp 61->28 | total wins 1728/1916
23:58:27 [1917/5100] episode 47504781329802: hp 52->lost | total wins 1728/1917
23:58:27 [1918/5100] episode 47504781327604: hp 48->13 | total wins 1729/1918
23:58:28 [1919/5100] episode 47504781332403: hp 71->47 | total wins 1730/1919
23:58:28 [1920/5100] episode 47504781332605: hp 21->lost | total wins 1730/1920
23:58:28 [1921/5100] episode 47504781331702: hp 68->36 | total wins 1731/1921
23:58:28 [1922/5100] episode 47504781332905: hp 68->52 | total wins 1732/1922
23:58:29 [1923/5100] episode 47504781332602: hp 59->2 | total wins 1733/1923
23:58:29 [1924/5100] episode 47504781328604: hp 55->39 | total wins 1734/1924
23:58:29 [1925/5100] episode 47504781334603: hp 36->20 | total wins 1735/1925
23:58:30 [1926/5100] episode 47504781333904: hp 4->lost | total wins 1735/1926
23:58:30 [1927/5100] episode 47504781333404: hp 26->lost | total wins 1735/1927
23:58:30 [1928/5100] episode 47504781335402: hp 12->lost | total wins 1735/1928
23:58:32 [1929/5100] episode 47504781334802: hp 70->54 | total wins 1736/1929
23:58:32 [1930/5100] episode 47504781330602: hp 54->29 | total wins 1737/1930
23:58:32 [1931/5100] episode 47504781332705: hp 50->25 | total wins 1738/1931
23:58:32 [1932/5100] episode 47504781335403: hp 30->14 | total wins 1739/1932
23:58:33 [1933/5100] episode 47504781331602: hp 47->27 | total wins 1740/1933
23:58:33 [1934/5100] episode 47504781334905: hp 31->2 | total wins 1741/1934
23:58:33 [1935/5100] episode 47504781335706: hp 18->lost | total wins 1741/1935
23:58:34 [1936/5100] episode 47504781336603: hp 64->32 | total wins 1742/1936
23:58:34 [1937/5100] episode 47504781336802: hp 64->32 | total wins 1743/1937
23:58:34 [1938/5100] episode 47504781334705: hp 71->50 | total wins 1744/1938
23:58:35 [1939/5100] episode 47504781337703: hp 75->63 | total wins 1745/1939
23:58:35 [1940/5100] episode 47504781335703: hp 53->31 | total wins 1746/1940
23:58:36 [1941/5100] episode 47504781339602: hp 39->23 | total wins 1747/1941
23:58:36 episode 47504781339603 skipped: replay diverged from the stored fight: 1, 0, 0, 0, 2, 1, 0, 0, 1], [0, 0, 1, 0, 0, 0, 2, 4, 0, 1, 0], [5]], "random_potions": true, "samples": [{"episode_id": 47504781339603000, "starting_hp": 61}], "teacher": {"leaf": "guided_rollout", "simulations": 20000, "orac: fight_resample_worker: replayed fight didn't end after its stored actions
23:58:36 [1942/5100] episode 47504781334903: hp 64->26 | total wins 1748/1942
23:58:37 [1943/5100] episode 47504781338402: hp 51->lost | total wins 1748/1943
23:58:37 [1944/5100] episode 47504781335603: hp 52->25 | total wins 1749/1944
23:58:37 [1945/5100] episode 47504781339703: hp 72->48 | total wins 1750/1945
23:58:38 [1946/5100] episode 47504781336705: hp 70->64 | total wins 1751/1946
23:58:38 [1947/5100] episode 47504781339805: hp 75->51 | total wins 1752/1947
23:58:39 [1948/5100] episode 47504781332704: hp 70->28 | total wins 1753/1948
23:58:39 [1949/5100] episode 47504781340605: hp 61->61 | total wins 1754/1949
23:58:39 [1950/5100] episode 47504781339702: hp 55->35 | total wins 1755/1950
23:58:39 [1951/5100] episode 47504781336904: hp 74->54 | total wins 1756/1951
23:58:39 [1952/5100] episode 47504781337404: hp 63->44 | total wins 1757/1952
23:58:40 [1953/5100] episode 47504781340606: hp 15->lost | total wins 1757/1953
23:58:40 [1954/5100] episode 47504781340903: hp 35->35 | total wins 1758/1954
23:58:40 [1955/5100] episode 47504781340806: hp 63->44 | total wins 1759/1955
23:58:40 episode 47504781341405 skipped: replay diverged from the stored fight: ns": [[2, 2, 2, 0, 0, 0, 1, 0, 0, 0], [0, 1, 0, 2, 0, 0, 1], [3, 2, 0, 2, 0, 0, 1, 1, 0, 0, 0, 0, 0, 1], [1, 1, 1, 0, 0, 1, 2, 0, 0, 0, 0, 1, 0, 0, 0, 0, 0, 0, 0], [0, 6, 0, 3, 2]], "random_potions": true, "samples": [{"episode_id":: fight_resample_worker: stored actions don't fit the replayed fight
23:58:40 [1956/5100] episode 47504781340403: hp 45->7 | total wins 1760/1956
23:58:41 [1957/5100] episode 47504781340407: hp 27->20 | total wins 1761/1957
23:58:41 [1958/5100] episode 47504781340704: hp 46->42 | total wins 1762/1958
23:58:41 [1959/5100] episode 47504781342702: hp 69->53 | total wins 1763/1959
23:58:42 [1960/5100] episode 47504781341902: hp 75->56 | total wins 1764/1960
23:58:42 [1961/5100] episode 47504781341402: hp 75->43 | total wins 1765/1961
23:58:42 [1962/5100] episode 47504781341807: hp 38->34 | total wins 1766/1962
23:58:42 [1963/5100] episode 47504781342703: hp 40->20 | total wins 1767/1963
23:58:43 [1964/5100] episode 47504781342905: hp 72->77 | total wins 1768/1964
23:58:43 [1965/5100] episode 47504781338904: hp 75->39 | total wins 1769/1965
23:58:44 [1966/5100] episode 47504781342401: hp 54->38 | total wins 1770/1966
23:58:44 [1967/5100] episode 47504781343404: hp 40->16 | total wins 1771/1967
23:58:44 [1968/5100] episode 47504781340604: hp 75->55 | total wins 1772/1968
23:58:45 [1969/5100] episode 47504781343602: hp 69->37 | total wins 1773/1969
23:58:45 [1970/5100] episode 47504781343405: hp 18->lost | total wins 1773/1970
23:58:46 [1971/5100] episode 47504781343804: hp 75->61 | total wins 1774/1971
23:58:46 [1972/5100] episode 47504781336403: hp 56->15 | total wins 1775/1972
23:58:46 [1973/5100] episode 47504781342705: hp 55->30 | total wins 1776/1973
23:58:47 [1974/5100] episode 47504781345704: hp 59->28 | total wins 1777/1974
23:58:47 [1975/5100] episode 47504781340803: hp 69->36 | total wins 1778/1975
23:58:47 [1976/5100] episode 47504781340902: hp 45->34 | total wins 1779/1976
23:58:47 [1977/5100] episode 47504781343907: hp 39->35 | total wins 1780/1977
23:58:47 [1978/5100] episode 47504781345805: hp 69->37 | total wins 1781/1978
23:58:47 [1979/5100] episode 47504781347705: hp 42->42 | total wins 1782/1979
23:58:48 [1980/5100] episode 47504781346702: hp 61->45 | total wins 1783/1980
23:58:48 [1981/5100] episode 47504781346805: hp 22->6 | total wins 1784/1981
23:58:49 [1982/5100] episode 47504781346402: hp 52->52 | total wins 1785/1982
23:58:49 [1983/5100] episode 47504781346602: hp 55->12 | total wins 1786/1983
23:58:49 [1984/5100] episode 47504781330702: hp 75->41 | total wins 1787/1984
23:58:49 [1985/5100] episode 47504781348603: hp 75->59 | total wins 1788/1985
23:58:50 [1986/5100] episode 47504781345804: hp 74->49 | total wins 1789/1986
23:58:50 episode 47504781349603 skipped: replay diverged from the stored fight: 2, 1, 0, 2, 0, 0, 0, 0], [5], [4, 2, 1, 0, 2, 2, 0, 0, 0, 0, 0, 1]], "random_potions": true, "samples": [{"episode_id": 47504781349603000, "starting_hp": 64}], "teacher": {"leaf": "guided_rollout", "simulations": 20000, "orac: fight_resample_worker: replayed fight didn't end after its stored actions
23:58:50 episode 47504781349605 skipped: replay diverged from the stored fight: 2, 1, 0, 2, 0, 0, 0, 0], [5], [4, 2, 1, 0, 2, 2, 0, 0, 0, 0, 0, 1], [0, 1, 2, 1, 0, 0, 1, 0, 0, 1, 1, 1, 0, 1, 0, 1, 0, 3, 0, 0, 0, 0, 0, 0], [2, 2, 0, 0, 3, 1, 0, 1, 2, 2, 0, 0]], "random_potions": true, "samples": [{"episod: fight_resample_worker: replayed fight didn't end after its stored actions
23:58:51 [1987/5100] episode 47504781349804: hp 48->48 | total wins 1790/1987
23:58:51 [1988/5100] episode 47504781347803: hp 45->34 | total wins 1791/1988
23:58:51 [1989/5100] episode 47504781348803: hp 55->25 | total wins 1792/1989
23:58:52 [1990/5100] episode 47504781344604: hp 54->23 | total wins 1793/1990
23:58:52 [1991/5100] episode 47504781344805: hp 57->26 | total wins 1794/1991
23:58:52 [1992/5100] episode 47504781349902: hp 46->30 | total wins 1795/1992
23:58:53 [1993/5100] episode 47504781350704: hp 26->4 | total wins 1796/1993
23:58:53 [1994/5100] episode 47504781348605: hp 61->36 | total wins 1797/1994
23:58:53 [1995/5100] episode 47504781346403: hp 81->51 | total wins 1798/1995
23:58:53 [1996/5100] episode 47504781348705: hp 38->10 | total wins 1799/1996
23:58:53 [1997/5100] episode 47504781347406: hp 50->27 | total wins 1800/1997
23:58:55 [1998/5100] episode 47504781351603: hp 75->51 | total wins 1801/1998
23:58:55 [1999/5100] episode 47504781350906: hp 54->27 | total wins 1802/1999
23:58:55 [2000/5100] episode 47504781352403: hp 63->30 | total wins 1803/2000
23:58:56 [2001/5100] episode 47504781348805: hp 58->28 | total wins 1804/2001
23:58:56 [2002/5100] episode 47504781352804: hp 41->21 | total wins 1805/2002
23:58:56 [2003/5100] episode 47504781353702: hp 60->28 | total wins 1806/2003
23:58:56 [2004/5100] episode 47504781352905: hp 30->2 | total wins 1807/2004
23:58:56 [2005/5100] episode 47504781348902: hp 48->15 | total wins 1808/2005
23:58:57 [2006/5100] episode 47504781351704: hp 22->lost | total wins 1808/2006
23:58:57 [2007/5100] episode 47504781350803: hp 46->4 | total wins 1809/2007
23:58:57 [2008/5100] episode 47504781354703: hp 30->14 | total wins 1810/2008
23:58:57 [2009/5100] episode 47504781353801: hp 47->19 | total wins 1811/2009
23:58:58 [2010/5100] episode 47504781354603: hp 73->57 | total wins 1812/2010
23:58:59 [2011/5100] episode 47504781352404: hp 42->lost | total wins 1812/2011
23:58:59 [2012/5100] episode 47504781355603: hp 28->12 | total wins 1813/2012
23:58:59 [2013/5100] episode 47504781354803: hp 75->40 | total wins 1814/2013
23:58:59 [2014/5100] episode 47504781354605: hp 31->9 | total wins 1815/2014
23:59:00 [2015/5100] episode 47504781355802: hp 58->18 | total wins 1816/2015
23:59:00 [2016/5100] episode 47504781351405: hp 49->26 | total wins 1817/2016
23:59:00 [2017/5100] episode 47504781352703: hp 61->48 | total wins 1818/2017
23:59:00 [2018/5100] episode 47504781356904: hp 75->63 | total wins 1819/2018
23:59:00 [2019/5100] episode 47504781355602: hp 50->1 | total wins 1820/2019
23:59:02 [2020/5100] episode 47504781354901: hp 65->55 | total wins 1821/2020
23:59:02 [2021/5100] episode 47504781356906: hp 61->58 | total wins 1822/2021
23:59:02 [2022/5100] episode 47504781357603: hp 41->1 | total wins 1823/2022
23:59:03 [2023/5100] episode 47504781355803: hp 36->11 | total wins 1824/2023
23:59:04 [2024/5100] episode 47504781357704: hp 37->12 | total wins 1825/2024
23:59:04 [2025/5100] episode 47504781354702: hp 41->11 | total wins 1826/2025
23:59:04 [2026/5100] episode 47504781354403: hp 67->47 | total wins 1827/2026
23:59:06 [2027/5100] episode 47504781351702: hp 44->15 | total wins 1828/2027
23:59:07 [2028/5100] episode 47504781357903: hp 70->49 | total wins 1829/2028
23:59:07 [2029/5100] episode 47504781359704: hp 50->35 | total wins 1830/2029
23:59:08 [2030/5100] episode 47504781357707: hp 33->22 | total wins 1831/2030
23:59:08 [2031/5100] episode 47504781360804: hp 37->28 | total wins 1832/2031
23:59:10 [2032/5100] episode 47504781355903: hp 65->33 | total wins 1833/2032
23:59:10 [2033/5100] episode 47504781358602: hp 75->41 | total wins 1834/2033
23:59:10 [2034/5100] episode 47504781358802: hp 57->3 | total wins 1835/2034
23:59:10 [2035/5100] episode 47504781355902: hp 71->11 | total wins 1836/2035
23:59:11 [2036/5100] episode 47504781360702: hp 31->1 | total wins 1837/2036
23:59:12 [2037/5100] episode 47504781360802: hp 28->12 | total wins 1838/2037
23:59:12 [2038/5100] episode 47504781359903: hp 64->48 | total wins 1839/2038
23:59:12 [2039/5100] episode 47504781361403: hp 43->3 | total wins 1840/2039
23:59:13 [2040/5100] episode 47504781361604: hp 67->43 | total wins 1841/2040
23:59:14 [2041/5100] episode 47504781361705: hp 67->34 | total wins 1842/2041
23:59:14 [2042/5100] episode 47504781358903: hp 59->69 | total wins 1843/2042
23:59:14 [2043/5100] episode 47504781361902: hp 70->16 | total wins 1844/2043
23:59:14 [2044/5100] episode 47504781361603: hp 75->50 | total wins 1845/2044
23:59:15 [2045/5100] episode 47504781362405: hp 54->54 | total wins 1846/2045
23:59:16 [2046/5100] episode 47504781361605: hp 60->60 | total wins 1847/2046
23:59:16 [2047/5100] episode 47504781356402: hp 73->26 | total wins 1848/2047
23:59:16 [2048/5100] episode 47504781362903: hp 48->15 | total wins 1849/2048
23:59:16 [2049/5100] episode 47504781363705: hp 20->lost | total wins 1849/2049
23:59:17 [2050/5100] episode 47504781363402: hp 82->66 | total wins 1850/2050
23:59:17 [2051/5100] episode 47504781361803: hp 32->23 | total wins 1851/2051
23:59:17 [2052/5100] episode 47504781363802: hp 48->16 | total wins 1852/2052
23:59:18 [2053/5100] episode 47504781360907: hp 61->60 | total wins 1853/2053
23:59:19 [2054/5100] episode 47504781363804: hp 34->1 | total wins 1854/2054
23:59:19 [2055/5100] episode 47504781362404: hp 72->2 | total wins 1855/2055
23:59:19 [2056/5100] episode 47504781359703: hp 62->36 | total wins 1856/2056
23:59:19 [2057/5100] episode 47504781363902: hp 66->6 | total wins 1857/2057
23:59:20 [2058/5100] episode 47504781362604: hp 39->2 | total wins 1858/2058
23:59:20 [2059/5100] episode 47504781364602: hp 58->23 | total wins 1859/2059
23:59:20 [2060/5100] episode 47504781364804: hp 51->19 | total wins 1860/2060
23:59:20 [2061/5100] episode 47504781364904: hp 20->lost | total wins 1860/2061
23:59:21 [2062/5100] episode 47504781365904: hp 75->48 | total wins 1861/2062
23:59:22 [2063/5100] episode 47504781363605: hp 58->48 | total wins 1862/2063
23:59:23 [2064/5100] episode 47504781366903: hp 75->59 | total wins 1863/2064
23:59:23 [2065/5100] episode 47504781366604: hp 75->11 | total wins 1864/2065
23:59:24 [2066/5100] episode 47504781360904: hp 62->48 | total wins 1865/2066
23:59:24 [2067/5100] episode 47504781365401: hp 41->lost | total wins 1865/2067
23:59:25 [2068/5100] episode 47504781365905: hp 75->55 | total wins 1866/2068
23:59:25 [2069/5100] episode 47504781367701: hp 75->43 | total wins 1867/2069
23:59:25 [2070/5100] episode 47504781368403: hp 64->32 | total wins 1868/2070
23:59:26 [2071/5100] episode 47504781366403: hp 75->50 | total wins 1869/2071
23:59:26 [2072/5100] episode 47504781365803: hp 64->64 | total wins 1870/2072
23:59:26 [2073/5100] episode 47504781364702: hp 59->3 | total wins 1871/2073
23:59:26 [2074/5100] episode 47504781364803: hp 60->52 | total wins 1872/2074
23:59:26 [2075/5100] episode 47504781367801: hp 60->44 | total wins 1873/2075
23:59:26 episode 47504781369602 skipped: replay diverged from the stored fight: ns": [[0, 1, 0, 1, 1, 0, 0, 1, 1, 1, 1, 1, 0, 0, 0, 0], [1, 0, 1, 0, 1, 2, 1, 0, 1, 1, 2, 1, 0, 0, 0]], "random_potions": true, "samples": [{"episode_id": 47504781369602000, "starting_hp": 55}], "teacher": {"leaf": "guided_rollout",: fight_resample_worker: stored actions don't fit the replayed fight
23:59:26 [2076/5100] episode 47504781368402: hp 70->15 | total wins 1874/2076
23:59:27 [2077/5100] episode 47504781370403: hp 33->17 | total wins 1875/2077
23:59:28 [2078/5100] episode 47504781367903: hp 75->63 | total wins 1876/2078
23:59:28 [2079/5100] episode 47504781370604: hp 27->15 | total wins 1877/2079
23:59:28 [2080/5100] episode 47504781367604: hp 75->55 | total wins 1878/2080
23:59:29 [2081/5100] episode 47504781368902: hp 30->lost | total wins 1878/2081
23:59:29 [2082/5100] episode 47504781368604: hp 58->28 | total wins 1879/2082
23:59:29 [2083/5100] episode 47504781368904: hp 22->2 | total wins 1880/2083
23:59:30 [2084/5100] episode 47504781370605: hp 63->63 | total wins 1881/2084
23:59:31 [2085/5100] episode 47504781370703: hp 34->lost | total wins 1881/2085
23:59:32 [2086/5100] episode 47504781371703: hp 75->59 | total wins 1882/2086
23:59:32 episode 47504781372606 skipped: replay diverged from the stored fight: ns": [[2, 0, 0, 3, 1, 1, 0, 0, 2, 0], [1, 1, 1, 0, 0, 0, 0, 0], [0, 0, 2, 1, 1, 2], [2, 0, 1, 1, 1, 7, 2, 0, 1, 0, 2, 1, 0, 0], [1, 0, 1, 1, 1, 1, 2, 0, 1, 2, 1, 0], [1, 0, 1, 1, 5, 2, 0, 0, 2, 0, 0, 1, 0, 1, 0, 0, 0]], "random_poti: fight_resample_worker: stored actions don't fit the replayed fight
23:59:32 [2087/5100] episode 47504781363803: hp 48->15 | total wins 1883/2087
23:59:32 [2088/5100] episode 47504781368703: hp 63->lost | total wins 1883/2088
23:59:33 [2089/5100] episode 47504781371602: hp 37->lost | total wins 1883/2089
23:59:33 [2090/5100] episode 47504781372707: hp 14->2 | total wins 1884/2090
23:59:34 [2091/5100] episode 47504781370903: hp 52->4 | total wins 1885/2091
23:59:34 [2092/5100] episode 47504781373605: hp 38->lost | total wins 1885/2092
23:59:35 [2093/5100] episode 47504781373402: hp 15->lost | total wins 1885/2093
23:59:35 [2094/5100] episode 47504781372703: hp 47->47 | total wins 1886/2094
23:59:35 [2095/5100] episode 47504781366804: hp 75->65 | total wins 1887/2095
23:59:36 [2096/5100] episode 47504781374404: hp 56->28 | total wins 1888/2096
23:59:36 [2097/5100] episode 47504781370904: hp 44->lost | total wins 1888/2097
23:59:37 [2098/5100] episode 47504781370803: hp 74->44 | total wins 1889/2098
23:59:40 [2099/5100] episode 47504781373704: hp 30->12 | total wins 1890/2099
23:59:40 [2100/5100] episode 47504781375703: hp 52->12 | total wins 1891/2100
23:59:40 [2101/5100] episode 47504781373904: hp 68->48 | total wins 1892/2101
23:59:41 [2102/5100] episode 47504781375804: hp 47->27 | total wins 1893/2102
23:59:41 [2103/5100] episode 47504781370702: hp 73->33 | total wins 1894/2103
23:59:41 [2104/5100] episode 47504781374606: hp 46->22 | total wins 1895/2104
23:59:41 episode 47504781376806 skipped: replay diverged from the stored fight: ns": [[2, 2, 0, 0, 1, 1, 1, 0, 0, 1, 2, 0, 0, 0, 0, 0, 0, 3, 0], [0, 1, 1, 4, 5, 1, 0, 1, 1, 1], [0, 0, 0, 1, 0, 0, 0, 0, 0, 0, 1], [6, 0, 0, 1, 0, 0, 1], [2, 4, 0, 0, 0, 0, 0, 0, 0, 2, 0, 0, 0, 1, 0, 4, 0, 0, 0, 0, 0, 4, 1, 0, 0, 0: fight_resample_worker: stored actions don't fit the replayed fight
23:59:42 [2105/5100] episode 47504781374605: hp 43->20 | total wins 1896/2105
23:59:42 [2106/5100] episode 47504781375903: hp 75->50 | total wins 1897/2106
23:59:42 [2107/5100] episode 47504781376604: hp 51->25 | total wins 1898/2107
23:59:42 [2108/5100] episode 47504781376404: hp 70->55 | total wins 1899/2108
23:59:43 [2109/5100] episode 47504781378604: hp 65->65 | total wins 1900/2109
23:59:43 [2110/5100] episode 47504781376403: hp 70->51 | total wins 1901/2110
23:59:44 [2111/5100] episode 47504781375701: hp 55->13 | total wins 1902/2111
23:59:45 [2112/5100] episode 47504781377405: hp 69->69 | total wins 1903/2112
23:59:46 [2113/5100] episode 47504781378602: hp 75->35 | total wins 1904/2113
23:59:46 [2114/5100] episode 47504781379602: hp 66->26 | total wins 1905/2114
23:59:46 [2115/5100] episode 47504781369901: hp 69->30 | total wins 1906/2115
23:59:47 [2116/5100] episode 47504781379902: hp 75->40 | total wins 1907/2116
23:59:48 [2117/5100] episode 47504781369703: hp 65->26 | total wins 1908/2117
23:59:49 [2118/5100] episode 47504781380705: hp 69->69 | total wins 1909/2118
23:59:49 [2119/5100] episode 47504781380402: hp 49->1 | total wins 1910/2119
23:59:49 [2120/5100] episode 47504781378703: hp 75->29 | total wins 1911/2120
23:59:50 [2121/5100] episode 47504781376708: hp 75->58 | total wins 1912/2121
23:59:50 [2122/5100] episode 47504781380403: hp 50->18 | total wins 1913/2122
23:59:51 [2123/5100] episode 47504781378906: hp 20->10 | total wins 1914/2123
23:59:52 [2124/5100] episode 47504781376902: hp 62->22 | total wins 1915/2124
23:59:52 [2125/5100] episode 47504781380606: hp 37->34 | total wins 1916/2125
23:59:53 [2126/5100] episode 47504781381701: hp 42->lost | total wins 1916/2126
23:59:53 [2127/5100] episode 47504781382604: hp 61->lost | total wins 1916/2127
23:59:54 [2128/5100] episode 47504781381602: hp 27->lost | total wins 1916/2128
23:59:54 [2129/5100] episode 47504781381605: hp 42->7 | total wins 1917/2129
23:59:54 [2130/5100] episode 47504781381702: hp 23->lost | total wins 1917/2130
23:59:55 [2131/5100] episode 47504781382804: hp 40->12 | total wins 1918/2131
23:59:55 [2132/5100] episode 47504781383402: hp 58->42 | total wins 1919/2132
23:59:55 [2133/5100] episode 47504781382904: hp 23->11 | total wins 1920/2133
23:59:55 [2134/5100] episode 47504781376804: hp 73->21 | total wins 1921/2134
23:59:56 [2135/5100] episode 47504781383404: hp 52->22 | total wins 1922/2135
23:59:56 [2136/5100] episode 47504781379904: hp 69->44 | total wins 1923/2136
23:59:57 [2137/5100] episode 47504781383403: hp 43->31 | total wins 1924/2137
23:59:57 [2138/5100] episode 47504781381703: hp 35->lost | total wins 1924/2138
23:59:58 [2139/5100] episode 47504781383804: hp 69->41 | total wins 1925/2139
23:59:58 [2140/5100] episode 47504781382705: hp 66->51 | total wins 1926/2140
23:59:59 [2141/5100] episode 47504781383706: hp 48->33 | total wins 1927/2141
23:59:59 [2142/5100] episode 47504781383806: hp 67->67 | total wins 1928/2142
00:00:00 [2143/5100] episode 47504781381404: hp 75->55 | total wins 1929/2143
00:00:00 [2144/5100] episode 47504781383705: hp 75->47 | total wins 1930/2144
00:00:01 [2145/5100] episode 47504781384404: hp 36->1 | total wins 1931/2145
00:00:01 [2146/5100] episode 47504781384704: hp 48->46 | total wins 1932/2146
00:00:01 [2147/5100] episode 47504781384902: hp 40->2 | total wins 1933/2147
00:00:01 [2148/5100] episode 47504781384801: hp 46->lost | total wins 1933/2148
00:00:02 [2149/5100] episode 47504781378903: hp 75->67 | total wins 1934/2149
00:00:02 [2150/5100] episode 47504781383604: hp 75->40 | total wins 1935/2150
00:00:03 [2151/5100] episode 47504781384403: hp 54->20 | total wins 1936/2151
00:00:03 [2152/5100] episode 47504781384904: hp 18->lost | total wins 1936/2152
00:00:03 [2153/5100] episode 47504781386604: hp 59->53 | total wins 1937/2153
00:00:05 [2154/5100] episode 47504781386801: hp 69->55 | total wins 1938/2154
00:00:05 [2155/5100] episode 47504781386404: hp 66->38 | total wins 1939/2155
00:00:05 [2156/5100] episode 47504781386902: hp 56->54 | total wins 1940/2156
00:00:06 [2157/5100] episode 47504781383902: hp 65->16 | total wins 1941/2157
00:00:07 [2158/5100] episode 47504781385702: hp 64->2 | total wins 1942/2158
00:00:07 [2159/5100] episode 47504781386903: hp 42->10 | total wins 1943/2159
00:00:08 [2160/5100] episode 47504781386603: hp 69->51 | total wins 1944/2160
00:00:08 [2161/5100] episode 47504781387803: hp 55->33 | total wins 1945/2161
00:00:08 [2162/5100] episode 47504781386802: hp 35->5 | total wins 1946/2162
00:00:08 [2163/5100] episode 47504781385603: hp 52->32 | total wins 1947/2163
00:00:09 [2164/5100] episode 47504781388405: hp 47->9 | total wins 1948/2164
00:00:09 [2165/5100] episode 47504781387706: hp 75->55 | total wins 1949/2165
00:00:09 [2166/5100] episode 47504781384402: hp 62->16 | total wins 1950/2166
00:00:09 [2167/5100] episode 47504781388802: hp 52->49 | total wins 1951/2167
00:00:09 [2168/5100] episode 47504781388703: hp 57->35 | total wins 1952/2168
00:00:10 [2169/5100] episode 47504781388406: hp 51->21 | total wins 1953/2169
00:00:10 [2170/5100] episode 47504781389405: hp 73->58 | total wins 1954/2170
00:00:10 [2171/5100] episode 47504781388705: hp 39->16 | total wins 1955/2171
00:00:11 [2172/5100] episode 47504781387703: hp 72->32 | total wins 1956/2172
00:00:12 [2173/5100] episode 47504781389905: hp 57->49 | total wins 1957/2173
00:00:14 [2174/5100] episode 47504781390403: hp 61->33 | total wins 1958/2174
00:00:15 [2175/5100] episode 47504781388803: hp 60->15 | total wins 1959/2175
00:00:15 [2176/5100] episode 47504781389903: hp 37->29 | total wins 1960/2176
00:00:16 [2177/5100] episode 47504781389707: hp 75->59 | total wins 1961/2177
00:00:16 [2178/5100] episode 47504781384603: hp 64->12 | total wins 1962/2178
00:00:16 [2179/5100] episode 47504781389902: hp 75->35 | total wins 1963/2179
00:00:17 [2180/5100] episode 47504781390805: hp 53->25 | total wins 1964/2180
00:00:17 [2181/5100] episode 47504781387603: hp 75->14 | total wins 1965/2181
00:00:17 episode 47504781391806 skipped: replay diverged from the stored fight: ns": [[1, 0, 0, 0, 0, 1, 0, 0], [8, 2, 0, 0, 0, 0, 0, 0], [1, 1, 1, 1], [4, 1, 8, 5, 4, 1, 2, 4, 1, 0, 3, 1, 1, 1, 5, 0, 2, 1, 0, 4, 2], [2, 6, 2, 0, 1, 1, 1, 2, 2], [6, 3, 0, 1, 3, 1, 1, 7, 18, 1, 0, 1, 0, 0, 1, 2, 0, 1, 2, 1, 0, 1: fight_resample_worker: stored actions don't fit the replayed fight
00:00:18 [2182/5100] episode 47504781389704: hp 65->30 | total wins 1966/2182
00:00:18 [2183/5100] episode 47504781390703: hp 46->3 | total wins 1967/2183
00:00:18 [2184/5100] episode 47504781391401: hp 44->12 | total wins 1968/2184
00:00:19 [2185/5100] episode 47504781392603: hp 74->43 | total wins 1969/2185
00:00:19 [2186/5100] episode 47504781390903: hp 75->50 | total wins 1970/2186
00:00:19 [2187/5100] episode 47504781388903: hp 52->42 | total wins 1971/2187
00:00:19 [2188/5100] episode 47504781390803: hp 50->6 | total wins 1972/2188
00:00:21 [2189/5100] episode 47504781392803: hp 38->8 | total wins 1973/2189
00:00:21 [2190/5100] episode 47504781387404: hp 68->lost | total wins 1973/2190
00:00:21 [2191/5100] episode 47504781393602: hp 74->47 | total wins 1974/2191
00:00:22 [2192/5100] episode 47504781392806: hp 28->5 | total wins 1975/2192
00:00:22 [2193/5100] episode 47504781392703: hp 72->57 | total wins 1976/2193
00:00:22 [2194/5100] episode 47504781392604: hp 78->48 | total wins 1977/2194
00:00:23 [2195/5100] episode 47504781393902: hp 61->29 | total wins 1978/2195
00:00:24 [2196/5100] episode 47504781391603: hp 79->49 | total wins 1979/2196
00:00:24 [2197/5100] episode 47504781393707: hp 18->3 | total wins 1980/2197
00:00:24 [2198/5100] episode 47504781393705: hp 42->26 | total wins 1981/2198
00:00:24 [2199/5100] episode 47504781393604: hp 26->lost | total wins 1981/2199
00:00:25 [2200/5100] episode 47504781394804: hp 58->30 | total wins 1982/2200
00:00:26 [2201/5100] episode 47504781391705: hp 75->45 | total wins 1983/2201
00:00:26 [2202/5100] episode 47504781395706: hp 45->34 | total wins 1984/2202
00:00:27 [2203/5100] episode 47504781395404: hp 57->39 | total wins 1985/2203
00:00:27 [2204/5100] episode 47504781395805: hp 30->14 | total wins 1986/2204
00:00:28 [2205/5100] episode 47504781394807: hp 60->37 | total wins 1987/2205
00:00:29 [2206/5100] episode 47504781394702: hp 61->lost | total wins 1987/2206
00:00:30 [2207/5100] episode 47504781392805: hp 71->9 | total wins 1988/2207
00:00:30 [2208/5100] episode 47504781396402: hp 40->28 | total wins 1989/2208
00:00:30 [2209/5100] episode 47504781395702: hp 65->15 | total wins 1990/2209
00:00:30 [2210/5100] episode 47504781396603: hp 75->20 | total wins 1991/2210
00:00:30 [2211/5100] episode 47504781396604: hp 55->44 | total wins 1992/2211
00:00:31 [2212/5100] episode 47504781397805: hp 15->lost | total wins 1992/2212
00:00:32 [2213/5100] episode 47504781396606: hp 48->31 | total wins 1993/2213
00:00:32 [2214/5100] episode 47504781395804: hp 75->59 | total wins 1994/2214
00:00:32 [2215/5100] episode 47504781397703: hp 18->lost | total wins 1994/2215
00:00:32 [2216/5100] episode 47504781397603: hp 75->44 | total wins 1995/2216
00:00:33 [2217/5100] episode 47504781395904: hp 71->26 | total wins 1996/2217
00:00:33 [2218/5100] episode 47504781394901: hp 42->5 | total wins 1997/2218
00:00:34 [2219/5100] episode 47504781398402: hp 75->55 | total wins 1998/2219
00:00:34 [2220/5100] episode 47504781399403: hp 70->46 | total wins 1999/2220
00:00:34 [2221/5100] episode 47504781397804: hp 51->34 | total wins 2000/2221
00:00:36 [2222/5100] episode 47504781391704: hp 42->30 | total wins 2001/2222
00:00:36 [2223/5100] episode 47504781399704: hp 41->27 | total wins 2002/2223
00:00:38 [2224/5100] episode 47504781398902: hp 30->6 | total wins 2003/2224
00:00:39 [2225/5100] episode 47504781394602: hp 75->52 | total wins 2004/2225
00:00:39 [2226/5100] episode 47504781398904: hp 28->13 | total wins 2005/2226
00:00:40 [2227/5100] episode 47504781399603: hp 78->43 | total wins 2006/2227
00:00:40 [2228/5100] episode 47504781399804: hp 61->26 | total wins 2007/2228
00:00:40 [2229/5100] episode 47504781399803: hp 75->64 | total wins 2008/2229
00:00:40 [2230/5100] episode 47504781398604: hp 37->6 | total wins 2009/2230
00:00:40 [2231/5100] episode 47504781400602: hp 75->59 | total wins 2010/2231
00:00:41 [2232/5100] episode 47504781400902: hp 51->35 | total wins 2011/2232
00:00:42 [2233/5100] episode 47504781398603: hp 64->31 | total wins 2012/2233
00:00:42 [2234/5100] episode 47504781397904: hp 80->62 | total wins 2013/2234
00:00:43 [2235/5100] episode 47504781400903: hp 54->34 | total wins 2014/2235
00:00:43 [2236/5100] episode 47504781400804: hp 75->43 | total wins 2015/2236
00:00:44 [2237/5100] episode 47504781400703: hp 40->5 | total wins 2016/2237
00:00:44 [2238/5100] episode 47504781401704: hp 67->51 | total wins 2017/2238
00:00:44 [2239/5100] episode 47504781399904: hp 75->53 | total wins 2018/2239
00:00:44 [2240/5100] episode 47504781401405: hp 39->17 | total wins 2019/2240
00:00:45 [2241/5100] episode 47504781400603: hp 31->11 | total wins 2020/2241
00:00:45 [2242/5100] episode 47504781401904: hp 51->35 | total wins 2021/2242
00:00:45 episode 47504781402803 skipped: replay diverged from the stored fight: ns": [[0, 1, 0, 0, 1, 1, 0, 0, 0, 0, 0, 0, 0, 1, 1, 0, 1], [4, 4, 3, 0, 0, 4, 3, 3, 1, 0, 0, 0, 0, 2, 0], [4, 0, 1, 2, 1, 1, 3, 1, 1, 0, 2, 2, 0, 2]], "random_potions": true, "samples": [{"episode_id": 47504781402803000, "starting_h: fight_resample_worker: stored actions don't fit the replayed fight
00:00:46 [2243/5100] episode 47504781401804: hp 43->26 | total wins 2022/2243
00:00:46 [2244/5100] episode 47504781399703: hp 44->28 | total wins 2023/2244
00:00:48 [2245/5100] episode 47504781403403: hp 59->43 | total wins 2024/2245
00:00:48 [2246/5100] episode 47504781401402: hp 52->26 | total wins 2025/2246
00:00:49 [2247/5100] episode 47504781400803: hp 75->40 | total wins 2026/2247
00:00:49 [2248/5100] episode 47504781402402: hp 70->38 | total wins 2027/2248
00:00:50 [2249/5100] episode 47504781404603: hp 74->58 | total wins 2028/2249
00:00:50 [2250/5100] episode 47504781401403: hp 50->23 | total wins 2029/2250
00:00:50 [2251/5100] episode 47504781401603: hp 53->lost | total wins 2029/2251
00:00:50 [2252/5100] episode 47504781404405: hp 56->26 | total wins 2030/2252
00:00:50 episode 47504781404905 skipped: replay diverged from the stored fight: ns": [[0, 1, 1, 0, 0, 1, 0, 0, 3, 1], [1, 3, 1, 1, 0, 1, 0, 0, 0, 1, 0, 1, 0], [2, 1, 1, 0, 0, 0, 0, 0, 1, 0], [0, 1, 1, 1, 0, 1, 3, 1, 0, 0, 1, 4, 0, 1, 0, 4, 0, 1, 0, 0, 0], [0, 0, 0, 0, 4, 1, 0, 0, 5, 2, 0, 1, 1, 0, 0, 0, 0, 0, 1: fight_resample_worker: stored actions don't fit the replayed fight
00:00:50 [2253/5100] episode 47504781403804: hp 51->lost | total wins 2030/2253
00:00:52 [2254/5100] episode 47504781398803: hp 74->2 | total wins 2031/2254
00:00:52 [2255/5100] episode 47504781403803: hp 46->6 | total wins 2032/2255
00:00:53 [2256/5100] episode 47504781402403: hp 42->lost | total wins 2032/2256
00:00:53 [2257/5100] episode 47504781405703: hp 52->12 | total wins 2033/2257
00:00:54 [2258/5100] episode 47504781403603: hp 75->49 | total wins 2034/2258
00:00:54 [2259/5100] episode 47504781406703: hp 66->58 | total wins 2035/2259
00:00:54 [2260/5100] episode 47504781404803: hp 75->29 | total wins 2036/2260
00:00:55 [2261/5100] episode 47504781406603: hp 46->lost | total wins 2036/2261
00:00:55 [2262/5100] episode 47504781407402: hp 75->43 | total wins 2037/2262
00:00:55 [2263/5100] episode 47504781403902: hp 75->33 | total wins 2038/2263
00:00:55 [2264/5100] episode 47504781405405: hp 69->55 | total wins 2039/2264
00:00:55 [2265/5100] episode 47504781407602: hp 28->10 | total wins 2040/2265
00:00:56 [2266/5100] episode 47504781405706: hp 73->73 | total wins 2041/2266
00:00:56 [2267/5100] episode 47504781406607: hp 38->28 | total wins 2042/2267
00:00:56 [2268/5100] episode 47504781404903: hp 71->36 | total wins 2043/2268
00:00:57 [2269/5100] episode 47504781408603: hp 30->30 | total wins 2044/2269
00:00:57 [2270/5100] episode 47504781401803: hp 75->43 | total wins 2045/2270
00:00:57 [2271/5100] episode 47504781408902: hp 43->22 | total wins 2046/2271
00:00:57 [2272/5100] episode 47504781408903: hp 51->27 | total wins 2047/2272
00:00:58 [2273/5100] episode 47504781407603: hp 24->1 | total wins 2048/2273
00:00:58 [2274/5100] episode 47504781407403: hp 44->19 | total wins 2049/2274
00:00:58 [2275/5100] episode 47504781404702: hp 75->52 | total wins 2050/2275
00:00:59 [2276/5100] episode 47504781409404: hp 55->17 | total wins 2051/2276
00:00:59 [2277/5100] episode 47504781408404: hp 51->lost | total wins 2051/2277
00:01:00 [2278/5100] episode 47504781409903: hp 68->49 | total wins 2052/2278
00:01:00 [2279/5100] episode 47504781409703: hp 62->50 | total wins 2053/2279
00:01:01 [2280/5100] episode 47504781407904: hp 28->18 | total wins 2054/2280
00:01:02 [2281/5100] episode 47504781409706: hp 17->11 | total wins 2055/2281
00:01:02 [2282/5100] episode 47504781411404: hp 67->44 | total wins 2056/2282
00:01:02 [2283/5100] episode 47504781409803: hp 62->35 | total wins 2057/2283
00:01:02 [2284/5100] episode 47504781410703: hp 29->9 | total wins 2058/2284
00:01:03 [2285/5100] episode 47504781407905: hp 55->48 | total wins 2059/2285
00:01:03 [2286/5100] episode 47504781411604: hp 28->8 | total wins 2060/2286
00:01:03 [2287/5100] episode 47504781411405: hp 16->lost | total wins 2060/2287
00:01:04 [2288/5100] episode 47504781409401: hp 58->20 | total wins 2061/2288
00:01:05 [2289/5100] episode 47504781412805: hp 18->3 | total wins 2062/2289
00:01:05 [2290/5100] episode 47504781412904: hp 12->lost | total wins 2062/2290
00:01:05 [2291/5100] episode 47504781412704: hp 38->3 | total wins 2063/2291
00:01:06 [2292/5100] episode 47504781413601: hp 36->36 | total wins 2064/2292
00:01:06 [2293/5100] episode 47504781411804: hp 65->50 | total wins 2065/2293
00:01:07 [2294/5100] episode 47504781407703: hp 75->15 | total wins 2066/2294
00:01:07 [2295/5100] episode 47504781413702: hp 55->50 | total wins 2067/2295
00:01:08 [2296/5100] episode 47504781412903: hp 75->40 | total wins 2068/2296
00:01:08 [2297/5100] episode 47504781413406: hp 42->32 | total wins 2069/2297
00:01:08 [2298/5100] episode 47504781410906: hp 54->50 | total wins 2070/2298
00:01:09 [2299/5100] episode 47504781413904: hp 58->43 | total wins 2071/2299
00:01:09 [2300/5100] episode 47504781413403: hp 75->35 | total wins 2072/2300
00:01:09 [2301/5100] episode 47504781414903: hp 62->30 | total wins 2073/2301
00:01:10 [2302/5100] episode 47504781414904: hp 75->59 | total wins 2074/2302
00:01:10 [2303/5100] episode 47504781410803: hp 56->32 | total wins 2075/2303
00:01:11 [2304/5100] episode 47504781411705: hp 51->26 | total wins 2076/2304
00:01:11 [2305/5100] episode 47504781411703: hp 63->26 | total wins 2077/2305
00:01:11 [2306/5100] episode 47504781414702: hp 23->lost | total wins 2077/2306
00:01:12 [2307/5100] episode 47504781415704: hp 66->66 | total wins 2078/2307
00:01:14 [2308/5100] episode 47504781414605: hp 45->24 | total wins 2079/2308
00:01:14 [2309/5100] episode 47504781414603: hp 66->21 | total wins 2080/2309
00:01:15 [2310/5100] episode 47504781415903: hp 75->31 | total wins 2081/2310
00:01:16 [2311/5100] episode 47504781417402: hp 75->62 | total wins 2082/2311
00:01:17 [2312/5100] episode 47504781415603: hp 68->19 | total wins 2083/2312
00:01:17 [2313/5100] episode 47504781416704: hp 45->35 | total wins 2084/2313
00:01:17 [2314/5100] episode 47504781416405: hp 68->23 | total wins 2085/2314
00:01:18 [2315/5100] episode 47504781416903: hp 61->42 | total wins 2086/2315
00:01:18 [2316/5100] episode 47504781409603: hp 56->41 | total wins 2087/2316
00:01:19 [2317/5100] episode 47504781415904: hp 75->45 | total wins 2088/2317
00:01:19 [2318/5100] episode 47504781417403: hp 75->35 | total wins 2089/2318
00:01:20 [2319/5100] episode 47504781418606: hp 35->4 | total wins 2090/2319
00:01:22 [2320/5100] episode 47504781414804: hp 60->6 | total wins 2091/2320
00:01:23 [2321/5100] episode 47504781418704: hp 53->37 | total wins 2092/2321
00:01:23 [2322/5100] episode 47504781418405: hp 45->25 | total wins 2093/2322
00:01:23 [2323/5100] episode 47504781418904: hp 44->28 | total wins 2094/2323
00:01:23 [2324/5100] episode 47504781417805: hp 44->31 | total wins 2095/2324
00:01:23 [2325/5100] episode 47504781418603: hp 67->42 | total wins 2096/2325
00:01:24 [2326/5100] episode 47504781417803: hp 75->35 | total wins 2097/2326
00:01:24 [2327/5100] episode 47504781419703: hp 67->51 | total wins 2098/2327
00:01:24 [2328/5100] episode 47504781419403: hp 64->48 | total wins 2099/2328
00:01:25 [2329/5100] episode 47504781416801: hp 68->28 | total wins 2100/2329
00:01:25 [2330/5100] episode 47504781418703: hp 50->25 | total wins 2101/2330
00:01:25 [2331/5100] episode 47504781419603: hp 52->20 | total wins 2102/2331
00:01:25 [2332/5100] episode 47504781420805: hp 35->35 | total wins 2103/2332
00:01:25 episode 47504781421605 skipped: replay diverged from the stored fight: 2, 2, 1, 0, 4, 2, 0, 0, 0, 1, 0, 0], [6, 6, 1, 0, 1, 2, 0, 0, 0, 2, 3, 2, 0, 1], [1, 0, 1, 3, 2, 2, 1, 0, 0, 1, 5, 0, 0, 6, 1, 0, 2, 2, 1, 1, 1, 1, 0, 3, 1], [2, 0, 4, 4, 0, 0, 4, 0, 6, 4, 0, 1, 0, 0, 0, 0, 0, 2, 3], [1, 1, 1: fight_resample_worker: replayed fight didn't end after its stored actions
00:01:26 [2333/5100] episode 47504781415803: hp 72->47 | total wins 2104/2333
00:01:26 [2334/5100] episode 47504781420402: hp 75->51 | total wins 2105/2334
00:01:26 [2335/5100] episode 47504781419904: hp 67->7 | total wins 2106/2335
00:01:27 [2336/5100] episode 47504781421702: hp 49->33 | total wins 2107/2336
00:01:27 [2337/5100] episode 47504781421902: hp 67->51 | total wins 2108/2337
00:01:28 [2338/5100] episode 47504781415405: hp 68->62 | total wins 2109/2338
00:01:28 [2339/5100] episode 47504781420803: hp 59->39 | total wins 2110/2339
00:01:28 [2340/5100] episode 47504781421403: hp 68->22 | total wins 2111/2340
00:01:30 [2341/5100] episode 47504781419602: hp 52->2 | total wins 2112/2341
00:01:31 [2342/5100] episode 47504781423405: hp 25->9 | total wins 2113/2342
00:01:31 [2343/5100] episode 47504781420903: hp 51->42 | total wins 2114/2343
00:01:31 [2344/5100] episode 47504781425704: hp 69->57 | total wins 2115/2344
00:01:32 [2345/5100] episode 47504781423902: hp 75->27 | total wins 2116/2345
00:01:33 [2346/5100] episode 47504781421602: hp 73->45 | total wins 2117/2346
00:01:33 [2347/5100] episode 47504781426405: hp 59->59 | total wins 2118/2347
00:01:33 [2348/5100] episode 47504781424603: hp 20->lost | total wins 2118/2348
00:01:33 [2349/5100] episode 47504781422403: hp 75->3 | total wins 2119/2349
00:01:34 [2350/5100] episode 47504781425803: hp 45->7 | total wins 2120/2350
00:01:34 [2351/5100] episode 47504781423903: hp 51->lost | total wins 2120/2351
00:01:34 [2352/5100] episode 47504781426602: hp 22->lost | total wins 2120/2352
00:01:34 [2353/5100] episode 47504781421804: hp 75->22 | total wins 2121/2353
00:01:34 [2354/5100] episode 47504781426803: hp 55->42 | total wins 2122/2354
00:01:35 [2355/5100] episode 47504781426403: hp 72->47 | total wins 2123/2355
00:01:36 [2356/5100] episode 47504781425904: hp 34->15 | total wins 2124/2356
00:01:37 [2357/5100] episode 47504781427903: hp 75->31 | total wins 2125/2357
00:01:37 [2358/5100] episode 47504781418805: hp 31->2 | total wins 2126/2358
00:01:37 [2359/5100] episode 47504781428603: hp 52->44 | total wins 2127/2359
00:01:37 [2360/5100] episode 47504781426707: hp 20->1 | total wins 2128/2360
00:01:38 [2361/5100] episode 47504781429405: hp 43->24 | total wins 2129/2361
00:01:38 [2362/5100] episode 47504781423803: hp 72->50 | total wins 2130/2362
00:01:38 [2363/5100] episode 47504781427405: hp 51->17 | total wins 2131/2363
00:01:38 [2364/5100] episode 47504781428806: hp 74->52 | total wins 2132/2364
00:01:39 [2365/5100] episode 47504781429802: hp 55->23 | total wins 2133/2365
00:01:40 [2366/5100] episode 47504781426903: hp 53->26 | total wins 2134/2366
00:01:40 [2367/5100] episode 47504781429404: hp 51->26 | total wins 2135/2367
00:01:40 [2368/5100] episode 47504781429703: hp 52->5 | total wins 2136/2368
00:01:40 [2369/5100] episode 47504781431603: hp 75->75 | total wins 2137/2369
00:01:41 [2370/5100] episode 47504781430702: hp 56->26 | total wins 2138/2370
00:01:41 [2371/5100] episode 47504781429406: hp 49->29 | total wins 2139/2371
00:01:41 [2372/5100] episode 47504781431905: hp 43->15 | total wins 2140/2372
00:01:42 [2373/5100] episode 47504781431704: hp 53->33 | total wins 2141/2373
00:01:43 [2374/5100] episode 47504781432701: hp 29->lost | total wins 2141/2374
00:01:43 [2375/5100] episode 47504781432603: hp 42->16 | total wins 2142/2375
00:01:44 [2376/5100] episode 47504781433606: hp 22->7 | total wins 2143/2376
00:01:44 [2377/5100] episode 47504781429803: hp 64->34 | total wins 2144/2377
00:01:44 [2378/5100] episode 47504781423402: hp 75->25 | total wins 2145/2378
00:01:44 [2379/5100] episode 47504781433803: hp 50->25 | total wins 2146/2379
00:01:45 [2380/5100] episode 47504781427407: hp 55->48 | total wins 2147/2380
00:01:45 [2381/5100] episode 47504781433603: hp 43->26 | total wins 2148/2381
00:01:45 [2382/5100] episode 47504781434402: hp 74->57 | total wins 2149/2382
00:01:45 [2383/5100] episode 47504781432602: hp 48->28 | total wins 2150/2383
00:01:46 [2384/5100] episode 47504781432703: hp 21->7 | total wins 2151/2384
00:01:46 [2385/5100] episode 47504781433904: hp 67->51 | total wins 2152/2385
00:01:46 [2386/5100] episode 47504781430803: hp 75->55 | total wins 2153/2386
00:01:46 [2387/5100] episode 47504781434405: hp 19->lost | total wins 2153/2387
00:01:47 [2388/5100] episode 47504781434403: hp 65->45 | total wins 2154/2388
00:01:47 [2389/5100] episode 47504781433907: hp 47->6 | total wins 2155/2389
00:01:48 [2390/5100] episode 47504781436402: hp 46->11 | total wins 2156/2390
00:01:48 [2391/5100] episode 47504781434603: hp 75->45 | total wins 2157/2391
00:01:48 episode 47504781436902 skipped: replay diverged from the stored fight: ns": [[1, 1, 2, 0, 0, 1, 0, 0, 2, 0, 0, 0, 1], [1, 2, 0, 1, 1, 0, 1, 0, 0]], "random_potions": true, "samples": [{"episode_id": 47504781436902000, "starting_hp": 57}], "teacher": {"leaf": "guided_rollout", "simulations": 20000, "ora: fight_resample_worker: stored actions don't fit the replayed fight
00:01:48 episode 47504781436903 skipped: replay diverged from the stored fight: ns": [[1, 1, 2, 0, 0, 1, 0, 0, 2, 0, 0, 0, 1], [1, 2, 0, 1, 1, 0, 1, 0, 0], [6, 0, 0, 0, 2, 1, 0, 0, 2, 0, 0, 2, 0, 0, 0, 2, 0, 2, 0, 0, 0, 0]], "random_potions": true, "samples": [{"episode_id": 47504781436903000, "starting_hp": 49: fight_resample_worker: stored actions don't fit the replayed fight
00:01:48 [2392/5100] episode 47504781436803: hp 49->39 | total wins 2158/2392
00:01:48 [2393/5100] episode 47504781435403: hp 37->12 | total wins 2159/2393
00:01:49 [2394/5100] episode 47504781437402: hp 27->lost | total wins 2159/2394
00:01:49 [2395/5100] episode 47504781436701: hp 52->20 | total wins 2160/2395
00:01:49 [2396/5100] episode 47504781434804: hp 41->34 | total wins 2161/2396
00:01:49 [2397/5100] episode 47504781426706: hp 69->14 | total wins 2162/2397
00:01:50 [2398/5100] episode 47504781432802: hp 58->lost | total wins 2162/2398
00:01:50 [2399/5100] episode 47504781435704: hp 67->48 | total wins 2163/2399
00:01:50 [2400/5100] episode 47504781437904: hp 57->47 | total wins 2164/2400
00:01:50 [2401/5100] episode 47504781438702: hp 75->43 | total wins 2165/2401
00:01:50 [2402/5100] episode 47504781435603: hp 75->57 | total wins 2166/2402
00:01:51 [2403/5100] episode 47504781438906: hp 7->lost | total wins 2166/2403
00:01:51 [2404/5100] episode 47504781437604: hp 29->1 | total wins 2167/2404
00:01:51 [2405/5100] episode 47504781439404: hp 11->lost | total wins 2167/2405
00:01:52 [2406/5100] episode 47504781435802: hp 75->48 | total wins 2168/2406
00:01:52 [2407/5100] episode 47504781439704: hp 50->2 | total wins 2169/2407
00:01:52 [2408/5100] episode 47504781436703: hp 64->53 | total wins 2170/2408
00:01:53 [2409/5100] episode 47504781437603: hp 19->3 | total wins 2171/2409
00:01:54 [2410/5100] episode 47504781440704: hp 29->lost | total wins 2171/2410
00:01:54 [2411/5100] episode 47504781437601: hp 47->3 | total wins 2172/2411
00:01:56 [2412/5100] episode 47504781441802: hp 67->35 | total wins 2173/2412
00:01:56 [2413/5100] episode 47504781441403: hp 71->23 | total wins 2174/2413
00:01:57 [2414/5100] episode 47504781439802: hp 40->3 | total wins 2175/2414
00:01:57 [2415/5100] episode 47504781441702: hp 46->14 | total wins 2176/2415
00:01:57 [2416/5100] episode 47504781442804: hp 71->71 | total wins 2177/2416
00:01:57 [2417/5100] episode 47504781437902: hp 75->43 | total wins 2178/2417
00:01:58 [2418/5100] episode 47504781438903: hp 62->55 | total wins 2179/2418
00:01:58 [2419/5100] episode 47504781442703: hp 75->65 | total wins 2180/2419
00:01:59 [2420/5100] episode 47504781441404: hp 48->28 | total wins 2181/2420
00:01:59 [2421/5100] episode 47504781442606: hp 82->50 | total wins 2182/2421
00:01:59 [2422/5100] episode 47504781443604: hp 48->10 | total wins 2183/2422
00:01:59 [2423/5100] episode 47504781443904: hp 72->56 | total wins 2184/2423
00:01:59 [2424/5100] episode 47504781441905: hp 37->22 | total wins 2185/2424
00:02:00 [2425/5100] episode 47504781444403: hp 75->59 | total wins 2186/2425
00:02:00 [2426/5100] episode 47504781443905: hp 57->55 | total wins 2187/2426
00:02:00 [2427/5100] episode 47504781438802: hp 53->7 | total wins 2188/2427
00:02:00 [2428/5100] episode 47504781439604: hp 74->47 | total wins 2189/2428
00:02:00 [2429/5100] episode 47504781440403: hp 46->6 | total wins 2190/2429
00:02:01 [2430/5100] episode 47504781444705: hp 47->20 | total wins 2191/2430
00:02:02 [2431/5100] episode 47504781445703: hp 39->lost | total wins 2191/2431
00:02:02 [2432/5100] episode 47504781443803: hp 75->56 | total wins 2192/2432
00:02:02 [2433/5100] episode 47504781444706: hp 36->26 | total wins 2193/2433
00:02:02 [2434/5100] episode 47504781444605: hp 35->5 | total wins 2194/2434
00:02:02 [2435/5100] episode 47504781446803: hp 48->16 | total wins 2195/2435
00:02:03 [2436/5100] episode 47504781446805: hp 58->58 | total wins 2196/2436
00:02:03 [2437/5100] episode 47504781445802: hp 69->41 | total wins 2197/2437
00:02:03 [2438/5100] episode 47504781442902: hp 44->4 | total wins 2198/2438
00:02:04 [2439/5100] episode 47504781446403: hp 62->18 | total wins 2199/2439
00:02:04 episode 47504781449807 skipped: replay diverged from the stored fight: 0, 0, 2, 2, 0, 0, 2, 2, 2, 0, 0, 0, 0], [5, 4], [2, 0, 0, 4, 1, 0, 0, 0], [0, 0, 1, 1, 0, 0, 0, 0, 0, 1, 1, 2, 1, 1, 0, 0, 0, 0, 0], [1, 1, 2, 3, 0, 0, 2, 0, 0, 0, 0, 0, 1, 0, 1, 1], [2, 1, 1, 0, 0, 0, 1, 0], [8, 7, 2, 1, 3, : fight_resample_worker: replayed fight didn't end after its stored actions
00:02:05 [2440/5100] episode 47504781447803: hp 41->1 | total wins 2200/2440
00:02:05 [2441/5100] episode 47504781447704: hp 67->32 | total wins 2201/2441
00:02:06 [2442/5100] episode 47504781447906: hp 70->45 | total wins 2202/2442
00:02:06 [2443/5100] episode 47504781449906: hp 37->21 | total wins 2203/2443
00:02:08 [2444/5100] episode 47504781444803: hp 71->67 | total wins 2204/2444
00:02:08 [2445/5100] episode 47504781449903: hp 56->32 | total wins 2205/2445
00:02:08 [2446/5100] episode 47504781450804: hp 55->37 | total wins 2206/2446
00:02:10 [2447/5100] episode 47504781447602: hp 65->30 | total wins 2207/2447
00:02:10 [2448/5100] episode 47504781446607: hp 71->75 | total wins 2208/2448
00:02:10 [2449/5100] episode 47504781450902: hp 69->37 | total wins 2209/2449
00:02:11 [2450/5100] episode 47504781447401: hp 75->36 | total wins 2210/2450
00:02:11 [2451/5100] episode 47504781450403: hp 41->6 | total wins 2211/2451
00:02:11 [2452/5100] episode 47504781450903: hp 39->12 | total wins 2212/2452
00:02:11 [2453/5100] episode 47504781451802: hp 39->7 | total wins 2213/2453
00:02:11 [2454/5100] episode 47504781449403: hp 75->20 | total wins 2214/2454
00:02:12 [2455/5100] episode 47504781451905: hp 20->4 | total wins 2215/2455
00:02:12 [2456/5100] episode 47504781453606: hp 58->48 | total wins 2216/2456
00:02:12 [2457/5100] episode 47504781448803: hp 64->44 | total wins 2217/2457
00:02:13 [2458/5100] episode 47504781452702: hp 43->2 | total wins 2218/2458
00:02:13 [2459/5100] episode 47504781450703: hp 80->62 | total wins 2219/2459
00:02:13 [2460/5100] episode 47504781443704: hp 62->38 | total wins 2220/2460
00:02:13 [2461/5100] episode 47504781452905: hp 58->38 | total wins 2221/2461
00:02:13 [2462/5100] episode 47504781452903: hp 72->24 | total wins 2222/2462
00:02:13 [2463/5100] episode 47504781454703: hp 75->59 | total wins 2223/2463
00:02:14 [2464/5100] episode 47504781454903: hp 70->38 | total wins 2224/2464
00:02:14 [2465/5100] episode 47504781449905: hp 44->9 | total wins 2225/2465
00:02:15 [2466/5100] episode 47504781452704: hp 61->40 | total wins 2226/2466
00:02:15 episode 47504781456803 skipped: replay diverged from the stored fight: ns": [[2, 2, 1, 0, 0, 0, 1, 1, 0, 1, 1, 0, 0, 2, 2, 0, 0, 0, 1, 0], [2, 1, 0, 0], [2, 3, 0, 2, 1, 1, 0, 1, 2, 1, 4]], "random_potions": true, "samples": [{"episode_id": 47504781456803000, "starting_hp": 75}], "teacher": {"leaf": "gu: fight_resample_worker: stored actions don't fit the replayed fight
00:02:16 [2467/5100] episode 47504781451403: hp 45->20 | total wins 2227/2467
00:02:17 [2468/5100] episode 47504781456704: hp 54->16 | total wins 2228/2468
00:02:17 [2469/5100] episode 47504781454905: hp 34->10 | total wins 2229/2469
00:02:18 [2470/5100] episode 47504781456405: hp 62->22 | total wins 2230/2470
00:02:18 [2471/5100] episode 47504781456406: hp 48->16 | total wins 2231/2471
00:02:18 [2472/5100] episode 47504781455802: hp 75->34 | total wins 2232/2472
00:02:18 [2473/5100] episode 47504781453903: hp 75->40 | total wins 2233/2473
00:02:19 [2474/5100] episode 47504781456903: hp 30->11 | total wins 2234/2474
00:02:19 [2475/5100] episode 47504781457402: hp 40->lost | total wins 2234/2475
00:02:19 [2476/5100] episode 47504781451903: hp 59->37 | total wins 2235/2476
00:02:21 [2477/5100] episode 47504781455703: hp 45->29 | total wins 2236/2477
00:02:21 [2478/5100] episode 47504781456404: hp 75->60 | total wins 2237/2478
00:02:21 [2479/5100] episode 47504781457803: hp 55->23 | total wins 2238/2479
00:02:21 episode 47504781458803 skipped: replay diverged from the stored fight: ns": [[2, 1, 1, 0, 0, 0, 0, 1, 2], [1, 0, 0, 1, 0, 0, 0, 0], [2, 1, 3, 5, 2, 3, 0]], "random_potions": true, "samples": [{"episode_id": 47504781458803000, "starting_hp": 73}], "teacher": {"leaf": "guided_rollout", "simulations": 200: fight_resample_worker: stored actions don't fit the replayed fight
00:02:21 [2480/5100] episode 47504781457605: hp 49->19 | total wins 2239/2480
00:02:22 [2481/5100] episode 47504781458406: hp 45->5 | total wins 2240/2481
00:02:22 [2482/5100] episode 47504781458604: hp 41->9 | total wins 2241/2482
00:02:22 [2483/5100] episode 47504781457703: hp 47->lost | total wins 2241/2483
00:02:23 [2484/5100] episode 47504781459406: hp 75->73 | total wins 2242/2484
00:02:23 [2485/5100] episode 47504781457602: hp 66->50 | total wins 2243/2485
00:02:23 [2486/5100] episode 47504781458701: hp 36->lost | total wins 2243/2486
00:02:23 [2487/5100] episode 47504781458603: hp 51->21 | total wins 2244/2487
00:02:23 [2488/5100] episode 47504781459405: hp 70->54 | total wins 2245/2488
00:02:23 [2489/5100] episode 47504781459604: hp 64->64 | total wins 2246/2489
00:02:24 [2490/5100] episode 47504781459403: hp 75->40 | total wins 2247/2490
00:02:24 [2491/5100] episode 47504781459704: hp 29->lost | total wins 2247/2491
00:02:25 [2492/5100] episode 47504781456902: hp 58->32 | total wins 2248/2492
00:02:25 [2493/5100] episode 47504781461904: hp 59->27 | total wins 2249/2493
00:02:25 [2494/5100] episode 47504781461706: hp 56->37 | total wins 2250/2494
00:02:27 [2495/5100] episode 47504781462703: hp 49->38 | total wins 2251/2495
00:02:27 [2496/5100] episode 47504781462403: hp 72->58 | total wins 2252/2496
00:02:27 [2497/5100] episode 47504781462704: hp 43->27 | total wins 2253/2497
00:02:31 [2498/5100] episode 47504781463404: hp 58->24 | total wins 2254/2498
00:02:31 episode 47504781463604 skipped: replay diverged from the stored fight: ns": [[0, 1, 0, 0, 0, 0, 0, 1, 1, 1, 0, 0, 0], [1, 1, 2, 1, 3, 1, 0, 2, 2, 2], [6, 6, 3, 0, 0, 4, 2, 1, 0, 0, 0, 1], [7, 5, 4, 5, 0, 2, 3, 0, 3, 0, 0, 1, 1]], "random_potions": true, "samples": [{"episode_id": 47504781463604000, "st: fight_resample_worker: stored actions don't fit the replayed fight
00:02:31 [2499/5100] episode 47504781460404: hp 59->46 | total wins 2255/2499
00:02:31 [2500/5100] episode 47504781463405: hp 30->10 | total wins 2256/2500
00:02:31 [2501/5100] episode 47504781456905: hp 59->42 | total wins 2257/2501
00:02:32 [2502/5100] episode 47504781461803: hp 27->lost | total wins 2257/2502
00:02:32 [2503/5100] episode 47504781461603: hp 72->53 | total wins 2258/2503
00:02:33 [2504/5100] episode 47504781463703: hp 75->66 | total wins 2259/2504
00:02:34 [2505/5100] episode 47504781460803: hp 73->59 | total wins 2260/2505
00:02:34 [2506/5100] episode 47504781463904: hp 59->34 | total wins 2261/2506
00:02:34 [2507/5100] episode 47504781459803: hp 72->22 | total wins 2262/2507
00:02:34 [2508/5100] episode 47504781464606: hp 57->50 | total wins 2263/2508
00:02:34 [2509/5100] episode 47504781465406: hp 65->54 | total wins 2264/2509
00:02:34 [2510/5100] episode 47504781457804: hp 57->42 | total wins 2265/2510
00:02:34 [2511/5100] episode 47504781464604: hp 53->18 | total wins 2266/2511
00:02:35 [2512/5100] episode 47504781468405: hp 10->lost | total wins 2266/2512
00:02:35 [2513/5100] episode 47504781464905: hp 55->33 | total wins 2267/2513
00:02:35 [2514/5100] episode 47504781466902: hp 52->20 | total wins 2268/2514
00:02:36 [2515/5100] episode 47504781467902: hp 18->lost | total wins 2268/2515
00:02:36 [2516/5100] episode 47504781468904: hp 20->4 | total wins 2269/2516
00:02:37 [2517/5100] episode 47504781469402: hp 75->56 | total wins 2270/2517
00:02:38 [2518/5100] episode 47504781465602: hp 54->lost | total wins 2270/2518
00:02:38 [2519/5100] episode 47504781462804: hp 64->43 | total wins 2271/2519
00:02:39 [2520/5100] episode 47504781468905: hp 43->18 | total wins 2272/2520
00:02:39 [2521/5100] episode 47504781466903: hp 69->44 | total wins 2273/2521
00:02:39 [2522/5100] episode 47504781468903: hp 75->28 | total wins 2274/2522
00:02:39 [2523/5100] episode 47504781466705: hp 51->16 | total wins 2275/2523
00:02:39 [2524/5100] episode 47504781464403: hp 66->20 | total wins 2276/2524
00:02:40 [2525/5100] episode 47504781470404: hp 62->30 | total wins 2277/2525
00:02:40 [2526/5100] episode 47504781460603: hp 75->66 | total wins 2278/2526
00:02:40 [2527/5100] episode 47504781469403: hp 45->36 | total wins 2279/2527
00:02:41 [2528/5100] episode 47504781470605: hp 73->52 | total wins 2280/2528
00:02:41 [2529/5100] episode 47504781465804: hp 36->lost | total wins 2280/2529
00:02:42 [2530/5100] episode 47504781471804: hp 51->29 | total wins 2281/2530
00:02:42 [2531/5100] episode 47504781469704: hp 54->50 | total wins 2282/2531
00:02:42 [2532/5100] episode 47504781470901: hp 31->lost | total wins 2282/2532
00:02:42 [2533/5100] episode 47504781472405: hp 31->17 | total wins 2283/2533
00:02:43 [2534/5100] episode 47504781473704: hp 61->41 | total wins 2284/2534
00:02:43 [2535/5100] episode 47504781470603: hp 55->8 | total wins 2285/2535
00:02:44 [2536/5100] episode 47504781469604: hp 69->46 | total wins 2286/2536
00:02:44 [2537/5100] episode 47504781469602: hp 75->37 | total wins 2287/2537
00:02:47 [2538/5100] episode 47504781474904: hp 55->31 | total wins 2288/2538
00:02:47 [2539/5100] episode 47504781471602: hp 29->6 | total wins 2289/2539
00:02:47 [2540/5100] episode 47504781470703: hp 71->37 | total wins 2290/2540
00:02:48 [2541/5100] episode 47504781474403: hp 57->31 | total wins 2291/2541
00:02:48 [2542/5100] episode 47504781476802: hp 63->45 | total wins 2292/2542
00:02:48 [2543/5100] episode 47504781474604: hp 56->26 | total wins 2293/2543
00:02:49 [2544/5100] episode 47504781475902: hp 44->lost | total wins 2293/2544
00:02:50 [2545/5100] episode 47504781476605: hp 44->lost | total wins 2293/2545
00:02:50 [2546/5100] episode 47504781476804: hp 75->60 | total wins 2294/2546
00:02:51 [2547/5100] episode 47504781472703: hp 65->46 | total wins 2295/2547
00:02:51 [2548/5100] episode 47504781468803: hp 75->10 | total wins 2296/2548
00:02:52 [2549/5100] episode 47504781476402: hp 74->49 | total wins 2297/2549
00:02:53 [2550/5100] episode 47504781477902: hp 45->lost | total wins 2297/2550
00:02:54 [2551/5100] episode 47504781478702: hp 47->lost | total wins 2297/2551
00:02:55 [2552/5100] episode 47504781474703: hp 64->24 | total wins 2298/2552
00:02:55 [2553/5100] episode 47504781475603: hp 66->20 | total wins 2299/2553
00:02:55 [2554/5100] episode 47504781477603: hp 62->47 | total wins 2300/2554
00:02:55 [2555/5100] episode 47504781472903: hp 44->36 | total wins 2301/2555
00:02:56 [2556/5100] episode 47504781477803: hp 45->27 | total wins 2302/2556
00:02:57 [2557/5100] episode 47504781480405: hp 32->1 | total wins 2303/2557
00:02:57 [2558/5100] episode 47504781477404: hp 42->14 | total wins 2304/2558
00:02:57 [2559/5100] episode 47504781480901: hp 57->10 | total wins 2305/2559
00:02:58 [2560/5100] episode 47504781481404: hp 62->50 | total wins 2306/2560
00:02:59 [2561/5100] episode 47504781480704: hp 57->28 | total wins 2307/2561
00:03:00 [2562/5100] episode 47504781482702: hp 59->25 | total wins 2308/2562
00:03:01 [2563/5100] episode 47504781482904: hp 32->lost | total wins 2308/2563
00:03:01 [2564/5100] episode 47504781480606: hp 30->21 | total wins 2309/2564
00:03:01 [2565/5100] episode 47504781482803: hp 53->43 | total wins 2310/2565
00:03:01 episode 47504781483804 skipped: replay diverged from the stored fight: ns": [[1, 1, 0, 2, 1, 1, 1, 1, 1, 3, 0], [2, 2, 0, 0, 6, 4, 2, 0, 0, 1], [0, 1, 4, 9, 3, 0, 2, 0, 1, 0, 0, 1, 5, 1, 4, 1], [4, 1, 2, 1, 3, 2, 1, 0]], "random_potions": true, "samples": [{"episode_id": 47504781483804000, "starting_hp: fight_resample_worker: stored actions don't fit the replayed fight
00:03:02 [2566/5100] episode 47504781482905: hp 43->14 | total wins 2311/2566
00:03:04 [2567/5100] episode 47504781480604: hp 50->27 | total wins 2312/2567
00:03:06 [2568/5100] episode 47504781483703: hp 75->55 | total wins 2313/2568
00:03:06 [2569/5100] episode 47504781479903: hp 69->37 | total wins 2314/2569
00:03:06 [2570/5100] episode 47504781482906: hp 37->23 | total wins 2315/2570
00:03:06 [2571/5100] episode 47504781484403: hp 44->25 | total wins 2316/2571
00:03:08 [2572/5100] episode 47504781479606: hp 29->22 | total wins 2317/2572
00:03:08 [2573/5100] episode 47504781480802: hp 75->41 | total wins 2318/2573
00:03:08 [2574/5100] episode 47504781484606: hp 60->34 | total wins 2319/2574
00:03:08 [2575/5100] episode 47504781481703: hp 74->39 | total wins 2320/2575
00:03:09 [2576/5100] episode 47504781478704: hp 68->18 | total wins 2321/2576
00:03:10 [2577/5100] episode 47504781485403: hp 46->28 | total wins 2322/2577
00:03:10 [2578/5100] episode 47504781485603: hp 48->48 | total wins 2323/2578
00:03:11 [2579/5100] episode 47504781483906: hp 58->43 | total wins 2324/2579
00:03:12 [2580/5100] episode 47504781485704: hp 75->31 | total wins 2325/2580
00:03:14 [2581/5100] episode 47504781485602: hp 55->35 | total wins 2326/2581
00:03:14 [2582/5100] episode 47504781485803: hp 53->18 | total wins 2327/2582
00:03:14 [2583/5100] episode 47504781484802: hp 54->18 | total wins 2328/2583
00:03:14 [2584/5100] episode 47504781486604: hp 53->29 | total wins 2329/2584
00:03:16 [2585/5100] episode 47504781486804: hp 46->27 | total wins 2330/2585
00:03:16 [2586/5100] episode 47504781483904: hp 75->43 | total wins 2331/2586
00:03:16 [2587/5100] episode 47504781486903: hp 35->lost | total wins 2331/2587
00:03:17 [2588/5100] episode 47504781486803: hp 40->lost | total wins 2331/2588
00:03:17 [2589/5100] episode 47504781478903: hp 67->21 | total wins 2332/2589
00:03:18 [2590/5100] episode 47504781485805: hp 50->37 | total wins 2333/2590
00:03:18 [2591/5100] episode 47504781487805: hp 51->33 | total wins 2334/2591
00:03:19 [2592/5100] episode 47504781484604: hp 70->60 | total wins 2335/2592
00:03:19 [2593/5100] episode 47504781486704: hp 53->35 | total wins 2336/2593
00:03:19 [2594/5100] episode 47504781487402: hp 33->7 | total wins 2337/2594
00:03:20 [2595/5100] episode 47504781488702: hp 74->59 | total wins 2338/2595
00:03:21 [2596/5100] episode 47504781489403: hp 32->16 | total wins 2339/2596
00:03:22 [2597/5100] episode 47504781485706: hp 48->26 | total wins 2340/2597
00:03:22 [2598/5100] episode 47504781487802: hp 57->57 | total wins 2341/2598
00:03:22 [2599/5100] episode 47504781487401: hp 73->53 | total wins 2342/2599
00:03:23 [2600/5100] episode 47504781490403: hp 63->50 | total wins 2343/2600
00:03:24 [2601/5100] episode 47504781484602: hp 68->48 | total wins 2344/2601
00:03:25 [2602/5100] episode 47504781488804: hp 75->53 | total wins 2345/2602
00:03:25 [2603/5100] episode 47504781489804: hp 60->39 | total wins 2346/2603
00:03:25 [2604/5100] episode 47504781490402: hp 31->11 | total wins 2347/2604
00:03:26 [2605/5100] episode 47504781488603: hp 38->23 | total wins 2348/2605
00:03:27 [2606/5100] episode 47504781490802: hp 60->20 | total wins 2349/2606
00:03:27 [2607/5100] episode 47504781489402: hp 44->16 | total wins 2350/2607
00:03:27 [2608/5100] episode 47504781490603: hp 56->lost | total wins 2350/2608
00:03:28 [2609/5100] episode 47504781491904: hp 40->16 | total wins 2351/2609
00:03:28 [2610/5100] episode 47504781490905: hp 39->4 | total wins 2352/2610
00:03:28 [2611/5100] episode 47504781487702: hp 65->lost | total wins 2352/2611
00:03:29 [2612/5100] episode 47504781488402: hp 36->13 | total wins 2353/2612
00:03:29 [2613/5100] episode 47504781492701: hp 68->34 | total wins 2354/2613
00:03:30 [2614/5100] episode 47504781492403: hp 40->lost | total wins 2354/2614
00:03:30 episode 47504781493803 skipped: replay diverged from the stored fight: ns": [[0, 1, 1, 0, 1, 0, 1, 0, 0, 0], [0, 0, 1, 0, 0, 0, 0, 3, 0], [4, 3, 2, 1, 0, 1, 0, 0, 1, 1]], "random_potions": true, "samples": [{"episode_id": 47504781493803000, "starting_hp": 59}], "teacher": {"leaf": "guided_rollout", "si: fight_resample_worker: stored actions don't fit the replayed fight
00:03:30 episode 47504781493804 skipped: replay diverged from the stored fight: ns": [[0, 1, 1, 0, 1, 0, 1, 0, 0, 0], [0, 0, 1, 0, 0, 0, 0, 3, 0], [4, 3, 2, 1, 0, 1, 0, 0, 1, 1], [6, 2, 0, 5, 2, 2, 0, 3, 2, 2, 0, 1, 1, 0, 0, 0, 0, 0, 0, 3, 0, 0, 0, 1, 0, 0, 0, 0, 0, 0, 0, 3]], "random_potions": true, "samples":: fight_resample_worker: stored actions don't fit the replayed fight
00:03:30 episode 47504781493807 skipped: replay diverged from the stored fight: ns": [[0, 1, 1, 0, 1, 0, 1, 0, 0, 0], [0, 0, 1, 0, 0, 0, 0, 3, 0], [4, 3, 2, 1, 0, 1, 0, 0, 1, 1], [6, 2, 0, 5, 2, 2, 0, 3, 2, 2, 0, 1, 1, 0, 0, 0, 0, 0, 0, 3, 0, 0, 0, 1, 0, 0, 0, 0, 0, 0, 0, 3], [5, 0, 4, 0, 4, 0, 1, 1, 0, 0, 2, 1: fight_resample_worker: stored actions don't fit the replayed fight
00:03:30 [2615/5100] episode 47504781489805: hp 54->45 | total wins 2355/2615
00:03:30 [2616/5100] episode 47504781492703: hp 17->lost | total wins 2355/2616
00:03:30 [2617/5100] episode 47504781491804: hp 67->25 | total wins 2356/2617
00:03:31 [2618/5100] episode 47504781494404: hp 51->41 | total wins 2357/2618
00:03:31 [2619/5100] episode 47504781492604: hp 40->13 | total wins 2358/2619
00:03:31 [2620/5100] episode 47504781494604: hp 68->30 | total wins 2359/2620
00:03:31 [2621/5100] episode 47504781492805: hp 75->35 | total wins 2360/2621
00:03:32 [2622/5100] episode 47504781492702: hp 53->23 | total wins 2361/2622
00:03:32 [2623/5100] episode 47504781492904: hp 35->14 | total wins 2362/2623
00:03:32 [2624/5100] episode 47504781494706: hp 70->50 | total wins 2363/2624
00:03:32 [2625/5100] episode 47504781490901: hp 58->18 | total wins 2364/2625
00:03:32 [2626/5100] episode 47504781491702: hp 50->25 | total wins 2365/2626
00:03:33 [2627/5100] episode 47504781495403: hp 49->31 | total wins 2366/2627
00:03:33 [2628/5100] episode 47504781495702: hp 75->29 | total wins 2367/2628
00:03:34 [2629/5100] episode 47504781496404: hp 38->3 | total wins 2368/2629
00:03:34 [2630/5100] episode 47504781495404: hp 65->47 | total wins 2369/2630
00:03:34 [2631/5100] episode 47504781495804: hp 51->22 | total wins 2370/2631
00:03:34 [2632/5100] episode 47504781494704: hp 75->63 | total wins 2371/2632
00:03:34 [2633/5100] episode 47504781495603: hp 59->41 | total wins 2372/2633
00:03:35 [2634/5100] episode 47504781495905: hp 35->3 | total wins 2373/2634
00:03:35 [2635/5100] episode 47504781495705: hp 30->5 | total wins 2374/2635
00:03:35 [2636/5100] episode 47504781494903: hp 73->48 | total wins 2375/2636
00:03:35 episode 47504781498405 skipped: replay diverged from the stored fight: 1, 1, 2, 0, 0, 0, 2, 2, 0, 0, 1], [3, 3, 0, 0, 2, 2, 0, 0, 0, 1, 0, 1], [10, 0, 2, 1], [9, 2, 0, 0, 3, 3, 3, 1, 0, 0, 1, 3, 3, 1], [0, 1, 2, 2, 1, 3, 2, 1, 0, 0, 1, 1]], "random_potions": true, "samples": [{"episode_id": 4750: fight_resample_worker: replayed fight didn't end after its stored actions
00:03:35 [2637/5100] episode 47504781496704: hp 57->41 | total wins 2376/2637
00:03:35 [2638/5100] episode 47504781496403: hp 41->24 | total wins 2377/2638
00:03:38 [2639/5100] episode 47504781497603: hp 39->23 | total wins 2378/2639
00:03:38 [2640/5100] episode 47504781496905: hp 28->14 | total wins 2379/2640
00:03:38 [2641/5100] episode 47504781496807: hp 30->5 | total wins 2380/2641
00:03:38 [2642/5100] episode 47504781497804: hp 27->lost | total wins 2380/2642
00:03:39 [2643/5100] episode 47504781498803: hp 45->39 | total wins 2381/2643
00:03:39 [2644/5100] episode 47504781498603: hp 55->40 | total wins 2382/2644
00:03:39 [2645/5100] episode 47504781496703: hp 69->44 | total wins 2383/2645
00:03:39 [2646/5100] episode 47504781496904: hp 65->40 | total wins 2384/2646
00:03:39 [2647/5100] episode 47504781498802: hp 70->38 | total wins 2385/2647
00:03:40 [2648/5100] episode 47504781499403: hp 68->36 | total wins 2386/2648
00:03:40 [2649/5100] episode 47504781499903: hp 75->52 | total wins 2387/2649
00:03:40 [2650/5100] episode 47504781500403: hp 69->52 | total wins 2388/2650
00:03:40 [2651/5100] episode 47504781496903: hp 70->56 | total wins 2389/2651
00:03:40 [2652/5100] episode 47504781500806: hp 15->lost | total wins 2389/2652
00:03:41 [2653/5100] episode 47504781500804: hp 53->41 | total wins 2390/2653
00:03:42 [2654/5100] episode 47504781501603: hp 75->35 | total wins 2391/2654
00:03:42 [2655/5100] episode 47504781501702: hp 54->24 | total wins 2392/2655
00:03:42 [2656/5100] episode 47504781500605: hp 56->36 | total wins 2393/2656
00:03:42 [2657/5100] episode 47504781501803: hp 36->4 | total wins 2394/2657
00:03:44 [2658/5100] episode 47504781503606: hp 75->59 | total wins 2395/2658
00:03:44 [2659/5100] episode 47504781484905: hp 49->34 | total wins 2396/2659
00:03:44 episode 47504781504606 skipped: replay diverged from the stored fight: 1, 0, 0, 0, 2, 2, 0, 0, 1, 1], [1, 1, 0, 0, 0, 1, 0, 0, 0], [3, 0, 2, 0, 0, 1, 1, 0, 1, 1, 0, 0, 0, 0, 0, 0, 0], [1, 0, 0, 1, 0], [2, 0, 1, 3, 1], [1, 1]], "random_potions": true, "samples": [{"episode_id": 47504781504606000,: fight_resample_worker: replayed fight didn't end after its stored actions
00:03:44 [2660/5100] episode 47504781501606: hp 45->30 | total wins 2397/2660
00:03:45 [2661/5100] episode 47504781502806: hp 19->lost | total wins 2397/2661
00:03:45 [2662/5100] episode 47504781499602: hp 75->55 | total wins 2398/2662
00:03:46 [2663/5100] episode 47504781501404: hp 60->28 | total wins 2399/2663
00:03:46 [2664/5100] episode 47504781504903: hp 74->46 | total wins 2400/2664
00:03:47 [2665/5100] episode 47504781502701: hp 64->lost | total wins 2400/2665
00:03:47 [2666/5100] episode 47504781505806: hp 41->22 | total wins 2401/2666
00:03:47 [2667/5100] episode 47504781502405: hp 33->9 | total wins 2402/2667
00:03:47 [2668/5100] episode 47504781501802: hp 46->10 | total wins 2403/2668
00:03:47 [2669/5100] episode 47504781505904: hp 73->41 | total wins 2404/2669
00:03:48 [2670/5100] episode 47504781503903: hp 53->38 | total wins 2405/2670
00:03:48 [2671/5100] episode 47504781506705: hp 32->14 | total wins 2406/2671
00:03:49 [2672/5100] episode 47504781507402: hp 75->59 | total wins 2407/2672
00:03:49 episode 47504781507706 skipped: replay diverged from the stored fight: ns": [[0, 1, 1, 0, 0, 1, 0, 1, 2, 0, 0, 0], [3, 0, 0, 4, 1], [0, 1, 2, 1, 0, 0, 0, 1, 0, 0, 0], [1, 1, 1, 0, 1, 1], [17, 0, 0, 5, 0, 1, 0], [4, 0, 1, 1, 1, 3, 6, 6]], "random_potions": true, "samples": [{"episode_id": 47504781507706: fight_resample_worker: stored actions don't fit the replayed fight
00:03:50 [2673/5100] episode 47504781500704: hp 55->3 | total wins 2408/2673
00:03:50 [2674/5100] episode 47504781503804: hp 61->31 | total wins 2409/2674
00:03:50 [2675/5100] episode 47504781504705: hp 55->40 | total wins 2410/2675
00:03:50 [2676/5100] episode 47504781507602: hp 65->17 | total wins 2411/2676
00:03:51 [2677/5100] episode 47504781506904: hp 58->26 | total wins 2412/2677
00:03:51 [2678/5100] episode 47504781506804: hp 41->11 | total wins 2413/2678
00:03:51 [2679/5100] episode 47504781506602: hp 59->39 | total wins 2414/2679
00:03:52 [2680/5100] episode 47504781509405: hp 57->45 | total wins 2415/2680
00:03:52 [2681/5100] episode 47504781508803: hp 75->37 | total wins 2416/2681
00:03:53 [2682/5100] episode 47504781506903: hp 56->38 | total wins 2417/2682
00:03:54 [2683/5100] episode 47504781508403: hp 63->11 | total wins 2418/2683
00:03:54 [2684/5100] episode 47504781509605: hp 32->5 | total wins 2419/2684
00:03:54 [2685/5100] episode 47504781508702: hp 75->59 | total wins 2420/2685
00:03:55 [2686/5100] episode 47504781508404: hp 55->5 | total wins 2421/2686
00:03:55 [2687/5100] episode 47504781510901: hp 18->2 | total wins 2422/2687
00:03:56 [2688/5100] episode 47504781508603: hp 71->41 | total wins 2423/2688
00:03:57 [2689/5100] episode 47504781511703: hp 75->63 | total wins 2424/2689
00:03:57 [2690/5100] episode 47504781506606: hp 54->19 | total wins 2425/2690
00:03:57 [2691/5100] episode 47504781505905: hp 41->17 | total wins 2426/2691
00:03:58 [2692/5100] episode 47504781512803: hp 33->17 | total wins 2427/2692
00:03:58 [2693/5100] episode 47504781512401: hp 47->36 | total wins 2428/2693
00:03:59 [2694/5100] episode 47504781507903: hp 75->45 | total wins 2429/2694
00:03:59 episode 47504781513902 skipped: replay diverged from the stored fight: 2, 0, 0, 0, 0, 0, 0, 1, 0, 0, 0, 0], [3]], "random_potions": true, "samples": [{"episode_id": 47504781513902000, "starting_hp": 75}], "teacher": {"leaf": "guided_rollout", "simulations": 20000, "oracle": false, "random_move":: fight_resample_worker: replayed fight didn't end after its stored actions
00:03:59 episode 47504781513904 skipped: replay diverged from the stored fight: 2, 0, 0, 0, 0, 0, 0, 1, 0, 0, 0, 0], [3], [0, 0, 0, 0, 0, 1, 2, 0, 1, 0, 2, 2, 1, 0, 0, 2, 2, 2, 0], [6, 1, 1, 0, 1, 0, 0, 0, 0, 5, 1, 1]], "random_potions": true, "samples": [{"episode_id": 47504781513904000, "starting_hp": : fight_resample_worker: replayed fight didn't end after its stored actions
00:03:59 episode 47504781514406 skipped: replay diverged from the stored fight: 0, 1, 0, 0, 0, 1, 0, 0], [2, 1, 3, 2, 2, 1, 1, 4, 2, 6, 1, 0, 0], [4, 1, 2, 0, 1, 0, 1, 1, 0, 0, 0, 1, 0, 0, 0], [4, 4, 0, 0, 1, 1, 0, 1, 0, 0, 2, 2, 0, 0, 0, 2, 2, 0, 0, 2, 4, 0, 0, 0, 0, 1, 0, 0, 0, 0], [0, 1, 0, 0, 2, 3, 2: fight_resample_worker: replayed fight didn't end after its stored actions
00:03:59 [2695/5100] episode 47504781510803: hp 48->lost | total wins 2429/2695
00:03:59 [2696/5100] episode 47504781511603: hp 65->8 | total wins 2430/2696
00:04:00 [2697/5100] episode 47504781509602: hp 75->40 | total wins 2431/2697
00:04:01 [2698/5100] episode 47504781515605: hp 42->26 | total wins 2432/2698
00:04:01 [2699/5100] episode 47504781509704: hp 38->10 | total wins 2433/2699
00:04:02 [2700/5100] episode 47504781514703: hp 75->54 | total wins 2434/2700
00:04:02 [2701/5100] episode 47504781510604: hp 44->18 | total wins 2435/2701
00:04:02 [2702/5100] episode 47504781512903: hp 70->10 | total wins 2436/2702
00:04:03 [2703/5100] episode 47504781515603: hp 75->45 | total wins 2437/2703
00:04:03 [2704/5100] episode 47504781515802: hp 53->37 | total wins 2438/2704
00:04:03 [2705/5100] episode 47504781511706: hp 70->56 | total wins 2439/2705
00:04:03 episode 47504781518602 skipped: replay diverged from the stored fight: ns": [[0, 0, 0, 0, 0, 0, 0, 0, 0, 0, 0, 0], [6, 4, 5, 0, 4, 3, 5, 2, 1]], "random_potions": true, "samples": [{"episode_id": 47504781518602000, "starting_hp": 19}], "teacher": {"leaf": "guided_rollout", "simulations": 20000, "oracle: fight_resample_worker: stored actions don't fit the replayed fight
00:04:03 [2706/5100] episode 47504781513602: hp 59->7 | total wins 2440/2706
00:04:04 [2707/5100] episode 47504781517703: hp 63->47 | total wins 2441/2707
00:04:04 [2708/5100] episode 47504781517602: hp 52->28 | total wins 2442/2708
00:04:05 [2709/5100] episode 47504781518704: hp 49->7 | total wins 2443/2709
00:04:05 [2710/5100] episode 47504781518803: hp 55->27 | total wins 2444/2710
00:04:06 [2711/5100] episode 47504781519805: hp 62->34 | total wins 2445/2711
00:04:07 [2712/5100] episode 47504781511403: hp 64->39 | total wins 2446/2712
00:04:08 [2713/5100] episode 47504781513703: hp 52->lost | total wins 2446/2713
00:04:08 [2714/5100] episode 47504781518802: hp 54->21 | total wins 2447/2714
00:04:09 [2715/5100] episode 47504781518703: hp 56->16 | total wins 2448/2715
00:04:09 [2716/5100] episode 47504781516704: hp 59->22 | total wins 2449/2716
00:04:09 episode 47504781520904 skipped: replay diverged from the stored fight: ns": [[1, 0, 0, 0, 0, 0, 0, 1, 1, 0, 0, 0], [1, 0, 1, 0, 2, 4, 0, 0, 1], [1, 2, 0, 0, 1, 1, 2, 0, 1, 2, 0, 0, 0, 2, 0, 0, 0, 2, 0], [2, 1, 3, 1, 1, 11, 4, 1, 1, 0, 2, 0, 3, 1, 3]], "random_potions": true, "samples": [{"episode_id": : fight_resample_worker: stored actions don't fit the replayed fight
00:04:09 [2717/5100] episode 47504781519402: hp 75->16 | total wins 2450/2717
00:04:09 [2718/5100] episode 47504781516803: hp 70->49 | total wins 2451/2718
00:04:12 [2719/5100] episode 47504781514804: hp 39->11 | total wins 2452/2719
00:04:12 [2720/5100] episode 47504781515902: hp 71->36 | total wins 2453/2720
00:04:13 [2721/5100] episode 47504781522405: hp 18->lost | total wins 2453/2721
00:04:13 [2722/5100] episode 47504781520803: hp 75->50 | total wins 2454/2722
00:04:14 [2723/5100] episode 47504781517905: hp 75->31 | total wins 2455/2723
00:04:14 [2724/5100] episode 47504781521704: hp 53->33 | total wins 2456/2724
00:04:15 [2725/5100] episode 47504781519903: hp 75->31 | total wins 2457/2725
00:04:16 [2726/5100] episode 47504781522403: hp 75->35 | total wins 2458/2726
00:04:16 [2727/5100] episode 47504781523403: hp 62->46 | total wins 2459/2727
00:04:16 [2728/5100] episode 47504781519904: hp 62->9 | total wins 2460/2728
00:04:17 [2729/5100] episode 47504781520604: hp 46->2 | total wins 2461/2729
00:04:17 [2730/5100] episode 47504781523604: hp 61->23 | total wins 2462/2730
00:04:17 [2731/5100] episode 47504781523602: hp 70->35 | total wins 2463/2731
00:04:17 [2732/5100] episode 47504781524603: hp 64->48 | total wins 2464/2732
00:04:18 [2733/5100] episode 47504781520704: hp 75->42 | total wins 2465/2733
00:04:18 [2734/5100] episode 47504781525604: hp 49->49 | total wins 2466/2734
00:04:18 episode 47504781525703 skipped: replay diverged from the stored fight: ns": [[1, 1, 1, 0, 0, 0, 0, 0, 0], [3, 1, 2, 1, 0, 0, 2, 0, 0, 1, 1, 1, 0, 0, 0, 0], [3, 4, 0, 0, 2, 0, 1, 0, 2, 1, 0, 0, 1]], "random_potions": true, "samples": [{"episode_id": 47504781525703000, "starting_hp": 74}], "teacher": {"l: fight_resample_worker: stored actions don't fit the replayed fight
00:04:19 [2735/5100] episode 47504781522604: hp 40->16 | total wins 2467/2735
00:04:19 [2736/5100] episode 47504781521804: hp 45->43 | total wins 2468/2736
00:04:20 [2737/5100] episode 47504781525806: hp 73->57 | total wins 2469/2737
00:04:20 [2738/5100] episode 47504781522905: hp 51->37 | total wins 2470/2738
00:04:20 [2739/5100] episode 47504781521705: hp 60->40 | total wins 2471/2739
00:04:21 [2740/5100] episode 47504781525605: hp 60->55 | total wins 2472/2740
00:04:21 [2741/5100] episode 47504781525405: hp 36->24 | total wins 2473/2741
00:04:22 [2742/5100] episode 47504781526702: hp 49->31 | total wins 2474/2742
00:04:22 [2743/5100] episode 47504781523704: hp 42->20 | total wins 2475/2743
00:04:22 [2744/5100] episode 47504781525603: hp 73->43 | total wins 2476/2744
00:04:23 [2745/5100] episode 47504781526804: hp 61->31 | total wins 2477/2745
00:04:23 [2746/5100] episode 47504781527704: hp 48->18 | total wins 2478/2746
00:04:23 [2747/5100] episode 47504781527803: hp 50->12 | total wins 2479/2747
00:04:24 [2748/5100] episode 47504781524402: hp 43->29 | total wins 2480/2748
00:04:24 [2749/5100] episode 47504781528404: hp 57->25 | total wins 2481/2749
00:04:25 [2750/5100] episode 47504781527404: hp 44->lost | total wins 2481/2750
00:04:25 [2751/5100] episode 47504781529805: hp 29->17 | total wins 2482/2751
00:04:26 [2752/5100] episode 47504781528906: hp 27->3 | total wins 2483/2752
00:04:26 [2753/5100] episode 47504781529704: hp 51->31 | total wins 2484/2753
00:04:27 [2754/5100] episode 47504781523906: hp 54->3 | total wins 2485/2754
00:04:28 [2755/5100] episode 47504781530805: hp 14->lost | total wins 2485/2755
00:04:28 [2756/5100] episode 47504781530605: hp 51->28 | total wins 2486/2756
00:04:29 [2757/5100] episode 47504781528402: hp 58->27 | total wins 2487/2757
00:04:29 [2758/5100] episode 47504781530603: hp 60->52 | total wins 2488/2758
00:04:30 [2759/5100] episode 47504781531703: hp 55->39 | total wins 2489/2759
00:04:30 [2760/5100] episode 47504781530404: hp 73->38 | total wins 2490/2760
00:04:30 [2761/5100] episode 47504781529902: hp 75->68 | total wins 2491/2761
00:04:31 [2762/5100] episode 47504781528803: hp 75->40 | total wins 2492/2762
00:04:31 [2763/5100] episode 47504781532406: hp 75->52 | total wins 2493/2763
00:04:31 [2764/5100] episode 47504781531702: hp 44->23 | total wins 2494/2764
00:04:32 [2765/5100] episode 47504781532603: hp 40->lost | total wins 2494/2765
00:04:32 [2766/5100] episode 47504781531604: hp 57->57 | total wins 2495/2766
00:04:32 [2767/5100] episode 47504781533605: hp 24->2 | total wins 2496/2767
00:04:32 [2768/5100] episode 47504781532904: hp 73->49 | total wins 2497/2768
00:04:33 [2769/5100] episode 47504781528406: hp 62->62 | total wins 2498/2769
00:04:33 [2770/5100] episode 47504781533402: hp 19->lost | total wins 2498/2770
00:04:33 [2771/5100] episode 47504781534403: hp 55->39 | total wins 2499/2771
00:04:34 [2772/5100] episode 47504781534903: hp 59->41 | total wins 2500/2772
00:04:34 [2773/5100] episode 47504781534602: hp 75->63 | total wins 2501/2773
00:04:35 [2774/5100] episode 47504781529403: hp 75->30 | total wins 2502/2774
00:04:35 [2775/5100] episode 47504781535704: hp 65->57 | total wins 2503/2775
00:04:35 [2776/5100] episode 47504781534605: hp 61->61 | total wins 2504/2776
00:04:36 [2777/5100] episode 47504781534405: hp 39->20 | total wins 2505/2777
00:04:37 [2778/5100] episode 47504781534703: hp 50->4 | total wins 2506/2778
00:04:37 [2779/5100] episode 47504781537605: hp 10->lost | total wins 2506/2779
00:04:37 [2780/5100] episode 47504781526605: hp 68->57 | total wins 2507/2780
00:04:39 [2781/5100] episode 47504781535904: hp 58->70 | total wins 2508/2781
00:04:39 [2782/5100] episode 47504781528802: hp 75->50 | total wins 2509/2782
00:04:39 episode 47504781538405 skipped: replay diverged from the stored fight: ns": [[3, 1, 0, 1, 0, 0, 0, 1], [0, 1, 2, 0, 0, 0, 0, 2, 1, 0, 1, 0, 2, 1, 1, 1], [0, 1, 2, 0, 1, 3, 0, 1, 1, 1, 1, 0, 1, 0, 1, 2, 1, 1, 1, 1, 2, 1], [2, 3, 0, 1, 3, 0, 0, 1, 0, 0, 0], [1, 1, 0, 1, 1, 2, 6, 2]], "random_potions": tr: fight_resample_worker: stored actions don't fit the replayed fight
00:04:39 [2783/5100] episode 47504781537902: hp 75->15 | total wins 2510/2783
00:04:39 [2784/5100] episode 47504781534803: hp 27->4 | total wins 2511/2784
00:04:39 episode 47504781538704 skipped: replay diverged from the stored fight: ns": [[0, 2, 0, 1, 2, 0, 0, 0], [6, 6, 0, 0, 2, 2, 2, 2, 9, 0, 3, 2, 0, 0, 1, 1, 6, 0, 1, 1, 1, 0, 0, 0, 0, 0, 0, 0, 0, 2, 1, 0, 0, 0], [1, 0, 0, 0, 0, 1, 0, 2, 0, 0, 0, 3, 2], [5, 3, 1, 1, 1, 2]], "random_potions": true, "samples":: fight_resample_worker: stored actions don't fit the replayed fight
00:04:40 [2785/5100] episode 47504781537801: hp 57->9 | total wins 2512/2785
00:04:40 [2786/5100] episode 47504781536404: hp 37->2 | total wins 2513/2786
00:04:40 [2787/5100] episode 47504781537903: hp 26->22 | total wins 2514/2787
00:04:41 [2788/5100] episode 47504781536703: hp 61->25 | total wins 2515/2788
00:04:41 [2789/5100] episode 47504781538702: hp 36->23 | total wins 2516/2789
00:04:42 [2790/5100] episode 47504781539604: hp 63->28 | total wins 2517/2790
00:04:43 [2791/5100] episode 47504781538905: hp 53->45 | total wins 2518/2791
00:04:43 [2792/5100] episode 47504781539904: hp 33->9 | total wins 2519/2792
00:04:43 [2793/5100] episode 47504781540404: hp 18->1 | total wins 2520/2793
00:04:44 [2794/5100] episode 47504781540603: hp 42->27 | total wins 2521/2794
00:04:46 [2795/5100] episode 47504781540402: hp 61->28 | total wins 2522/2795
00:04:46 [2796/5100] episode 47504781538603: hp 69->33 | total wins 2523/2796
00:04:47 [2797/5100] episode 47504781532802: hp 66->20 | total wins 2524/2797
00:04:50 [2798/5100] episode 47504781535802: hp 73->44 | total wins 2525/2798
00:04:50 [2799/5100] episode 47504781536603: hp 70->42 | total wins 2526/2799
00:04:51 [2800/5100] episode 47504781541703: hp 50->21 | total wins 2527/2800
00:04:51 episode 47504781542406 skipped: replay diverged from the stored fight: 2, 0, 1, 0, 0, 1, 0, 0], [4, 1, 1, 2, 0, 2, 0, 1], [4, 6, 1, 0, 2, 0, 2, 0, 0, 0, 0, 0, 0, 0, 1], [5], [3, 0, 0, 0, 0], [0, 0, 0, 1]], "random_potions": true, "samples": [{"episode_id": 47504781542406000, "starting_hp": 40}],: fight_resample_worker: replayed fight didn't end after its stored actions
00:04:51 [2801/5100] episode 47504781541702: hp 71->33 | total wins 2528/2801
00:04:51 [2802/5100] episode 47504781541705: hp 15->1 | total wins 2529/2802
00:04:51 [2803/5100] episode 47504781532702: hp 71->46 | total wins 2530/2803
00:04:52 [2804/5100] episode 47504781540904: hp 56->36 | total wins 2531/2804
00:04:52 [2805/5100] episode 47504781542704: hp 46->35 | total wins 2532/2805
00:04:52 [2806/5100] episode 47504781539903: hp 75->37 | total wins 2533/2806
00:04:53 [2807/5100] episode 47504781540803: hp 68->38 | total wins 2534/2807
00:04:53 [2808/5100] episode 47504781543903: hp 38->6 | total wins 2535/2808
00:04:54 [2809/5100] episode 47504781541602: hp 48->35 | total wins 2536/2809
00:04:54 [2810/5100] episode 47504781544804: hp 75->59 | total wins 2537/2810
00:04:54 [2811/5100] episode 47504781540703: hp 44->lost | total wins 2537/2811
00:04:55 [2812/5100] episode 47504781542905: hp 70->40 | total wins 2538/2812
00:04:55 [2813/5100] episode 47504781542703: hp 42->13 | total wins 2539/2813
00:04:55 [2814/5100] episode 47504781541706: hp 46->36 | total wins 2540/2814
00:04:55 [2815/5100] episode 47504781543704: hp 56->26 | total wins 2541/2815
00:04:56 [2816/5100] episode 47504781545804: hp 73->67 | total wins 2542/2816
00:04:56 [2817/5100] episode 47504781542802: hp 75->40 | total wins 2543/2817
00:04:56 [2818/5100] episode 47504781546602: hp 52->36 | total wins 2544/2818
00:04:56 [2819/5100] episode 47504781546403: hp 48->8 | total wins 2545/2819
00:04:57 [2820/5100] episode 47504781545703: hp 43->lost | total wins 2545/2820
00:04:57 [2821/5100] episode 47504781547704: hp 48->32 | total wins 2546/2821
00:04:58 [2822/5100] episode 47504781546803: hp 67->35 | total wins 2547/2822
00:04:58 [2823/5100] episode 47504781547905: hp 67->19 | total wins 2548/2823
00:04:59 [2824/5100] episode 47504781546605: hp 24->2 | total wins 2549/2824
00:04:59 [2825/5100] episode 47504781547702: hp 53->40 | total wins 2550/2825
00:04:59 [2826/5100] episode 47504781546604: hp 34->17 | total wins 2551/2826
00:05:00 [2827/5100] episode 47504781543803: hp 60->9 | total wins 2552/2827
00:05:00 [2828/5100] episode 47504781538903: hp 53->24 | total wins 2553/2828
00:05:01 [2829/5100] episode 47504781549403: hp 75->35 | total wins 2554/2829
00:05:02 [2830/5100] episode 47504781548903: hp 59->59 | total wins 2555/2830
00:05:02 [2831/5100] episode 47504781546402: hp 59->20 | total wins 2556/2831
00:05:02 [2832/5100] episode 47504781547903: hp 44->4 | total wins 2557/2832
00:05:04 [2833/5100] episode 47504781546903: hp 57->11 | total wins 2558/2833
00:05:04 [2834/5100] episode 47504781550702: hp 75->74 | total wins 2559/2834
00:05:04 [2835/5100] episode 47504781546902: hp 40->lost | total wins 2559/2835
00:05:04 [2836/5100] episode 47504781548605: hp 55->30 | total wins 2560/2836
00:05:04 [2837/5100] episode 47504781549605: hp 57->22 | total wins 2561/2837
00:05:05 [2838/5100] episode 47504781550905: hp 75->59 | total wins 2562/2838
00:05:06 [2839/5100] episode 47504781549903: hp 44->9 | total wins 2563/2839
00:05:06 [2840/5100] episode 47504781549405: hp 49->14 | total wins 2564/2840
00:05:07 [2841/5100] episode 47504781548705: hp 54->15 | total wins 2565/2841
00:05:07 [2842/5100] episode 47504781551705: hp 47->1 | total wins 2566/2842
00:05:07 [2843/5100] episode 47504781551603: hp 61->12 | total wins 2567/2843
00:05:07 [2844/5100] episode 47504781549805: hp 39->2 | total wins 2568/2844
00:05:08 [2845/5100] episode 47504781552404: hp 75->61 | total wins 2569/2845
00:05:09 [2846/5100] episode 47504781551905: hp 59->40 | total wins 2570/2846
00:05:09 [2847/5100] episode 47504781553605: hp 33->17 | total wins 2571/2847
00:05:10 [2848/5100] episode 47504781552405: hp 55->55 | total wins 2572/2848
00:05:10 [2849/5100] episode 47504781550803: hp 48->12 | total wins 2573/2849
00:05:11 [2850/5100] episode 47504781554605: hp 74->40 | total wins 2574/2850
00:05:12 [2851/5100] episode 47504781552904: hp 43->28 | total wins 2575/2851
00:05:12 [2852/5100] episode 47504781551704: hp 59->3 | total wins 2576/2852
00:05:12 episode 47504781555802 skipped: replay diverged from the stored fight: 0, 0, 0, 0, 0, 0, 0, 1, 1, 0, 0, 1, 2], [6]], "random_potions": true, "samples": [{"episode_id": 47504781555802000, "starting_hp": 54}], "teacher": {"leaf": "guided_rollout", "simulations": 20000, "oracle": false, "random_mov: fight_resample_worker: replayed fight didn't end after its stored actions
00:05:12 [2853/5100] episode 47504781554902: hp 71->55 | total wins 2577/2853
00:05:12 episode 47504781556406 skipped: replay diverged from the stored fight: 5, 3, 2, 0, 1, 0, 0, 0, 0], [0, 1, 1, 1, 0, 0, 1, 1, 0], [1, 0, 0, 1, 2, 1, 0, 1, 1, 1], [0, 2, 0, 1, 0, 0, 1, 2, 0, 0, 1, 1, 0, 0, 2], [4], [0, 0, 0, 0, 0, 0, 0, 0, 1, 1, 1, 0]], "random_potions": true, "samples": [{"episode: fight_resample_worker: replayed fight didn't end after its stored actions
00:05:12 [2854/5100] episode 47504781553703: hp 59->20 | total wins 2578/2854
00:05:13 [2855/5100] episode 47504781548405: hp 54->18 | total wins 2579/2855
00:05:14 [2856/5100] episode 47504781553405: hp 70->41 | total wins 2580/2856
00:05:14 [2857/5100] episode 47504781556404: hp 53->21 | total wins 2581/2857
00:05:14 [2858/5100] episode 47504781550601: hp 69->lost | total wins 2581/2858
00:05:15 [2859/5100] episode 47504781552903: hp 68->22 | total wins 2582/2859
00:05:15 [2860/5100] episode 47504781553704: hp 54->39 | total wins 2583/2860
00:05:15 [2861/5100] episode 47504781558404: hp 29->3 | total wins 2584/2861
00:05:16 [2862/5100] episode 47504781558403: hp 51->11 | total wins 2585/2862
00:05:17 [2863/5100] episode 47504781556602: hp 75->35 | total wins 2586/2863
00:05:18 [2864/5100] episode 47504781557802: hp 62->12 | total wins 2587/2864
00:05:18 [2865/5100] episode 47504781555401: hp 68->20 | total wins 2588/2865
00:05:20 [2866/5100] episode 47504781558704: hp 63->34 | total wins 2589/2866
00:05:20 [2867/5100] episode 47504781559803: hp 39->17 | total wins 2590/2867
00:05:21 [2868/5100] episode 47504781559903: hp 33->lost | total wins 2590/2868
00:05:21 [2869/5100] episode 47504781558801: hp 53->27 | total wins 2591/2869
00:05:21 episode 47504781561805 skipped: replay diverged from the stored fight: ns": [[2, 2, 1, 2, 2, 0, 0, 0, 0, 0, 1, 1], [2, 2, 1, 1, 0, 1, 0, 1, 0, 1, 1, 2, 0], [3, 1, 1, 4, 1, 1, 2, 2, 0, 0, 1, 1, 1, 0, 1, 1, 2, 1, 1, 0, 0], [3, 0, 0, 1, 2, 2, 2, 2, 1, 0, 2, 1, 1, 1, 1, 2, 2, 0], [5, 0, 0, 1, 2, 2, 0, 1, 2: fight_resample_worker: stored actions don't fit the replayed fight
00:05:22 [2870/5100] episode 47504781556906: hp 29->40 | total wins 2592/2870
00:05:22 [2871/5100] episode 47504781560802: hp 59->39 | total wins 2593/2871
00:05:23 [2872/5100] episode 47504781561908: hp 34->6 | total wins 2594/2872
00:05:23 [2873/5100] episode 47504781560603: hp 67->27 | total wins 2595/2873
00:05:24 [2874/5100] episode 47504781555604: hp 70->34 | total wins 2596/2874
00:05:25 [2875/5100] episode 47504781557702: hp 51->21 | total wins 2597/2875
00:05:25 [2876/5100] episode 47504781561403: hp 75->50 | total wins 2598/2876
00:05:25 [2877/5100] episode 47504781562804: hp 73->63 | total wins 2599/2877
00:05:26 [2878/5100] episode 47504781559605: hp 61->51 | total wins 2600/2878
00:05:26 [2879/5100] episode 47504781554603: hp 75->37 | total wins 2601/2879
00:05:26 [2880/5100] episode 47504781561605: hp 31->lost | total wins 2601/2880
00:05:27 [2881/5100] episode 47504781562805: hp 39->39 | total wins 2602/2881
00:05:27 [2882/5100] episode 47504781560405: hp 63->45 | total wins 2603/2882
00:05:28 [2883/5100] episode 47504781562603: hp 68->38 | total wins 2604/2883
00:05:28 [2884/5100] episode 47504781564802: hp 48->36 | total wins 2605/2884
00:05:29 [2885/5100] episode 47504781564904: hp 36->1 | total wins 2606/2885
00:05:30 [2886/5100] episode 47504781564703: hp 75->57 | total wins 2607/2886
00:05:33 [2887/5100] episode 47504781565805: hp 56->31 | total wins 2608/2887
00:05:33 [2888/5100] episode 47504781565703: hp 47->lost | total wins 2608/2888
00:05:34 [2889/5100] episode 47504781565603: hp 69->33 | total wins 2609/2889
00:05:34 [2890/5100] episode 47504781564705: hp 52->24 | total wins 2610/2890
00:05:35 [2891/5100] episode 47504781562703: hp 61->36 | total wins 2611/2891
00:05:35 [2892/5100] episode 47504781563904: hp 52->lost | total wins 2611/2892
00:05:36 [2893/5100] episode 47504781565803: hp 60->13 | total wins 2612/2893
00:05:36 [2894/5100] episode 47504781564605: hp 60->21 | total wins 2613/2894
00:05:36 episode 47504781567705 skipped: replay diverged from the stored fight: 0, 0, 0, 0, 0, 0, 0, 1, 2, 0, 0, 0, 1], [2, 2, 1, 0, 0, 1, 0], [4], [1, 0, 1, 0, 0, 1, 2, 0, 1, 6, 0, 1, 0, 4, 0, 1, 0, 10, 0, 2, 0], [7, 0, 0, 0]], "random_potions": true, "samples": [{"episode_id": 47504781567705000, "start: fight_resample_worker: replayed fight didn't end after its stored actions
00:05:36 [2895/5100] episode 47504781566802: hp 65->33 | total wins 2614/2895
00:05:36 [2896/5100] episode 47504781566404: hp 64->45 | total wins 2615/2896
00:05:36 [2897/5100] episode 47504781566703: hp 75->45 | total wins 2616/2897
00:05:36 [2898/5100] episode 47504781562903: hp 66->21 | total wins 2617/2898
00:05:38 [2899/5100] episode 47504781568805: hp 36->6 | total wins 2618/2899
00:05:38 episode 47504781570403 skipped: replay diverged from the stored fight: ns": [[0, 1, 0, 0, 0, 1, 0, 1, 1, 0, 0, 1, 0], [0, 1, 0, 5, 1, 1, 1, 1, 1, 2, 3], [0, 0, 1, 1, 4, 3, 0, 2, 0]], "random_potions": true, "samples": [{"episode_id": 47504781570403000, "starting_hp": 45}], "teacher": {"leaf": "guided_r: fight_resample_worker: stored actions don't fit the replayed fight
00:05:38 [2900/5100] episode 47504781565807: hp 51->25 | total wins 2619/2900
00:05:39 [2901/5100] episode 47504781567405: hp 37->17 | total wins 2620/2901
00:05:40 [2902/5100] episode 47504781565902: hp 51->29 | total wins 2621/2902
00:05:40 [2903/5100] episode 47504781561904: hp 40->24 | total wins 2622/2903
00:05:40 [2904/5100] episode 47504781567404: hp 59->24 | total wins 2623/2904
00:05:41 [2905/5100] episode 47504781569903: hp 61->38 | total wins 2624/2905
00:05:41 [2906/5100] episode 47504781562403: hp 59->10 | total wins 2625/2906
00:05:41 [2907/5100] episode 47504781570803: hp 53->37 | total wins 2626/2907
00:05:41 [2908/5100] episode 47504781567902: hp 57->31 | total wins 2627/2908
00:05:42 [2909/5100] episode 47504781570903: hp 65->33 | total wins 2628/2909
00:05:42 episode 47504781571803 skipped: replay diverged from the stored fight: ns": [[1, 1, 0, 0, 0, 0, 0, 0, 0, 1, 0, 1, 0], [0, 1, 0, 3, 0, 1, 0, 0], [1, 1, 0, 1, 1, 4, 0, 0]], "random_potions": true, "samples": [{"episode_id": 47504781571803000, "starting_hp": 55}], "teacher": {"leaf": "guided_rollout", "si: fight_resample_worker: stored actions don't fit the replayed fight
00:05:42 [2910/5100] episode 47504781567803: hp 75->21 | total wins 2629/2910
00:05:42 [2911/5100] episode 47504781570904: hp 61->21 | total wins 2630/2911
00:05:43 [2912/5100] episode 47504781570703: hp 23->lost | total wins 2630/2912
00:05:43 episode 47504781572903 skipped: replay diverged from the stored fight: 1, 1, 0, 0, 1, 0, 0, 3, 0, 0, 0, 1, 1, 0, 1], [2, 4, 2, 0, 0, 0, 0, 1, 0, 1, 1, 2, 2, 0, 0, 0], [4]], "random_potions": true, "samples": [{"episode_id": 47504781572903000, "starting_hp": 66}], "teacher": {"leaf": "guided_roll: fight_resample_worker: replayed fight didn't end after its stored actions
00:05:43 [2913/5100] episode 47504781572603: hp 49->29 | total wins 2631/2913
00:05:43 [2914/5100] episode 47504781570702: hp 48->7 | total wins 2632/2914
00:05:43 [2915/5100] episode 47504781572405: hp 80->48 | total wins 2633/2915
00:05:45 [2916/5100] episode 47504781573406: hp 64->59 | total wins 2634/2916
00:05:45 [2917/5100] episode 47504781571603: hp 66->4 | total wins 2635/2917
00:05:45 [2918/5100] episode 47504781570804: hp 63->36 | total wins 2636/2918
00:05:45 [2919/5100] episode 47504781571404: hp 41->11 | total wins 2637/2919
00:05:45 [2920/5100] episode 47504781569604: hp 75->28 | total wins 2638/2920
00:05:45 [2921/5100] episode 47504781570603: hp 74->49 | total wins 2639/2921
00:05:45 [2922/5100] episode 47504781572703: hp 73->58 | total wins 2640/2922
00:05:46 [2923/5100] episode 47504781573805: hp 32->4 | total wins 2641/2923
00:05:48 [2924/5100] episode 47504781575603: hp 54->24 | total wins 2642/2924
00:05:49 [2925/5100] episode 47504781573902: hp 33->lost | total wins 2642/2925
00:05:49 [2926/5100] episode 47504781575703: hp 63->33 | total wins 2643/2926
00:05:50 [2927/5100] episode 47504781574802: hp 54->19 | total wins 2644/2927
00:05:50 [2928/5100] episode 47504781574905: hp 45->38 | total wins 2645/2928
00:05:50 [2929/5100] episode 47504781575604: hp 41->21 | total wins 2646/2929
00:05:51 [2930/5100] episode 47504781574405: hp 68->53 | total wins 2647/2930
00:05:51 [2931/5100] episode 47504781575706: hp 24->lost | total wins 2647/2931
00:05:51 [2932/5100] episode 47504781571605: hp 55->3 | total wins 2648/2932
00:05:52 [2933/5100] episode 47504781576403: hp 49->16 | total wins 2649/2933
00:05:52 [2934/5100] episode 47504781573603: hp 75->50 | total wins 2650/2934
00:05:54 [2935/5100] episode 47504781574602: hp 68->51 | total wins 2651/2935
00:05:54 [2936/5100] episode 47504781577604: hp 53->48 | total wins 2652/2936
00:05:55 [2937/5100] episode 47504781574705: hp 55->32 | total wins 2653/2937
00:05:55 [2938/5100] episode 47504781575804: hp 40->3 | total wins 2654/2938
00:05:56 [2939/5100] episode 47504781578403: hp 62->46 | total wins 2655/2939
00:05:57 [2940/5100] episode 47504781576703: hp 66->40 | total wins 2656/2940
00:05:57 [2941/5100] episode 47504781578605: hp 9->2 | total wins 2657/2941
00:05:57 [2942/5100] episode 47504781578803: hp 47->31 | total wins 2658/2942
00:05:57 [2943/5100] episode 47504781574803: hp 42->27 | total wins 2659/2943
00:05:58 [2944/5100] episode 47504781577904: hp 26->lost | total wins 2659/2944
00:05:58 [2945/5100] episode 47504781578903: hp 39->13 | total wins 2660/2945
00:05:58 [2946/5100] episode 47504781577603: hp 46->29 | total wins 2661/2946
00:06:00 [2947/5100] episode 47504781577805: hp 39->39 | total wins 2662/2947
00:06:00 [2948/5100] episode 47504781575801: hp 54->9 | total wins 2663/2948
00:06:01 [2949/5100] episode 47504781578902: hp 80->53 | total wins 2664/2949
00:06:01 [2950/5100] episode 47504781580404: hp 58->44 | total wins 2665/2950
00:06:01 [2951/5100] episode 47504781577903: hp 54->15 | total wins 2666/2951
00:06:02 [2952/5100] episode 47504781576907: hp 48->43 | total wins 2667/2952
00:06:02 [2953/5100] episode 47504781578405: hp 75->45 | total wins 2668/2953
00:06:02 [2954/5100] episode 47504781578802: hp 67->20 | total wins 2669/2954
00:06:02 [2955/5100] episode 47504781579904: hp 33->10 | total wins 2670/2955
00:06:03 [2956/5100] episode 47504781581903: hp 70->41 | total wins 2671/2956
00:06:03 [2957/5100] episode 47504781578604: hp 62->27 | total wins 2672/2957
00:06:04 [2958/5100] episode 47504781581704: hp 35->lost | total wins 2672/2958
00:06:04 [2959/5100] episode 47504781579403: hp 64->44 | total wins 2673/2959
00:06:05 [2960/5100] episode 47504781579702: hp 52->12 | total wins 2674/2960
00:06:05 [2961/5100] episode 47504781582404: hp 75->59 | total wins 2675/2961
00:06:05 [2962/5100] episode 47504781582705: hp 58->39 | total wins 2676/2962
00:06:05 [2963/5100] episode 47504781582602: hp 70->34 | total wins 2677/2963
00:06:06 [2964/5100] episode 47504781580803: hp 56->22 | total wins 2678/2964
00:06:06 [2965/5100] episode 47504781580602: hp 75->40 | total wins 2679/2965
00:06:06 [2966/5100] episode 47504781582802: hp 44->17 | total wins 2680/2966
00:06:07 [2967/5100] episode 47504781583702: hp 40->8 | total wins 2681/2967
00:06:07 episode 47504781583905 skipped: replay diverged from the stored fight: ns": [[1, 0, 2, 0, 8, 0, 0, 1, 0, 2, 3], [4, 2, 1, 0, 2, 1, 0, 0, 1, 1, 0, 0, 0, 0], [2, 2, 2, 0, 1, 1, 0, 1, 1, 1, 0, 1, 2], [0, 1, 1, 1, 2, 1, 1, 2, 2, 1, 2, 0, 1, 0], [0, 0, 0]], "random_potions": true, "samples": [{"episode_id":: fight_resample_worker: stored actions don't fit the replayed fight
00:06:07 episode 47504781583906 skipped: replay diverged from the stored fight: ns": [[1, 0, 2, 0, 8, 0, 0, 1, 0, 2, 3], [4, 2, 1, 0, 2, 1, 0, 0, 1, 1, 0, 0, 0, 0], [2, 2, 2, 0, 1, 1, 0, 1, 1, 1, 0, 1, 2], [0, 1, 1, 1, 2, 1, 1, 2, 2, 1, 2, 0, 1, 0], [0, 0, 0], [8, 0, 0, 2, 2, 2, 1, 3, 0, 1, 1, 1, 2, 2, 0, 2, 1,: fight_resample_worker: stored actions don't fit the replayed fight
00:06:07 [2968/5100] episode 47504781583604: hp 42->22 | total wins 2682/2968
00:06:08 [2969/5100] episode 47504781581402: hp 51->lost | total wins 2682/2969
00:06:09 [2970/5100] episode 47504781584805: hp 49->33 | total wins 2683/2970
00:06:09 [2971/5100] episode 47504781583803: hp 43->14 | total wins 2684/2971
00:06:09 [2972/5100] episode 47504781581604: hp 60->12 | total wins 2685/2972
00:06:09 [2973/5100] episode 47504781584704: hp 63->37 | total wins 2686/2973
00:06:10 [2974/5100] episode 47504781583401: hp 75->34 | total wins 2687/2974
00:06:10 [2975/5100] episode 47504781585402: hp 51->36 | total wins 2688/2975
00:06:11 [2976/5100] episode 47504781580703: hp 57->lost | total wins 2688/2976
00:06:11 [2977/5100] episode 47504781586707: hp 62->40 | total wins 2689/2977
00:06:11 [2978/5100] episode 47504781585604: hp 45->17 | total wins 2690/2978
00:06:11 [2979/5100] episode 47504781587903: hp 34->34 | total wins 2691/2979
00:06:12 [2980/5100] episode 47504781584706: hp 50->21 | total wins 2692/2980
00:06:12 [2981/5100] episode 47504781587904: hp 12->lost | total wins 2692/2981
00:06:12 [2982/5100] episode 47504781583804: hp 45->2 | total wins 2693/2982
00:06:12 [2983/5100] episode 47504781587405: hp 38->6 | total wins 2694/2983
00:06:12 [2984/5100] episode 47504781579903: hp 75->69 | total wins 2695/2984
00:06:13 [2985/5100] episode 47504781588603: hp 47->47 | total wins 2696/2985
00:06:13 [2986/5100] episode 47504781588403: hp 37->21 | total wins 2697/2986
00:06:14 [2987/5100] episode 47504781585703: hp 49->14 | total wins 2698/2987
00:06:14 [2988/5100] episode 47504781587805: hp 46->21 | total wins 2699/2988
00:06:15 [2989/5100] episode 47504781589403: hp 74->36 | total wins 2700/2989
00:06:15 episode 47504781591405 skipped: replay diverged from the stored fight: ns": [[2, 2, 0, 0, 3, 2, 0, 0], [0, 1, 1, 1, 1, 1, 0, 0], [2, 1, 3, 1, 4, 0, 1, 0, 0, 3, 1, 1, 1, 0, 0, 0, 0, 0], [2, 0, 1, 1, 3, 3, 0, 0, 0, 0, 2, 3, 0, 0, 0, 3, 0, 3, 1, 0, 0, 1, 1, 0, 1, 0, 2, 2, 1, 1, 2], [0, 2, 0, 6, 0, 0, 0, 1: fight_resample_worker: stored actions don't fit the replayed fight
00:06:15 [2990/5100] episode 47504781586902: hp 53->35 | total wins 2701/2990
00:06:16 [2991/5100] episode 47504781591704: hp 58->26 | total wins 2702/2991
00:06:16 [2992/5100] episode 47504781582605: hp 52->18 | total wins 2703/2992
00:06:16 [2993/5100] episode 47504781583403: hp 55->13 | total wins 2704/2993
00:06:17 [2994/5100] episode 47504781586704: hp 57->32 | total wins 2705/2994
00:06:17 [2995/5100] episode 47504781591605: hp 45->32 | total wins 2706/2995
00:06:18 [2996/5100] episode 47504781589802: hp 74->20 | total wins 2707/2996
00:06:18 [2997/5100] episode 47504781589404: hp 70->48 | total wins 2708/2997
00:06:19 [2998/5100] episode 47504781588404: hp 32->5 | total wins 2709/2998
00:06:19 [2999/5100] episode 47504781593906: hp 61->61 | total wins 2710/2999
00:06:19 [3000/5100] episode 47504781591803: hp 67->17 | total wins 2711/3000
00:06:20 [3001/5100] episode 47504781588903: hp 63->43 | total wins 2712/3001
00:06:20 [3002/5100] episode 47504781590603: hp 49->9 | total wins 2713/3002
00:06:20 [3003/5100] episode 47504781592402: hp 50->2 | total wins 2714/3003
00:06:20 [3004/5100] episode 47504781592701: hp 42->lost | total wins 2714/3004
00:06:21 [3005/5100] episode 47504781594902: hp 44->12 | total wins 2715/3005
00:06:21 [3006/5100] episode 47504781595602: hp 22->lost | total wins 2715/3006
00:06:23 [3007/5100] episode 47504781594802: hp 37->2 | total wins 2716/3007
00:06:23 [3008/5100] episode 47504781596402: hp 58->39 | total wins 2717/3008
00:06:23 episode 47504781596604 skipped: replay diverged from the stored fight: ns": [[4, 4, 1, 0, 1, 3, 0, 2, 0, 0, 1, 0, 1, 2, 1, 1, 1], [2, 0, 1, 1, 1, 0, 1, 1, 1, 2], [0, 3, 0, 0, 1, 2, 1, 0, 0, 0, 0], [2, 3, 1, 5, 0, 1, 1, 1, 3, 5]], "random_potions": true, "samples": [{"episode_id": 47504781596604000, "st: fight_resample_worker: stored actions don't fit the replayed fight
00:06:24 [3009/5100] episode 47504781592603: hp 55->37 | total wins 2718/3009
00:06:25 [3010/5100] episode 47504781594602: hp 75->44 | total wins 2719/3010
00:06:25 episode 47504781596904 skipped: replay diverged from the stored fight: 1, 0, 0, 0, 0, 1, 0, 2, 0, 0, 0, 1, 1], [2, 2], [1, 1, 0, 1, 1, 1, 0, 1, 0, 0, 0, 1], [3, 3, 0, 0, 2, 3, 0, 4, 1, 0, 0, 2, 1, 0, 2, 3, 0, 0, 1, 1, 0, 1, 2, 2]], "random_potions": true, "samples": [{"episode_id": 4750478159690: fight_resample_worker: replayed fight didn't end after its stored actions
00:06:26 [3011/5100] episode 47504781590804: hp 34->27 | total wins 2720/3011
00:06:28 [3012/5100] episode 47504781594703: hp 70->35 | total wins 2721/3012
00:06:29 [3013/5100] episode 47504781597405: hp 63->49 | total wins 2722/3013
00:06:29 [3014/5100] episode 47504781597603: hp 41->lost | total wins 2722/3014
00:06:29 episode 47504781598803 skipped: replay diverged from the stored fight: 0, 0, 0, 0, 0, 1, 0, 0, 1], [1, 1, 2, 0, 1, 1, 1, 0, 0, 0], [7]], "random_potions": true, "samples": [{"episode_id": 47504781598803000, "starting_hp": 72}], "teacher": {"leaf": "guided_rollout", "simulations": 20000, "oracle": fight_resample_worker: replayed fight didn't end after its stored actions
00:06:29 episode 47504781598805 skipped: replay diverged from the stored fight: 0, 0, 0, 0, 0, 1, 0, 0, 1], [1, 1, 2, 0, 1, 1, 1, 0, 0, 0], [7], [0, 1, 0, 0, 0, 0, 0, 0, 0, 0, 1], [1, 2, 2, 0, 1, 2, 1, 6, 4]], "random_potions": true, "samples": [{"episode_id": 47504781598805000, "starting_hp": 67}], "tea: fight_resample_worker: replayed fight didn't end after its stored actions
00:06:30 [3015/5100] episode 47504781595604: hp 56->27 | total wins 2723/3015
00:06:30 [3016/5100] episode 47504781595708: hp 75->53 | total wins 2724/3016
00:06:30 [3017/5100] episode 47504781596703: hp 74->41 | total wins 2725/3017
00:06:30 [3018/5100] episode 47504781595904: hp 52->4 | total wins 2726/3018
00:06:30 [3019/5100] episode 47504781592602: hp 68->31 | total wins 2727/3019
00:06:31 [3020/5100] episode 47504781593803: hp 56->12 | total wins 2728/3020
00:06:32 [3021/5100] episode 47504781599901: hp 70->54 | total wins 2729/3021
00:06:32 [3022/5100] episode 47504781600603: hp 1->lost | total wins 2729/3022
00:06:33 [3023/5100] episode 47504781599804: hp 32->19 | total wins 2730/3023
00:06:34 [3024/5100] episode 47504781601703: hp 67->35 | total wins 2731/3024
00:06:34 [3025/5100] episode 47504781598704: hp 75->34 | total wins 2732/3025
00:06:34 [3026/5100] episode 47504781599403: hp 44->1 | total wins 2733/3026
00:06:34 [3027/5100] episode 47504781593704: hp 67->11 | total wins 2734/3027
00:06:34 [3028/5100] episode 47504781599802: hp 68->36 | total wins 2735/3028
00:06:35 [3029/5100] episode 47504781601805: hp 57->41 | total wins 2736/3029
00:06:36 [3030/5100] episode 47504781596803: hp 59->21 | total wins 2737/3030
00:06:37 [3031/5100] episode 47504781600602: hp 59->14 | total wins 2738/3031
00:06:38 [3032/5100] episode 47504781603705: hp 57->37 | total wins 2739/3032
00:06:38 [3033/5100] episode 47504781603905: hp 59->46 | total wins 2740/3033
00:06:38 [3034/5100] episode 47504781602703: hp 65->45 | total wins 2741/3034
00:06:39 [3035/5100] episode 47504781603603: hp 72->57 | total wins 2742/3035
00:06:39 [3036/5100] episode 47504781601803: hp 44->19 | total wins 2743/3036
00:06:39 [3037/5100] episode 47504781604403: hp 47->7 | total wins 2744/3037
00:06:40 [3038/5100] episode 47504781602403: hp 75->47 | total wins 2745/3038
00:06:42 [3039/5100] episode 47504781604705: hp 61->55 | total wins 2746/3039
00:06:42 [3040/5100] episode 47504781605602: hp 73->35 | total wins 2747/3040
00:06:42 [3041/5100] episode 47504781605805: hp 45->32 | total wins 2748/3041
00:06:42 [3042/5100] episode 47504781597803: hp 62->33 | total wins 2749/3042
00:06:43 [3043/5100] episode 47504781604605: hp 47->10 | total wins 2750/3043
00:06:43 [3044/5100] episode 47504781600806: hp 38->2 | total wins 2751/3044
00:06:44 [3045/5100] episode 47504781605904: hp 30->8 | total wins 2752/3045
00:06:44 [3046/5100] episode 47504781604902: hp 66->22 | total wins 2753/3046
00:06:44 [3047/5100] episode 47504781604906: hp 36->lost | total wins 2753/3047
00:06:45 [3048/5100] episode 47504781606903: hp 55->30 | total wins 2754/3048
00:06:45 [3049/5100] episode 47504781607603: hp 55->58 | total wins 2755/3049
00:06:46 [3050/5100] episode 47504781607402: hp 59->29 | total wins 2756/3050
00:06:46 [3051/5100] episode 47504781606604: hp 75->35 | total wins 2757/3051
00:06:47 [3052/5100] episode 47504781606802: hp 64->24 | total wins 2758/3052
00:06:47 [3053/5100] episode 47504781608804: hp 47->47 | total wins 2759/3053
00:06:47 [3054/5100] episode 47504781605802: hp 61->31 | total wins 2760/3054
00:06:48 [3055/5100] episode 47504781608406: hp 73->76 | total wins 2761/3055
00:06:48 [3056/5100] episode 47504781606404: hp 67->45 | total wins 2762/3056
00:06:48 [3057/5100] episode 47504781608403: hp 75->50 | total wins 2763/3057
00:06:49 [3058/5100] episode 47504781603801: hp 75->41 | total wins 2764/3058
00:06:49 [3059/5100] episode 47504781608405: hp 53->31 | total wins 2765/3059
00:06:50 [3060/5100] episode 47504781609402: hp 57->18 | total wins 2766/3060
00:06:50 [3061/5100] episode 47504781600706: hp 69->67 | total wins 2767/3061
00:06:50 [3062/5100] episode 47504781609902: hp 75->55 | total wins 2768/3062
00:06:50 [3063/5100] episode 47504781610402: hp 49->19 | total wins 2769/3063
00:06:50 [3064/5100] episode 47504781610902: hp 44->30 | total wins 2770/3064
00:06:52 [3065/5100] episode 47504781611604: hp 75->43 | total wins 2771/3065
00:06:52 [3066/5100] episode 47504781611702: hp 75->33 | total wins 2772/3066
00:06:54 [3067/5100] episode 47504781611704: hp 65->46 | total wins 2773/3067
00:06:54 [3068/5100] episode 47504781611605: hp 75->66 | total wins 2774/3068
00:06:55 [3069/5100] episode 47504781606402: hp 75->15 | total wins 2775/3069
00:06:55 [3070/5100] episode 47504781609603: hp 55->49 | total wins 2776/3070
00:06:55 [3071/5100] episode 47504781612603: hp 62->27 | total wins 2777/3071
00:06:56 [3072/5100] episode 47504781609703: hp 72->27 | total wins 2778/3072
00:06:56 [3073/5100] episode 47504781611806: hp 75->55 | total wins 2779/3073
00:06:56 [3074/5100] episode 47504781612604: hp 69->54 | total wins 2780/3074
00:06:57 [3075/5100] episode 47504781608902: hp 75->23 | total wins 2781/3075
00:06:57 [3076/5100] episode 47504781612902: hp 39->2 | total wins 2782/3076
00:06:57 [3077/5100] episode 47504781613701: hp 63->31 | total wins 2783/3077
00:06:58 [3078/5100] episode 47504781607903: hp 75->1 | total wins 2784/3078
00:06:59 [3079/5100] episode 47504781614403: hp 75->49 | total wins 2785/3079
00:07:00 [3080/5100] episode 47504781613904: hp 62->47 | total wins 2786/3080
00:07:00 [3081/5100] episode 47504781612804: hp 56->39 | total wins 2787/3081
00:07:02 [3082/5100] episode 47504781613403: hp 75->45 | total wins 2788/3082
00:07:03 [3083/5100] episode 47504781611804: hp 70->50 | total wins 2789/3083
00:07:03 [3084/5100] episode 47504781615405: hp 50->50 | total wins 2790/3084
00:07:04 [3085/5100] episode 47504781611404: hp 41->23 | total wins 2791/3085
00:07:04 [3086/5100] episode 47504781614704: hp 55->15 | total wins 2792/3086
00:07:05 [3087/5100] episode 47504781613906: hp 48->25 | total wins 2793/3087
00:07:05 [3088/5100] episode 47504781615403: hp 60->43 | total wins 2794/3088
00:07:05 [3089/5100] episode 47504781616804: hp 70->51 | total wins 2795/3089
00:07:06 [3090/5100] episode 47504781610602: hp 62->27 | total wins 2796/3090
00:07:06 [3091/5100] episode 47504781617802: hp 58->42 | total wins 2797/3091
00:07:06 [3092/5100] episode 47504781616903: hp 61->45 | total wins 2798/3092
00:07:06 [3093/5100] episode 47504781616704: hp 57->36 | total wins 2799/3093
00:07:06 [3094/5100] episode 47504781613404: hp 63->23 | total wins 2800/3094
00:07:06 episode 47504781619904 skipped: replay diverged from the stored fight: 0, 2, 0, 0, 0, 0, 0, 0, 1, 0, 0, 0], [3, 3, 0, 2, 0, 0, 0, 0, 0, 0, 0, 2], [3, 1, 0, 0, 0, 1, 0, 0, 1, 0, 0, 1], [1, 0, 0, 1, 0]], "random_potions": true, "samples": [{"episode_id": 47504781619904000, "starting_hp": 75}], "te: fight_resample_worker: replayed fight didn't end after its stored actions
00:07:08 [3095/5100] episode 47504781619606: hp 62->67 | total wins 2801/3095
00:07:09 [3096/5100] episode 47504781614603: hp 64->44 | total wins 2802/3096
00:07:10 [3097/5100] episode 47504781618903: hp 75->52 | total wins 2803/3097
00:07:11 [3098/5100] episode 47504781620805: hp 75->43 | total wins 2804/3098
00:07:11 [3099/5100] episode 47504781614903: hp 53->32 | total wins 2805/3099
00:07:12 [3100/5100] episode 47504781619405: hp 26->9 | total wins 2806/3100
00:07:12 [3101/5100] episode 47504781616604: hp 66->13 | total wins 2807/3101
00:07:12 [3102/5100] episode 47504781620902: hp 41->lost | total wins 2807/3102
00:07:13 [3103/5100] episode 47504781620703: hp 75->18 | total wins 2808/3103
00:07:13 [3104/5100] episode 47504781618702: hp 61->20 | total wins 2809/3104
00:07:13 [3105/5100] episode 47504781612905: hp 56->33 | total wins 2810/3105
00:07:14 [3106/5100] episode 47504781620603: hp 69->44 | total wins 2811/3106
00:07:15 [3107/5100] episode 47504781618802: hp 46->lost | total wins 2811/3107
00:07:15 episode 47504781623904 skipped: replay diverged from the stored fight: 0, 0, 0, 1, 1, 2], [0, 0, 0, 0, 1, 1, 2, 2, 2, 0, 0, 2, 1], [4, 3, 0, 1, 0, 4, 1, 1], [12, 4, 4, 1, 0, 3, 0, 0, 1, 2, 0, 0, 0]], "random_potions": true, "samples": [{"episode_id": 47504781623904000, "starting_hp": 67}], "teac: fight_resample_worker: replayed fight didn't end after its stored actions
00:07:16 [3108/5100] episode 47504781622602: hp 43->lost | total wins 2811/3108
00:07:17 [3109/5100] episode 47504781621704: hp 58->18 | total wins 2812/3109
00:07:17 [3110/5100] episode 47504781622403: hp 65->lost | total wins 2812/3110
00:07:17 [3111/5100] episode 47504781622702: hp 61->29 | total wins 2813/3111
00:07:18 [3112/5100] episode 47504781621404: hp 42->23 | total wins 2814/3112
00:07:19 [3113/5100] episode 47504781624903: hp 59->31 | total wins 2815/3113
00:07:19 [3114/5100] episode 47504781624704: hp 59->43 | total wins 2816/3114
00:07:19 [3115/5100] episode 47504781623704: hp 43->7 | total wins 2817/3115
00:07:20 [3116/5100] episode 47504781623406: hp 35->7 | total wins 2818/3116
00:07:20 [3117/5100] episode 47504781623903: hp 73->51 | total wins 2819/3117
00:07:20 episode 47504781625703 skipped: replay diverged from the stored fight: 0, 1, 0, 1, 0, 1, 1, 1, 0, 0, 5, 0], [3], [3, 3, 0, 0, 1, 0, 0, 0, 1, 1, 1, 0]], "random_potions": true, "samples": [{"episode_id": 47504781625703000, "starting_hp": 64}], "teacher": {"leaf": "guided_rollout", "simulations": : fight_resample_worker: replayed fight didn't end after its stored actions
00:07:21 [3118/5100] episode 47504781624402: hp 75->27 | total wins 2820/3118
00:07:21 [3119/5100] episode 47504781617702: hp 54->40 | total wins 2821/3119
00:07:22 [3120/5100] episode 47504781625604: hp 25->3 | total wins 2822/3120
00:07:22 [3121/5100] episode 47504781624606: hp 39->19 | total wins 2823/3121
00:07:24 [3122/5100] episode 47504781625802: hp 29->6 | total wins 2824/3122
00:07:24 [3123/5100] episode 47504781626402: hp 24->lost | total wins 2824/3123
00:07:24 [3124/5100] episode 47504781625606: hp 42->42 | total wins 2825/3124
00:07:24 [3125/5100] episode 47504781624802: hp 75->15 | total wins 2826/3125
00:07:25 [3126/5100] episode 47504781625903: hp 75->71 | total wins 2827/3126
00:07:25 [3127/5100] episode 47504781626902: hp 48->20 | total wins 2828/3127
00:07:25 [3128/5100] episode 47504781626702: hp 62->22 | total wins 2829/3128
00:07:25 [3129/5100] episode 47504781626705: hp 37->17 | total wins 2830/3129
00:07:25 [3130/5100] episode 47504781625402: hp 75->28 | total wins 2831/3130
00:07:25 [3131/5100] episode 47504781627705: hp 17->17 | total wins 2832/3131
00:07:25 [3132/5100] episode 47504781626905: hp 52->32 | total wins 2833/3132
00:07:26 [3133/5100] episode 47504781627401: hp 52->29 | total wins 2834/3133
00:07:26 [3134/5100] episode 47504781625603: hp 65->14 | total wins 2835/3134
00:07:27 [3135/5100] episode 47504781625904: hp 54->49 | total wins 2836/3135
00:07:27 [3136/5100] episode 47504781624603: hp 66->13 | total wins 2837/3136
00:07:27 [3137/5100] episode 47504781629702: hp 47->22 | total wins 2838/3137
00:07:28 [3138/5100] episode 47504781627804: hp 39->7 | total wins 2839/3138
00:07:29 [3139/5100] episode 47504781630803: hp 50->16 | total wins 2840/3139
00:07:30 [3140/5100] episode 47504781628702: hp 51->1 | total wins 2841/3140
00:07:30 [3141/5100] episode 47504781627604: hp 66->41 | total wins 2842/3141
00:07:30 [3142/5100] episode 47504781627902: hp 42->5 | total wins 2843/3142
00:07:30 episode 47504781631605 skipped: replay diverged from the stored fight: ns": [[0, 0, 0, 0, 0, 1, 0, 1, 1], [4, 1, 2, 1, 1, 2, 0, 1, 0], [1, 3, 3, 1, 0, 0, 1, 1, 1, 0, 0, 2], [1, 1, 1, 1, 2, 1, 0, 1, 0, 2, 0, 0, 1], [0, 0, 0, 0, 12, 0, 0, 0, 1, 5, 0, 2, 0]], "random_potions": true, "samples": [{"episode_: fight_resample_worker: stored actions don't fit the replayed fight
00:07:31 [3143/5100] episode 47504781630805: hp 39->39 | total wins 2844/3143
00:07:31 [3144/5100] episode 47504781630705: hp 43->22 | total wins 2845/3144
00:07:33 [3145/5100] episode 47504781630404: hp 25->13 | total wins 2846/3145
00:07:34 [3146/5100] episode 47504781631703: hp 48->46 | total wins 2847/3146
00:07:34 [3147/5100] episode 47504781622903: hp 75->21 | total wins 2848/3147
00:07:36 [3148/5100] episode 47504781630402: hp 67->9 | total wins 2849/3148
00:07:37 [3149/5100] episode 47504781630804: hp 43->lost | total wins 2849/3149
00:07:37 [3150/5100] episode 47504781630902: hp 59->3 | total wins 2850/3150
00:07:37 [3151/5100] episode 47504781630704: hp 71->28 | total wins 2851/3151
00:07:37 [3152/5100] episode 47504781632805: hp 61->61 | total wins 2852/3152
00:07:37 [3153/5100] episode 47504781627403: hp 65->34 | total wins 2853/3153
00:07:38 [3154/5100] episode 47504781628403: hp 69->29 | total wins 2854/3154
00:07:38 [3155/5100] episode 47504781632605: hp 60->44 | total wins 2855/3155
00:07:39 [3156/5100] episode 47504781633404: hp 53->13 | total wins 2856/3156
00:07:40 [3157/5100] episode 47504781632804: hp 54->24 | total wins 2857/3157
00:07:40 [3158/5100] episode 47504781633605: hp 53->44 | total wins 2858/3158
00:07:41 [3159/5100] episode 47504781634403: hp 72->53 | total wins 2859/3159
00:07:42 [3160/5100] episode 47504781633906: hp 39->4 | total wins 2860/3160
00:07:43 [3161/5100] episode 47504781632403: hp 50->36 | total wins 2861/3161
00:07:45 [3162/5100] episode 47504781633703: hp 51->31 | total wins 2862/3162
00:07:45 [3163/5100] episode 47504781634804: hp 46->43 | total wins 2863/3163
00:07:46 [3164/5100] episode 47504781633403: hp 67->17 | total wins 2864/3164
00:07:47 [3165/5100] episode 47504781635703: hp 74->37 | total wins 2865/3165
00:07:48 [3166/5100] episode 47504781634603: hp 58->31 | total wins 2866/3166
00:07:48 [3167/5100] episode 47504781635802: hp 58->38 | total wins 2867/3167
00:07:49 [3168/5100] episode 47504781636403: hp 56->24 | total wins 2868/3168
00:07:49 [3169/5100] episode 47504781631902: hp 75->lost | total wins 2868/3169
00:07:49 [3170/5100] episode 47504781634703: hp 66->41 | total wins 2869/3170
00:07:49 [3171/5100] episode 47504781632604: hp 75->51 | total wins 2870/3171
00:07:49 [3172/5100] episode 47504781636805: hp 37->21 | total wins 2871/3172
00:07:51 [3173/5100] episode 47504781633802: hp 75->23 | total wins 2872/3173
00:07:51 [3174/5100] episode 47504781636904: hp 71->47 | total wins 2873/3174
00:07:52 [3175/5100] episode 47504781634904: hp 50->21 | total wins 2874/3175
00:07:52 [3176/5100] episode 47504781636404: hp 61->36 | total wins 2875/3176
00:07:52 [3177/5100] episode 47504781636804: hp 67->56 | total wins 2876/3177
00:07:53 [3178/5100] episode 47504781638703: hp 28->3 | total wins 2877/3178
00:07:53 [3179/5100] episode 47504781633603: hp 50->25 | total wins 2878/3179
00:07:53 [3180/5100] episode 47504781638901: hp 72->40 | total wins 2879/3180
00:07:54 [3181/5100] episode 47504781637704: hp 40->5 | total wins 2880/3181
00:07:54 [3182/5100] episode 47504781639604: hp 45->29 | total wins 2881/3182
00:07:55 [3183/5100] episode 47504781638803: hp 63->27 | total wins 2882/3183
00:07:56 [3184/5100] episode 47504781636704: hp 53->26 | total wins 2883/3184
00:07:56 [3185/5100] episode 47504781636705: hp 46->24 | total wins 2884/3185
00:07:56 [3186/5100] episode 47504781631803: hp 67->41 | total wins 2885/3186
00:07:58 [3187/5100] episode 47504781639902: hp 73->33 | total wins 2886/3187
00:07:58 [3188/5100] episode 47504781638704: hp 44->27 | total wins 2887/3188
00:07:58 [3189/5100] episode 47504781640901: hp 50->1 | total wins 2888/3189
00:07:58 [3190/5100] episode 47504781641402: hp 59->25 | total wins 2889/3190
00:07:59 [3191/5100] episode 47504781641602: hp 69->39 | total wins 2890/3191
00:08:00 [3192/5100] episode 47504781642403: hp 43->lost | total wins 2890/3192
00:08:00 episode 47504781642906 skipped: replay diverged from the stored fight: ns": [[3, 1, 1, 0, 0, 0, 1, 0, 1, 1, 0, 0, 1], [0, 4, 0, 6, 2, 2, 1, 0, 1], [1, 0, 0, 0, 1, 1, 1, 1, 1], [3, 1, 1, 2, 0, 2, 0, 1, 2, 2, 3, 1, 4, 1], [3, 2, 3, 0, 2, 2, 1, 2, 0, 0, 1, 1, 2, 1, 0, 0, 0, 1, 0, 1, 3, 2], [4, 1, 2, 2, 0,: fight_resample_worker: stored actions don't fit the replayed fight
00:08:00 [3193/5100] episode 47504781639702: hp 55->20 | total wins 2891/3193
00:08:00 [3194/5100] episode 47504781639401: hp 67->15 | total wins 2892/3194
00:08:00 [3195/5100] episode 47504781640802: hp 73->26 | total wins 2893/3195
00:08:01 [3196/5100] episode 47504781643406: hp 47->47 | total wins 2894/3196
00:08:02 [3197/5100] episode 47504781637703: hp 75->10 | total wins 2895/3197
00:08:02 [3198/5100] episode 47504781641905: hp 75->53 | total wins 2896/3198
00:08:04 [3199/5100] episode 47504781639603: hp 58->11 | total wins 2897/3199
00:08:04 [3200/5100] episode 47504781643404: hp 38->18 | total wins 2898/3200
00:08:05 [3201/5100] episode 47504781637602: hp 75->18 | total wins 2899/3201
00:08:05 [3202/5100] episode 47504781642702: hp 74->52 | total wins 2900/3202
00:08:05 episode 47504781645803 skipped: replay diverged from the stored fight: ns": [[0, 0, 0, 0, 0, 0, 0, 1], [4, 0, 0, 0, 2, 0, 0, 0], [4, 2, 1, 1, 0, 0]], "random_potions": true, "samples": [{"episode_id": 47504781645803000, "starting_hp": 47}], "teacher": {"leaf": "guided_rollout", "simulations": 20000, "o: fight_resample_worker: stored actions don't fit the replayed fight
00:08:06 [3203/5100] episode 47504781645405: hp 48->32 | total wins 2901/3203
00:08:07 [3204/5100] episode 47504781641705: hp 57->22 | total wins 2902/3204
00:08:07 [3205/5100] episode 47504781644402: hp 67->1 | total wins 2903/3205
00:08:07 [3206/5100] episode 47504781643903: hp 45->lost | total wins 2903/3206
00:08:07 [3207/5100] episode 47504781644803: hp 31->lost | total wins 2903/3207
00:08:07 [3208/5100] episode 47504781646403: hp 78->50 | total wins 2904/3208
00:08:07 [3209/5100] episode 47504781644405: hp 43->34 | total wins 2905/3209
00:08:08 [3210/5100] episode 47504781646802: hp 69->46 | total wins 2906/3210
00:08:08 [3211/5100] episode 47504781641802: hp 71->14 | total wins 2907/3211
00:08:11 [3212/5100] episode 47504781646803: hp 75->60 | total wins 2908/3212
00:08:11 [3213/5100] episode 47504781643704: hp 31->9 | total wins 2909/3213
00:08:12 [3214/5100] episode 47504781644604: hp 59->20 | total wins 2910/3214
00:08:12 [3215/5100] episode 47504781647406: hp 78->45 | total wins 2911/3215
00:08:12 [3216/5100] episode 47504781646602: hp 32->lost | total wins 2911/3216
00:08:12 [3217/5100] episode 47504781647703: hp 75->51 | total wins 2912/3217
00:08:13 [3218/5100] episode 47504781643602: hp 71->26 | total wins 2913/3218
00:08:13 [3219/5100] episode 47504781647403: hp 75->32 | total wins 2914/3219
00:08:13 [3220/5100] episode 47504781647805: hp 53->24 | total wins 2915/3220
00:08:14 [3221/5100] episode 47504781646704: hp 36->12 | total wins 2916/3221
00:08:15 [3222/5100] episode 47504781647404: hp 58->28 | total wins 2917/3222
00:08:15 [3223/5100] episode 47504781648907: hp 51->40 | total wins 2918/3223
00:08:16 [3224/5100] episode 47504781648904: hp 51->62 | total wins 2919/3224
00:08:16 [3225/5100] episode 47504781648905: hp 42->27 | total wins 2920/3225
00:08:16 [3226/5100] episode 47504781647704: hp 57->20 | total wins 2921/3226
00:08:17 [3227/5100] episode 47504781648703: hp 66->44 | total wins 2922/3227
00:08:17 [3228/5100] episode 47504781650603: hp 44->28 | total wins 2923/3228
00:08:17 [3229/5100] episode 47504781649804: hp 38->23 | total wins 2924/3229
00:08:18 [3230/5100] episode 47504781648602: hp 66->30 | total wins 2925/3230
00:08:18 [3231/5100] episode 47504781648801: hp 47->lost | total wins 2925/3231
00:08:19 [3232/5100] episode 47504781650905: hp 55->27 | total wins 2926/3232
00:08:19 [3233/5100] episode 47504781651702: hp 44->lost | total wins 2926/3233
00:08:19 [3234/5100] episode 47504781651703: hp 34->lost | total wins 2926/3234
00:08:20 [3235/5100] episode 47504781651404: hp 63->6 | total wins 2927/3235
00:08:20 episode 47504781652906 skipped: replay diverged from the stored fight: 2, 0, 1, 0, 3, 1, 0, 0, 0, 1, 0, 1], [3, 0, 2, 0, 0, 1, 1, 2, 0, 0, 1, 0], [0, 0, 0, 0, 0, 1, 1, 0, 2, 1], [5], [0, 1, 0, 0, 0, 2, 2, 1, 1, 2, 1], [4, 0, 0, 1, 0, 0, 0, 1, 1, 1, 2, 0, 2, 0, 0, 2, 2, 2, 1, 1]], "random_potions: fight_resample_worker: replayed fight didn't end after its stored actions
00:08:20 [3236/5100] episode 47504781646702: hp 75->lost | total wins 2927/3236
00:08:21 [3237/5100] episode 47504781652903: hp 65->35 | total wins 2928/3237
00:08:21 episode 47504781654705 skipped: replay diverged from the stored fight: ns": [[3, 3, 0, 0, 0, 1, 1, 2, 2, 0, 0, 0, 1, 1, 0, 0], [0, 0, 0, 0, 0, 1, 0, 0, 1, 0, 0, 0], [2, 2, 0, 1, 0, 0, 0, 1, 0, 0, 0, 1, 1, 2], [0, 4, 1, 2, 0, 2, 1, 2, 1, 1, 2, 1, 2], [0, 1, 1, 4, 2, 0, 0, 2, 6, 6]], "random_potions": tr: fight_resample_worker: stored actions don't fit the replayed fight
00:08:21 [3238/5100] episode 47504781654805: hp 34->24 | total wins 2929/3238
00:08:23 [3239/5100] episode 47504781655404: hp 37->5 | total wins 2930/3239
00:08:23 [3240/5100] episode 47504781652603: hp 70->9 | total wins 2931/3240
00:08:23 [3241/5100] episode 47504781653702: hp 50->22 | total wins 2932/3241
00:08:24 [3242/5100] episode 47504781649702: hp 66->32 | total wins 2933/3242
00:08:25 [3243/5100] episode 47504781647603: hp 75->25 | total wins 2934/3243
00:08:25 [3244/5100] episode 47504781655705: hp 41->11 | total wins 2935/3244
00:08:25 [3245/5100] episode 47504781648404: hp 71->41 | total wins 2936/3245
00:08:25 [3246/5100] episode 47504781651802: hp 65->2 | total wins 2937/3246
00:08:25 [3247/5100] episode 47504781655802: hp 41->6 | total wins 2938/3247
00:08:26 [3248/5100] episode 47504781656704: hp 40->32 | total wins 2939/3248
00:08:26 [3249/5100] episode 47504781656403: hp 62->58 | total wins 2940/3249
00:08:27 [3250/5100] episode 47504781653802: hp 56->lost | total wins 2940/3250
00:08:27 [3251/5100] episode 47504781656801: hp 49->17 | total wins 2941/3251
00:08:28 [3252/5100] episode 47504781655904: hp 64->21 | total wins 2942/3252
00:08:28 episode 47504781657804 skipped: replay diverged from the stored fight: ns": [[0, 0, 0, 1, 2, 0, 0, 1], [2, 3, 1, 0, 1, 2, 0, 1, 1, 0], [4, 2, 0, 1, 0, 0, 1, 1], [4, 6, 0, 0, 2, 2, 2, 1, 1]], "random_potions": true, "samples": [{"episode_id": 47504781657804000, "starting_hp": 75}], "teacher": {"leaf": ": fight_resample_worker: stored actions don't fit the replayed fight
00:08:28 episode 47504781657806 skipped: replay diverged from the stored fight: ns": [[0, 0, 0, 1, 2, 0, 0, 1], [2, 3, 1, 0, 1, 2, 0, 1, 1, 0], [4, 2, 0, 1, 0, 0, 1, 1], [4, 6, 0, 0, 2, 2, 2, 1, 1], [0, 1, 0, 1, 0, 0, 0, 3, 2, 0, 4], [3, 2, 0, 1, 2, 0, 2]], "random_potions": true, "samples": [{"episode_id": 475: fight_resample_worker: stored actions don't fit the replayed fight
00:08:29 [3253/5100] episode 47504781656702: hp 65->26 | total wins 2943/3253
00:08:29 [3254/5100] episode 47504781652702: hp 74->3 | total wins 2944/3254
00:08:30 [3255/5100] episode 47504781651406: hp 47->25 | total wins 2945/3255
00:08:30 [3256/5100] episode 47504781656603: hp 51->21 | total wins 2946/3256
00:08:30 [3257/5100] episode 47504781658702: hp 10->lost | total wins 2946/3257
00:08:30 [3258/5100] episode 47504781655703: hp 53->13 | total wins 2947/3258
00:08:31 [3259/5100] episode 47504781652404: hp 67->29 | total wins 2948/3259
00:08:32 [3260/5100] episode 47504781656803: hp 42->17 | total wins 2949/3260
00:08:32 [3261/5100] episode 47504781658902: hp 43->27 | total wins 2950/3261
00:08:33 [3262/5100] episode 47504781657602: hp 65->52 | total wins 2951/3262
00:08:33 [3263/5100] episode 47504781658602: hp 51->21 | total wins 2952/3263
00:08:33 [3264/5100] episode 47504781658805: hp 63->36 | total wins 2953/3264
00:08:33 [3265/5100] episode 47504781659904: hp 63->31 | total wins 2954/3265
00:08:34 [3266/5100] episode 47504781660905: hp 47->32 | total wins 2955/3266
00:08:34 [3267/5100] episode 47504781661903: hp 74->74 | total wins 2956/3267
00:08:35 [3268/5100] episode 47504781656904: hp 66->31 | total wins 2957/3268
00:08:36 [3269/5100] episode 47504781657903: hp 63->36 | total wins 2958/3269
00:08:36 [3270/5100] episode 47504781661906: hp 75->61 | total wins 2959/3270
00:08:37 [3271/5100] episode 47504781658404: hp 57->37 | total wins 2960/3271
00:08:37 [3272/5100] episode 47504781662705: hp 40->40 | total wins 2961/3272
00:08:37 [3273/5100] episode 47504781658903: hp 42->lost | total wins 2961/3273
00:08:38 [3274/5100] episode 47504781658601: hp 67->37 | total wins 2962/3274
00:08:38 [3275/5100] episode 47504781662704: hp 75->74 | total wins 2963/3275
00:08:39 [3276/5100] episode 47504781661702: hp 63->14 | total wins 2964/3276
00:08:39 [3277/5100] episode 47504781661905: hp 65->36 | total wins 2965/3277
00:08:40 [3278/5100] episode 47504781663706: hp 26->19 | total wins 2966/3278
00:08:44 [3279/5100] episode 47504781660402: hp 75->55 | total wins 2967/3279
00:08:44 [3280/5100] episode 47504781660801: hp 56->lost | total wins 2967/3280
00:08:45 [3281/5100] episode 47504781663604: hp 61->45 | total wins 2968/3281
00:08:45 episode 47504781664803 skipped: replay diverged from the stored fight: ns": [[1, 1, 1, 1, 0, 1, 0, 1, 1, 0, 0, 1], [0, 2, 1, 0, 0, 1, 1], [1, 2, 1, 1, 4, 1, 2, 2, 0, 1, 0]], "random_potions": true, "samples": [{"episode_id": 47504781664803000, "starting_hp": 57}], "teacher": {"leaf": "guided_rollout", : fight_resample_worker: stored actions don't fit the replayed fight
00:08:45 [3282/5100] episode 47504781655902: hp 62->37 | total wins 2969/3282
00:08:46 [3283/5100] episode 47504781664701: hp 75->59 | total wins 2970/3283
00:08:47 [3284/5100] episode 47504781664605: hp 53->19 | total wins 2971/3284
00:08:47 [3285/5100] episode 47504781664906: hp 41->25 | total wins 2972/3285
00:08:47 [3286/5100] episode 47504781662903: hp 37->16 | total wins 2973/3286
00:08:48 [3287/5100] episode 47504781663802: hp 73->58 | total wins 2974/3287
00:08:49 [3288/5100] episode 47504781666405: hp 20->lost | total wins 2974/3288
00:08:49 [3289/5100] episode 47504781664904: hp 34->22 | total wins 2975/3289
00:08:50 [3290/5100] episode 47504781666603: hp 34->22 | total wins 2976/3290
00:08:50 [3291/5100] episode 47504781662803: hp 75->54 | total wins 2977/3291
00:08:50 [3292/5100] episode 47504781665704: hp 37->10 | total wins 2978/3292
00:08:51 [3293/5100] episode 47504781666703: hp 71->60 | total wins 2979/3293
00:08:52 [3294/5100] episode 47504781666803: hp 75->29 | total wins 2980/3294
00:08:52 [3295/5100] episode 47504781666601: hp 71->39 | total wins 2981/3295
00:08:52 [3296/5100] episode 47504781663401: hp 31->15 | total wins 2982/3296
00:08:52 [3297/5100] episode 47504781661803: hp 75->34 | total wins 2983/3297
00:08:53 [3298/5100] episode 47504781667403: hp 32->6 | total wins 2984/3298
00:08:53 [3299/5100] episode 47504781668807: hp 70->44 | total wins 2985/3299
00:08:54 [3300/5100] episode 47504781666602: hp 30->15 | total wins 2986/3300
00:08:54 [3301/5100] episode 47504781668605: hp 69->37 | total wins 2987/3301
00:08:54 [3302/5100] episode 47504781666804: hp 46->11 | total wins 2988/3302
00:08:54 episode 47504781669604 skipped: replay diverged from the stored fight: ns": [[0, 0, 0, 0, 0, 0, 1, 0], [0, 0, 1, 1, 4, 0, 0], [2], [0, 11, 4, 1, 5, 3]], "random_potions": true, "samples": [{"episode_id": 47504781669604000, "starting_hp": 72}], "teacher": {"leaf": "guided_rollout", "simulations": 20000,: fight_resample_worker: stored actions don't fit the replayed fight
00:08:54 [3303/5100] episode 47504781664403: hp 45->20 | total wins 2989/3303
00:08:54 [3304/5100] episode 47504781668903: hp 17->lost | total wins 2989/3304
00:08:55 [3305/5100] episode 47504781667703: hp 49->5 | total wins 2990/3305
00:08:55 [3306/5100] episode 47504781669804: hp 43->27 | total wins 2991/3306
00:08:55 [3307/5100] episode 47504781665703: hp 43->16 | total wins 2992/3307
00:08:55 [3308/5100] episode 47504781669907: hp 43->27 | total wins 2993/3308
00:08:56 [3309/5100] episode 47504781667605: hp 40->21 | total wins 2994/3309
00:08:56 [3310/5100] episode 47504781669403: hp 44->4 | total wins 2995/3310
00:08:56 [3311/5100] episode 47504781668902: hp 75->35 | total wins 2996/3311
00:08:57 [3312/5100] episode 47504781668703: hp 29->lost | total wins 2996/3312
00:08:57 [3313/5100] episode 47504781669905: hp 75->55 | total wins 2997/3313
00:08:58 [3314/5100] episode 47504781670602: hp 43->23 | total wins 2998/3314
00:08:59 [3315/5100] episode 47504781671404: hp 62->28 | total wins 2999/3315
00:08:59 [3316/5100] episode 47504781669703: hp 53->23 | total wins 3000/3316
00:08:59 [3317/5100] episode 47504781670903: hp 68->39 | total wins 3001/3317
00:09:00 [3318/5100] episode 47504781671904: hp 28->4 | total wins 3002/3318
00:09:01 [3319/5100] episode 47504781671402: hp 54->39 | total wins 3003/3319
00:09:01 [3320/5100] episode 47504781664604: hp 67->16 | total wins 3004/3320
00:09:01 [3321/5100] episode 47504781671903: hp 58->28 | total wins 3005/3321
00:09:01 [3322/5100] episode 47504781672903: hp 75->59 | total wins 3006/3322
00:09:02 [3323/5100] episode 47504781669405: hp 42->20 | total wins 3007/3323
00:09:02 [3324/5100] episode 47504781672702: hp 25->lost | total wins 3007/3324
00:09:02 [3325/5100] episode 47504781673403: hp 67->45 | total wins 3008/3325
00:09:03 [3326/5100] episode 47504781671806: hp 38->23 | total wins 3009/3326
00:09:03 [3327/5100] episode 47504781673603: hp 75->54 | total wins 3010/3327
00:09:03 [3328/5100] episode 47504781673904: hp 63->31 | total wins 3011/3328
00:09:04 [3329/5100] episode 47504781672605: hp 25->2 | total wins 3012/3329
00:09:04 [3330/5100] episode 47504781674803: hp 75->63 | total wins 3013/3330
00:09:05 [3331/5100] episode 47504781673605: hp 48->33 | total wins 3014/3331
00:09:05 [3332/5100] episode 47504781670904: hp 50->31 | total wins 3015/3332
00:09:06 [3333/5100] episode 47504781674403: hp 48->13 | total wins 3016/3333
00:09:06 [3334/5100] episode 47504781674902: hp 56->37 | total wins 3017/3334
00:09:07 [3335/5100] episode 47504781671704: hp 50->5 | total wins 3018/3335
00:09:08 [3336/5100] episode 47504781674604: hp 79->71 | total wins 3019/3336
00:09:08 [3337/5100] episode 47504781674905: hp 67->41 | total wins 3020/3337
00:09:08 [3338/5100] episode 47504781676405: hp 49->20 | total wins 3021/3338
00:09:08 [3339/5100] episode 47504781675904: hp 75->65 | total wins 3022/3339
00:09:08 [3340/5100] episode 47504781675403: hp 55->50 | total wins 3023/3340
00:09:08 [3341/5100] episode 47504781675906: hp 48->27 | total wins 3024/3341
00:09:09 [3342/5100] episode 47504781676705: hp 33->3 | total wins 3025/3342
00:09:09 episode 47504781677403 skipped: replay diverged from the stored fight: ns": [[0, 0, 0, 0, 0, 0, 0, 0, 0, 0, 0], [0, 1, 1, 0, 1, 1, 0, 0, 1, 0], [8, 1, 3, 0, 1, 0, 0, 2, 1]], "random_potions": true, "samples": [{"episode_id": 47504781677403000, "starting_hp": 31}], "teacher": {"leaf": "guided_rollout", : fight_resample_worker: stored actions don't fit the replayed fight
00:09:09 episode 47504781677406 skipped: replay diverged from the stored fight: ns": [[0, 0, 0, 0, 0, 0, 0, 0, 0, 0, 0], [0, 1, 1, 0, 1, 1, 0, 0, 1, 0], [8, 1, 3, 0, 1, 0, 0, 2, 1], [4, 0, 1, 0, 1, 0, 0, 0, 1, 1, 0, 0, 0, 0, 0, 1, 2, 0, 0], [0, 3, 6, 0, 3, 0, 0, 3, 3, 2], [2, 2, 1, 0, 1, 0, 0, 1, 0, 0, 2]], "ra: fight_resample_worker: stored actions don't fit the replayed fight
00:09:10 [3343/5100] episode 47504781676903: hp 41->29 | total wins 3026/3343
00:09:10 [3344/5100] episode 47504781675802: hp 62->32 | total wins 3027/3344
00:09:10 [3345/5100] episode 47504781676805: hp 37->31 | total wins 3028/3345
00:09:11 [3346/5100] episode 47504781676404: hp 63->49 | total wins 3029/3346
00:09:11 [3347/5100] episode 47504781676407: hp 27->6 | total wins 3030/3347
00:09:11 [3348/5100] episode 47504781677601: hp 38->20 | total wins 3031/3348
00:09:12 [3349/5100] episode 47504781677903: hp 75->75 | total wins 3032/3349
00:09:12 [3350/5100] episode 47504781677702: hp 51->25 | total wins 3033/3350
00:09:13 [3351/5100] episode 47504781675603: hp 52->lost | total wins 3033/3351
00:09:13 [3352/5100] episode 47504781676703: hp 58->28 | total wins 3034/3352
00:09:14 [3353/5100] episode 47504781678804: hp 46->16 | total wins 3035/3353
00:09:14 [3354/5100] episode 47504781678602: hp 64->21 | total wins 3036/3354
00:09:15 [3355/5100] episode 47504781679402: hp 60->28 | total wins 3037/3355
00:09:15 [3356/5100] episode 47504781677604: hp 28->1 | total wins 3038/3356
00:09:15 [3357/5100] episode 47504781680404: hp 18->lost | total wins 3038/3357
00:09:15 [3358/5100] episode 47504781679903: hp 29->4 | total wins 3039/3358
00:09:16 [3359/5100] episode 47504781670703: hp 74->59 | total wins 3040/3359
00:09:16 [3360/5100] episode 47504781680402: hp 29->10 | total wins 3041/3360
00:09:18 [3361/5100] episode 47504781676902: hp 61->5 | total wins 3042/3361
00:09:19 [3362/5100] episode 47504781680703: hp 60->60 | total wins 3043/3362
00:09:20 [3363/5100] episode 47504781682405: hp 34->21 | total wins 3044/3363
00:09:21 [3364/5100] episode 47504781681602: hp 63->17 | total wins 3045/3364
00:09:21 [3365/5100] episode 47504781682604: hp 39->39 | total wins 3046/3365
00:09:21 [3366/5100] episode 47504781677802: hp 65->9 | total wins 3047/3366
00:09:21 [3367/5100] episode 47504781681903: hp 58->43 | total wins 3048/3367
00:09:22 [3368/5100] episode 47504781676803: hp 75->5 | total wins 3049/3368
00:09:22 [3369/5100] episode 47504781682703: hp 40->lost | total wins 3049/3369
00:09:22 [3370/5100] episode 47504781677705: hp 35->28 | total wins 3050/3370
00:09:23 [3371/5100] episode 47504781678404: hp 34->24 | total wins 3051/3371
00:09:23 [3372/5100] episode 47504781683405: hp 42->36 | total wins 3052/3372
00:09:23 [3373/5100] episode 47504781681703: hp 75->31 | total wins 3053/3373
00:09:25 [3374/5100] episode 47504781683903: hp 69->51 | total wins 3054/3374
00:09:26 [3375/5100] episode 47504781683704: hp 53->18 | total wins 3055/3375
00:09:28 [3376/5100] episode 47504781683705: hp 75->55 | total wins 3056/3376
00:09:28 [3377/5100] episode 47504781680803: hp 57->lost | total wins 3056/3377
00:09:28 [3378/5100] episode 47504781682806: hp 56->22 | total wins 3057/3378
00:09:29 [3379/5100] episode 47504781682404: hp 40->15 | total wins 3058/3379
00:09:30 [3380/5100] episode 47504781684702: hp 38->1 | total wins 3059/3380
00:09:30 [3381/5100] episode 47504781678805: hp 55->60 | total wins 3060/3381
00:09:31 [3382/5100] episode 47504781685602: hp 51->7 | total wins 3061/3382
00:09:31 [3383/5100] episode 47504781682803: hp 43->31 | total wins 3062/3383
00:09:31 [3384/5100] episode 47504781684803: hp 61->29 | total wins 3063/3384
00:09:32 [3385/5100] episode 47504781683803: hp 75->40 | total wins 3064/3385
00:09:32 [3386/5100] episode 47504781683605: hp 68->65 | total wins 3065/3386
00:09:33 [3387/5100] episode 47504781683403: hp 75->34 | total wins 3066/3387
00:09:33 [3388/5100] episode 47504781685704: hp 43->48 | total wins 3067/3388
00:09:35 [3389/5100] episode 47504781684902: hp 46->21 | total wins 3068/3389
00:09:35 [3390/5100] episode 47504781687902: hp 62->34 | total wins 3069/3390
00:09:35 [3391/5100] episode 47504781686403: hp 34->lost | total wins 3069/3391
00:09:36 [3392/5100] episode 47504781687903: hp 50->28 | total wins 3070/3392
00:09:36 [3393/5100] episode 47504781687401: hp 64->14 | total wins 3071/3393
00:09:36 episode 47504781688604 skipped: replay diverged from the stored fight: ns": [[1, 0, 1, 0, 2, 2, 0, 0, 1, 2, 0, 0, 0, 0, 0, 0, 0, 0], [4, 1, 1, 2, 1, 0, 1, 0, 0, 3, 2], [0, 3, 14, 0, 1, 0, 0, 1, 2, 2, 0, 0, 1, 1, 0], [1, 1, 1, 1, 4, 0, 1, 1]], "random_potions": true, "samples": [{"episode_id": 475047816: fight_resample_worker: stored actions don't fit the replayed fight
00:09:36 [3394/5100] episode 47504781685906: hp 75->54 | total wins 3072/3394
00:09:36 episode 47504781688805 skipped: replay diverged from the stored fight: ns": [[0, 0, 0, 0, 0, 2, 0, 0, 0, 3, 1, 0, 0, 0], [5, 2, 3, 1, 0, 0, 0, 0, 0, 0, 2, 0, 0, 0, 0, 0], [3, 3, 0, 0, 2, 0, 1, 0, 0, 0, 0, 0, 0], [0, 0, 0, 2, 1, 6, 7, 2, 0, 1, 6, 6, 0, 1, 0, 0, 1, 6, 0, 0, 1, 0, 0, 2, 0, 1, 7, 3, 3, 1, : fight_resample_worker: stored actions don't fit the replayed fight
00:09:36 [3395/5100] episode 47504781684603: hp 62->23 | total wins 3073/3395
00:09:36 [3396/5100] episode 47504781688402: hp 44->6 | total wins 3074/3396
00:09:36 episode 47504781689906 skipped: replay diverged from the stored fight: ns": [[1, 1, 0, 2, 0, 0, 1, 0, 0, 1, 1], [6, 0, 1, 0, 2, 0, 0], [2, 3, 3, 1, 0, 0, 0, 0, 3, 0, 1, 0, 4, 4, 0, 0, 0, 0, 1, 0, 0, 0], [4, 0, 0, 0, 0, 0, 0, 0, 0, 0, 0, 0, 0, 0, 0, 1, 1, 0, 1], [3, 3, 0, 0, 1, 0, 0, 1, 1, 0, 0], [4, 2,: fight_resample_worker: stored actions don't fit the replayed fight
00:09:37 [3397/5100] episode 47504781687603: hp 61->32 | total wins 3075/3397
00:09:37 [3398/5100] episode 47504781688404: hp 31->lost | total wins 3075/3398
00:09:37 [3399/5100] episode 47504781686902: hp 51->lost | total wins 3075/3399
00:09:37 [3400/5100] episode 47504781688602: hp 59->43 | total wins 3076/3400
00:09:38 [3401/5100] episode 47504781687801: hp 52->32 | total wins 3077/3401
00:09:38 [3402/5100] episode 47504781686803: hp 73->47 | total wins 3078/3402
00:09:39 [3403/5100] episode 47504781688702: hp 55->40 | total wins 3079/3403
00:09:39 [3404/5100] episode 47504781690602: hp 40->lost | total wins 3079/3404
00:09:39 [3405/5100] episode 47504781691604: hp 73->48 | total wins 3080/3405
00:09:40 [3406/5100] episode 47504781689704: hp 68->38 | total wins 3081/3406
00:09:42 [3407/5100] episode 47504781692602: hp 57->24 | total wins 3082/3407
00:09:42 [3408/5100] episode 47504781691903: hp 43->31 | total wins 3083/3408
00:09:44 [3409/5100] episode 47504781689403: hp 65->30 | total wins 3084/3409
00:09:44 [3410/5100] episode 47504781692705: hp 57->53 | total wins 3085/3410
00:09:44 [3411/5100] episode 47504781690703: hp 51->1 | total wins 3086/3411
00:09:44 [3412/5100] episode 47504781690905: hp 80->44 | total wins 3087/3412
00:09:45 [3413/5100] episode 47504781691407: hp 75->38 | total wins 3088/3413
00:09:46 [3414/5100] episode 47504781691803: hp 54->lost | total wins 3088/3414
00:09:46 [3415/5100] episode 47504781690805: hp 36->3 | total wins 3089/3415
00:09:46 [3416/5100] episode 47504781693402: hp 56->56 | total wins 3090/3416
00:09:46 [3417/5100] episode 47504781693702: hp 26->lost | total wins 3090/3417
00:09:47 [3418/5100] episode 47504781694405: hp 36->7 | total wins 3091/3418
00:09:48 [3419/5100] episode 47504781695802: hp 75->59 | total wins 3092/3419
00:09:48 [3420/5100] episode 47504781691901: hp 71->31 | total wins 3093/3420
00:09:48 [3421/5100] episode 47504781692404: hp 80->51 | total wins 3094/3421
00:09:48 [3422/5100] episode 47504781695705: hp 70->45 | total wins 3095/3422
00:09:49 [3423/5100] episode 47504781695903: hp 62->38 | total wins 3096/3423
00:09:49 episode 47504781696703 skipped: replay diverged from the stored fight: ns": [[0, 1, 1, 0, 0, 0, 0, 0, 1, 1, 1, 0, 0], [0, 0, 0, 0, 1, 1, 0, 0, 0, 0, 2, 2], [0, 0, 1, 1, 1]], "random_potions": true, "samples": [{"episode_id": 47504781696703000, "starting_hp": 63}], "teacher": {"leaf": "guided_rollout", : fight_resample_worker: stored actions don't fit the replayed fight
00:09:49 episode 47504781696704 skipped: replay diverged from the stored fight: ns": [[0, 1, 1, 0, 0, 0, 0, 0, 1, 1, 1, 0, 0], [0, 0, 0, 0, 1, 1, 0, 0, 0, 0, 2, 2], [0, 0, 1, 1, 1], [1, 0, 1, 3, 0, 1, 0, 1, 1, 0, 0, 0, 2, 1, 0, 0, 0, 2]], "random_potions": true, "samples": [{"episode_id": 47504781696704000, "st: fight_resample_worker: stored actions don't fit the replayed fight
00:09:49 [3424/5100] episode 47504781694602: hp 31->lost | total wins 3096/3424
00:09:49 [3425/5100] episode 47504781693601: hp 59->2 | total wins 3097/3425
00:09:49 [3426/5100] episode 47504781692803: hp 45->1 | total wins 3098/3426
00:09:52 [3427/5100] episode 47504781694805: hp 21->1 | total wins 3099/3427
00:09:52 [3428/5100] episode 47504781696604: hp 22->lost | total wins 3099/3428
00:09:53 [3429/5100] episode 47504781696603: hp 55->7 | total wins 3100/3429
00:09:53 [3430/5100] episode 47504781697702: hp 57->11 | total wins 3101/3430
00:09:54 [3431/5100] episode 47504781697803: hp 57->27 | total wins 3102/3431
00:09:54 [3432/5100] episode 47504781695402: hp 56->lost | total wins 3102/3432
00:09:54 [3433/5100] episode 47504781695806: hp 23->16 | total wins 3103/3433
00:09:54 [3434/5100] episode 47504781696907: hp 41->16 | total wins 3104/3434
00:09:56 [3435/5100] episode 47504781698402: hp 58->30 | total wins 3105/3435
00:09:56 [3436/5100] episode 47504781697404: hp 49->34 | total wins 3106/3436
00:09:57 [3437/5100] episode 47504781697805: hp 34->24 | total wins 3107/3437
00:09:57 [3438/5100] episode 47504781698903: hp 65->39 | total wins 3108/3438
00:09:57 [3439/5100] episode 47504781694902: hp 32->5 | total wins 3109/3439
00:09:57 [3440/5100] episode 47504781688803: hp 75->17 | total wins 3110/3440
00:09:57 [3441/5100] episode 47504781700603: hp 46->30 | total wins 3111/3441
00:09:59 [3442/5100] episode 47504781698605: hp 54->25 | total wins 3112/3442
00:09:59 [3443/5100] episode 47504781699904: hp 29->29 | total wins 3113/3443
00:09:59 [3444/5100] episode 47504781699604: hp 75->40 | total wins 3114/3444
00:10:00 [3445/5100] episode 47504781699807: hp 32->19 | total wins 3115/3445
00:10:01 [3446/5100] episode 47504781701402: hp 57->18 | total wins 3116/3446
00:10:01 [3447/5100] episode 47504781696805: hp 32->11 | total wins 3117/3447
00:10:01 [3448/5100] episode 47504781698904: hp 51->29 | total wins 3118/3448
00:10:01 [3449/5100] episode 47504781701702: hp 75->47 | total wins 3119/3449
00:10:02 [3450/5100] episode 47504781701605: hp 42->24 | total wins 3120/3450
00:10:02 [3451/5100] episode 47504781698803: hp 64->48 | total wins 3121/3451
00:10:04 [3452/5100] episode 47504781699704: hp 75->59 | total wins 3122/3452
00:10:04 [3453/5100] episode 47504781702604: hp 50->26 | total wins 3123/3453
00:10:05 [3454/5100] episode 47504781700803: hp 75->66 | total wins 3124/3454
00:10:05 [3455/5100] episode 47504781701403: hp 62->26 | total wins 3125/3455
00:10:06 [3456/5100] episode 47504781702605: hp 35->lost | total wins 3125/3456
00:10:06 [3457/5100] episode 47504781697602: hp 75->55 | total wins 3126/3457
00:10:07 [3458/5100] episode 47504781701904: hp 59->51 | total wins 3127/3458
00:10:07 [3459/5100] episode 47504781703403: hp 62->50 | total wins 3128/3459
00:10:07 [3460/5100] episode 47504781700901: hp 64->9 | total wins 3129/3460
00:10:07 [3461/5100] episode 47504781701907: hp 47->41 | total wins 3130/3461
00:10:07 [3462/5100] episode 47504781704902: hp 65->43 | total wins 3131/3462
00:10:09 [3463/5100] episode 47504781702404: hp 63->29 | total wins 3132/3463
00:10:10 [3464/5100] episode 47504781705903: hp 50->34 | total wins 3133/3464
00:10:10 [3465/5100] episode 47504781704405: hp 73->58 | total wins 3134/3465
00:10:11 [3466/5100] episode 47504781705603: hp 33->lost | total wins 3134/3466
00:10:11 [3467/5100] episode 47504781706604: hp 62->30 | total wins 3135/3467
00:10:11 [3468/5100] episode 47504781705704: hp 64->50 | total wins 3136/3468
00:10:12 [3469/5100] episode 47504781701803: hp 58->38 | total wins 3137/3469
00:10:14 [3470/5100] episode 47504781706904: hp 57->27 | total wins 3138/3470
00:10:14 [3471/5100] episode 47504781703602: hp 36->lost | total wins 3138/3471
00:10:14 [3472/5100] episode 47504781705602: hp 75->28 | total wins 3139/3472
00:10:14 [3473/5100] episode 47504781706702: hp 75->45 | total wins 3140/3473
00:10:14 [3474/5100] episode 47504781704903: hp 69->47 | total wins 3141/3474
00:10:15 [3475/5100] episode 47504781706704: hp 53->47 | total wins 3142/3475
00:10:15 [3476/5100] episode 47504781706402: hp 72->57 | total wins 3143/3476
00:10:16 [3477/5100] episode 47504781705702: hp 57->32 | total wins 3144/3477
00:10:16 [3478/5100] episode 47504781707404: hp 56->51 | total wins 3145/3478
00:10:16 [3479/5100] episode 47504781707604: hp 66->51 | total wins 3146/3479
00:10:17 [3480/5100] episode 47504781706804: hp 64->15 | total wins 3147/3480
00:10:17 [3481/5100] episode 47504781708803: hp 48->32 | total wins 3148/3481
00:10:18 [3482/5100] episode 47504781707707: hp 68->58 | total wins 3149/3482
00:10:19 [3483/5100] episode 47504781708805: hp 27->7 | total wins 3150/3483
00:10:19 [3484/5100] episode 47504781709403: hp 47->35 | total wins 3151/3484
00:10:19 [3485/5100] episode 47504781702403: hp 75->57 | total wins 3152/3485
00:10:20 [3486/5100] episode 47504781708605: hp 71->67 | total wins 3153/3486
00:10:20 [3487/5100] episode 47504781708904: hp 39->14 | total wins 3154/3487
00:10:21 [3488/5100] episode 47504781707804: hp 62->48 | total wins 3155/3488
00:10:21 [3489/5100] episode 47504781709702: hp 75->63 | total wins 3156/3489
00:10:22 [3490/5100] episode 47504781707903: hp 69->44 | total wins 3157/3490
00:10:22 [3491/5100] episode 47504781708705: hp 58->47 | total wins 3158/3491
00:10:22 [3492/5100] episode 47504781710605: hp 29->18 | total wins 3159/3492
00:10:22 [3493/5100] episode 47504781702902: hp 55->lost | total wins 3159/3493
00:10:22 episode 47504781711403 skipped: replay diverged from the stored fight: ns": [[1, 2, 0, 0, 4, 2, 1, 0, 0, 0, 0, 0, 2, 2], [1, 3, 0, 0, 1, 1], [1, 2, 1, 1, 1, 1, 0, 1, 0, 1, 1]], "random_potions": true, "samples": [{"episode_id": 47504781711403000, "starting_hp": 68}], "teacher": {"leaf": "guided_rollout: fight_resample_worker: stored actions don't fit the replayed fight
00:10:22 episode 47504781711406 skipped: replay diverged from the stored fight: ns": [[1, 2, 0, 0, 4, 2, 1, 0, 0, 0, 0, 0, 2, 2], [1, 3, 0, 0, 1, 1], [1, 2, 1, 1, 1, 1, 0, 1, 0, 1, 1], [0, 0, 1, 2, 1, 1, 0, 1, 1, 1, 1, 0], [0, 5, 1, 1, 1, 3, 1, 6, 0, 10], [0, 4, 4, 1, 7, 1, 0, 1, 2, 0, 1, 2]], "random_potions":: fight_resample_worker: stored actions don't fit the replayed fight
00:10:22 episode 47504781711603 skipped: replay diverged from the stored fight: 3, 4, 1, 0, 2, 2, 2, 3, 0, 0, 1, 1], [1, 1, 0, 0, 0, 2, 0, 0, 0, 0, 1, 0, 0], [4]], "random_potions": true, "samples": [{"episode_id": 47504781711603000, "starting_hp": 41}], "teacher": {"leaf": "guided_rollout", "simulations: fight_resample_worker: replayed fight didn't end after its stored actions
00:10:23 [3494/5100] episode 47504781710703: hp 60->28 | total wins 3160/3494
00:10:23 [3495/5100] episode 47504781709904: hp 54->41 | total wins 3161/3495
00:10:26 [3496/5100] episode 47504781709603: hp 58->33 | total wins 3162/3496
00:10:27 [3497/5100] episode 47504781707705: hp 52->47 | total wins 3163/3497
00:10:27 [3498/5100] episode 47504781710401: hp 60->10 | total wins 3164/3498
00:10:27 [3499/5100] episode 47504781709405: hp 53->43 | total wins 3165/3499
00:10:27 [3500/5100] episode 47504781710905: hp 45->25 | total wins 3166/3500
00:10:27 [3501/5100] episode 47504781712601: hp 59->27 | total wins 3167/3501
00:10:27 [3502/5100] episode 47504781709402: hp 45->3 | total wins 3168/3502
00:10:29 [3503/5100] episode 47504781713805: hp 27->lost | total wins 3168/3503
00:10:30 [3504/5100] episode 47504781710803: hp 42->17 | total wins 3169/3504
00:10:30 [3505/5100] episode 47504781714404: hp 38->8 | total wins 3170/3505
00:10:30 [3506/5100] episode 47504781714604: hp 44->11 | total wins 3171/3506
00:10:30 [3507/5100] episode 47504781714703: hp 1->lost | total wins 3171/3507
00:10:30 [3508/5100] episode 47504781711905: hp 64->39 | total wins 3172/3508
00:10:31 [3509/5100] episode 47504781713902: hp 42->lost | total wins 3172/3509
00:10:31 [3510/5100] episode 47504781710602: hp 75->35 | total wins 3173/3510
00:10:32 [3511/5100] episode 47504781715404: hp 62->54 | total wins 3174/3511
00:10:32 [3512/5100] episode 47504781714406: hp 74->59 | total wins 3175/3512
00:10:33 [3513/5100] episode 47504781713702: hp 74->34 | total wins 3176/3513
00:10:33 [3514/5100] episode 47504781714905: hp 44->19 | total wins 3177/3514
00:10:33 [3515/5100] episode 47504781715605: hp 48->36 | total wins 3178/3515
00:10:33 [3516/5100] episode 47504781714801: hp 75->10 | total wins 3179/3516
00:10:34 [3517/5100] episode 47504781716705: hp 68->52 | total wins 3180/3517
00:10:34 [3518/5100] episode 47504781717404: hp 36->20 | total wins 3181/3518
00:10:35 [3519/5100] episode 47504781715603: hp 62->22 | total wins 3182/3519
00:10:36 [3520/5100] episode 47504781717706: hp 64->54 | total wins 3183/3520
00:10:36 [3521/5100] episode 47504781717405: hp 55->43 | total wins 3184/3521
00:10:37 [3522/5100] episode 47504781715406: hp 63->48 | total wins 3185/3522
00:10:37 [3523/5100] episode 47504781712402: hp 52->12 | total wins 3186/3523
00:10:37 [3524/5100] episode 47504781717602: hp 50->33 | total wins 3187/3524
00:10:38 [3525/5100] episode 47504781718905: hp 45->48 | total wins 3188/3525
00:10:38 [3526/5100] episode 47504781712805: hp 39->34 | total wins 3189/3526
00:10:38 [3527/5100] episode 47504781718705: hp 74->54 | total wins 3190/3527
00:10:39 [3528/5100] episode 47504781719906: hp 4->lost | total wins 3190/3528
00:10:39 [3529/5100] episode 47504781717802: hp 26->lost | total wins 3190/3529
00:10:40 [3530/5100] episode 47504781717902: hp 26->18 | total wins 3191/3530
00:10:41 [3531/5100] episode 47504781719903: hp 60->37 | total wins 3192/3531
00:10:41 [3532/5100] episode 47504781714702: hp 48->16 | total wins 3193/3532
00:10:41 episode 47504781721404 skipped: replay diverged from the stored fight: ns": [[3, 1, 0, 0, 0, 1, 1, 2, 0, 0, 0, 1, 1], [1, 2, 2, 1, 0, 0, 2, 2, 0, 0, 1, 1, 0], [4, 0, 1, 1, 1, 1, 1, 0, 3, 1, 1, 1, 0], [2, 6, 0, 0, 4, 2, 0, 0, 1, 0, 1]], "random_potions": true, "samples": [{"episode_id": 4750478172140400: fight_resample_worker: stored actions don't fit the replayed fight
00:10:42 [3533/5100] episode 47504781719603: hp 44->lost | total wins 3193/3533
00:10:43 [3534/5100] episode 47504781717703: hp 75->47 | total wins 3194/3534
00:10:43 [3535/5100] episode 47504781720703: hp 58->13 | total wins 3195/3535
00:10:43 [3536/5100] episode 47504781720704: hp 52->34 | total wins 3196/3536
00:10:44 [3537/5100] episode 47504781721803: hp 80->64 | total wins 3197/3537
00:10:44 [3538/5100] episode 47504781721402: hp 27->lost | total wins 3197/3538
00:10:44 [3539/5100] episode 47504781720904: hp 49->17 | total wins 3198/3539
00:10:44 [3540/5100] episode 47504781721603: hp 46->34 | total wins 3199/3540
00:10:45 [3541/5100] episode 47504781722604: hp 31->29 | total wins 3200/3541
00:10:45 [3542/5100] episode 47504781723406: hp 13->lost | total wins 3200/3542
00:10:47 [3543/5100] episode 47504781721806: hp 82->80 | total wins 3201/3543
00:10:47 [3544/5100] episode 47504781712703: hp 75->62 | total wins 3202/3544
00:10:47 [3545/5100] episode 47504781721602: hp 71->21 | total wins 3203/3545
00:10:48 [3546/5100] episode 47504781717903: hp 44->32 | total wins 3204/3546
00:10:48 [3547/5100] episode 47504781722403: hp 75->69 | total wins 3205/3547
00:10:48 [3548/5100] episode 47504781723903: hp 67->35 | total wins 3206/3548
00:10:49 [3549/5100] episode 47504781725403: hp 58->46 | total wins 3207/3549
00:10:49 [3550/5100] episode 47504781720603: hp 66->1 | total wins 3208/3550
00:10:49 [3551/5100] episode 47504781725703: hp 59->24 | total wins 3209/3551
00:10:50 [3552/5100] episode 47504781723802: hp 48->lost | total wins 3209/3552
00:10:50 [3553/5100] episode 47504781721901: hp 43->19 | total wins 3210/3553
00:10:50 [3554/5100] episode 47504781724605: hp 70->40 | total wins 3211/3554
00:10:50 [3555/5100] episode 47504781725803: hp 22->lost | total wins 3211/3555
00:10:50 [3556/5100] episode 47504781722701: hp 55->lost | total wins 3211/3556
00:10:50 [3557/5100] episode 47504781723601: hp 51->lost | total wins 3211/3557
00:10:50 [3558/5100] episode 47504781726402: hp 42->26 | total wins 3212/3558
00:10:50 [3559/5100] episode 47504781726705: hp 16->lost | total wins 3212/3559
00:10:51 [3560/5100] episode 47504781719803: hp 56->46 | total wins 3213/3560
00:10:51 [3561/5100] episode 47504781726903: hp 71->45 | total wins 3214/3561
00:10:52 [3562/5100] episode 47504781727403: hp 67->51 | total wins 3215/3562
00:10:52 [3563/5100] episode 47504781727702: hp 41->9 | total wins 3216/3563
00:10:52 [3564/5100] episode 47504781727603: hp 55->7 | total wins 3217/3564
00:10:53 [3565/5100] episode 47504781725802: hp 44->27 | total wins 3218/3565
00:10:53 [3566/5100] episode 47504781729603: hp 67->39 | total wins 3219/3566
00:10:54 [3567/5100] episode 47504781727802: hp 69->59 | total wins 3220/3567
00:10:55 [3568/5100] episode 47504781726704: hp 47->lost | total wins 3220/3568
00:10:55 [3569/5100] episode 47504781729404: hp 36->26 | total wins 3221/3569
00:10:55 [3570/5100] episode 47504781726404: hp 62->32 | total wins 3222/3570
00:10:56 [3571/5100] episode 47504781730405: hp 46->30 | total wins 3223/3571
00:10:56 [3572/5100] episode 47504781728602: hp 67->47 | total wins 3224/3572
00:10:56 [3573/5100] episode 47504781726802: hp 69->49 | total wins 3225/3573
00:10:56 [3574/5100] episode 47504781725704: hp 34->34 | total wins 3226/3574
00:10:57 [3575/5100] episode 47504781730703: hp 36->15 | total wins 3227/3575
00:10:57 [3576/5100] episode 47504781725602: hp 53->lost | total wins 3227/3576
00:10:57 [3577/5100] episode 47504781731402: hp 75->59 | total wins 3228/3577
00:10:57 [3578/5100] episode 47504781729905: hp 34->22 | total wins 3229/3578
00:10:58 [3579/5100] episode 47504781728702: hp 48->24 | total wins 3230/3579
00:10:58 [3580/5100] episode 47504781730404: hp 46->40 | total wins 3231/3580
00:10:58 [3581/5100] episode 47504781729901: hp 32->lost | total wins 3231/3581
00:11:00 [3582/5100] episode 47504781729607: hp 36->lost | total wins 3231/3582
00:11:00 [3583/5100] episode 47504781731803: hp 26->4 | total wins 3232/3583
00:11:01 [3584/5100] episode 47504781731606: hp 41->33 | total wins 3233/3584
00:11:01 [3585/5100] episode 47504781731902: hp 38->6 | total wins 3234/3585
00:11:02 [3586/5100] episode 47504781729704: hp 73->48 | total wins 3235/3586
00:11:02 [3587/5100] episode 47504781731405: hp 73->43 | total wins 3236/3587
00:11:02 [3588/5100] episode 47504781733405: hp 54->26 | total wins 3237/3588
00:11:02 [3589/5100] episode 47504781732804: hp 55->23 | total wins 3238/3589
00:11:02 [3590/5100] episode 47504781732904: hp 41->23 | total wins 3239/3590
00:11:03 [3591/5100] episode 47504781732903: hp 46->lost | total wins 3239/3591
00:11:03 [3592/5100] episode 47504781730702: hp 57->32 | total wins 3240/3592
00:11:04 [3593/5100] episode 47504781730603: hp 42->14 | total wins 3241/3593
00:11:04 [3594/5100] episode 47504781733603: hp 50->29 | total wins 3242/3594
00:11:04 [3595/5100] episode 47504781734605: hp 23->17 | total wins 3243/3595
00:11:04 [3596/5100] episode 47504781733407: hp 58->40 | total wins 3244/3596
00:11:05 [3597/5100] episode 47504781732704: hp 30->10 | total wins 3245/3597
00:11:06 [3598/5100] episode 47504781733803: hp 40->1 | total wins 3246/3598
00:11:06 [3599/5100] episode 47504781734405: hp 26->lost | total wins 3246/3599
00:11:06 [3600/5100] episode 47504781733704: hp 64->44 | total wins 3247/3600
00:11:06 [3601/5100] episode 47504781734906: hp 56->42 | total wins 3248/3601
00:11:07 [3602/5100] episode 47504781733602: hp 24->lost | total wins 3248/3602
00:11:07 [3603/5100] episode 47504781735604: hp 28->1 | total wins 3249/3603
00:11:08 [3604/5100] episode 47504781735903: hp 52->20 | total wins 3250/3604
00:11:09 [3605/5100] episode 47504781732402: hp 66->lost | total wins 3250/3605
00:11:09 [3606/5100] episode 47504781736401: hp 75->45 | total wins 3251/3606
00:11:09 [3607/5100] episode 47504781734807: hp 38->39 | total wins 3252/3607
00:11:11 [3608/5100] episode 47504781735704: hp 47->18 | total wins 3253/3608
00:11:11 [3609/5100] episode 47504781734804: hp 75->23 | total wins 3254/3609
00:11:12 [3610/5100] episode 47504781735403: hp 75->44 | total wins 3255/3610
00:11:12 [3611/5100] episode 47504781734705: hp 75->73 | total wins 3256/3611
00:11:12 [3612/5100] episode 47504781737405: hp 55->27 | total wins 3257/3612
00:11:13 [3613/5100] episode 47504781735701: hp 38->lost | total wins 3257/3613
00:11:13 [3614/5100] episode 47504781736805: hp 37->lost | total wins 3257/3614
00:11:13 [3615/5100] episode 47504781736703: hp 75->35 | total wins 3258/3615
00:11:15 [3616/5100] episode 47504781737403: hp 69->19 | total wins 3259/3616
00:11:15 [3617/5100] episode 47504781736901: hp 65->30 | total wins 3260/3617
00:11:16 [3618/5100] episode 47504781735603: hp 49->lost | total wins 3260/3618
00:11:16 [3619/5100] episode 47504781736402: hp 64->29 | total wins 3261/3619
00:11:16 [3620/5100] episode 47504781737704: hp 59->49 | total wins 3262/3620
00:11:16 [3621/5100] episode 47504781737803: hp 62->44 | total wins 3263/3621
00:11:17 [3622/5100] episode 47504781738704: hp 43->11 | total wins 3264/3622
00:11:17 [3623/5100] episode 47504781737602: hp 47->lost | total wins 3264/3623
00:11:17 episode 47504781740706 skipped: replay diverged from the stored fight: ns": [[4, 1, 0, 4, 1, 1, 0, 0, 1, 1], [0, 0, 0, 1, 1, 2, 0, 1, 2, 1, 2, 0, 1, 1, 1], [0, 2, 2, 1, 0, 1, 3, 0, 6, 1], [5, 0, 0, 3, 5, 1, 3, 0, 1, 0, 0, 0, 0, 0, 0, 0, 1, 1, 0, 0, 4, 0, 0, 0, 0, 2, 1], [4, 2, 1, 0, 0, 1, 1], [0, 4, 4,: fight_resample_worker: stored actions don't fit the replayed fight
00:11:17 [3624/5100] episode 47504781738602: hp 60->32 | total wins 3265/3624
00:11:17 [3625/5100] episode 47504781739704: hp 58->58 | total wins 3266/3625
00:11:18 [3626/5100] episode 47504781740604: hp 60->14 | total wins 3267/3626
00:11:18 [3627/5100] episode 47504781737902: hp 75->47 | total wins 3268/3627
00:11:18 [3628/5100] episode 47504781738604: hp 45->17 | total wins 3269/3628
00:11:19 [3629/5100] episode 47504781739903: hp 38->3 | total wins 3270/3629
00:11:19 [3630/5100] episode 47504781741602: hp 69->35 | total wins 3271/3630
00:11:20 [3631/5100] episode 47504781738902: hp 51->lost | total wins 3271/3631
00:11:21 [3632/5100] episode 47504781742906: hp 31->17 | total wins 3272/3632
00:11:21 [3633/5100] episode 47504781741802: hp 51->6 | total wins 3273/3633
00:11:21 [3634/5100] episode 47504781742704: hp 36->24 | total wins 3274/3634
00:11:21 [3635/5100] episode 47504781743403: hp 24->lost | total wins 3274/3635
00:11:21 episode 47504781744604 skipped: replay diverged from the stored fight: ns": [[1, 2, 1, 1, 1, 1, 0, 1, 1, 1, 2, 2, 1, 1, 0, 0], [1, 2, 1, 0, 0, 0, 0, 0, 0, 0, 2], [2, 5, 2, 0, 0, 3, 1], [4, 0, 1, 4, 1]], "random_potions": true, "samples": [{"episode_id": 47504781744604000, "starting_hp": 61}], "teacher": fight_resample_worker: stored actions don't fit the replayed fight
00:11:21 episode 47504781744606 skipped: replay diverged from the stored fight: ns": [[1, 2, 1, 1, 1, 1, 0, 1, 1, 1, 2, 2, 1, 1, 0, 0], [1, 2, 1, 0, 0, 0, 0, 0, 0, 0, 2], [2, 5, 2, 0, 0, 3, 1], [4, 0, 1, 4, 1], [6, 1, 4, 9, 5, 1, 0, 0, 0, 0, 0, 0, 1, 0, 1], [1, 0, 5, 2, 2, 2, 2, 0, 0, 0, 3, 4]], "random_potions: fight_resample_worker: stored actions don't fit the replayed fight
00:11:22 [3636/5100] episode 47504781740802: hp 70->45 | total wins 3275/3636
00:11:22 [3637/5100] episode 47504781743702: hp 74->43 | total wins 3276/3637
00:11:23 [3638/5100] episode 47504781740903: hp 72->32 | total wins 3277/3638
00:11:24 [3639/5100] episode 47504781743401: hp 50->32 | total wins 3278/3639
00:11:24 [3640/5100] episode 47504781741403: hp 41->lost | total wins 3278/3640
00:11:24 [3641/5100] episode 47504781744704: hp 51->36 | total wins 3279/3641
00:11:25 [3642/5100] episode 47504781744803: hp 44->lost | total wins 3279/3642
00:11:25 [3643/5100] episode 47504781740705: hp 40->15 | total wins 3280/3643
00:11:25 [3644/5100] episode 47504781745703: hp 47->15 | total wins 3281/3644
00:11:26 [3645/5100] episode 47504781744903: hp 60->44 | total wins 3282/3645
00:11:26 [3646/5100] episode 47504781746903: hp 34->25 | total wins 3283/3646
00:11:27 [3647/5100] episode 47504781745603: hp 54->8 | total wins 3284/3647
00:11:27 [3648/5100] episode 47504781745604: hp 38->lost | total wins 3284/3648
00:11:27 [3649/5100] episode 47504781742403: hp 65->59 | total wins 3285/3649
00:11:27 episode 47504781748804 skipped: replay diverged from the stored fight: ns": [[0, 1, 0, 0, 2, 2, 0, 0, 0, 1, 1], [1, 1, 0, 1, 3, 1, 1, 1, 1, 1], [1, 2, 1, 0, 2, 0, 0, 0, 1], [3, 1, 0, 1, 2, 1, 1, 0, 0, 0, 0]], "random_potions": true, "samples": [{"episode_id": 47504781748804000, "starting_hp": 75}], "te: fight_resample_worker: stored actions don't fit the replayed fight
00:11:27 episode 47504781748805 skipped: replay diverged from the stored fight: ns": [[0, 1, 0, 0, 2, 2, 0, 0, 0, 1, 1], [1, 1, 0, 1, 3, 1, 1, 1, 1, 1], [1, 2, 1, 0, 2, 0, 0, 0, 1], [3, 1, 0, 1, 2, 1, 1, 0, 0, 0, 0], [0, 0, 0, 0, 1, 0, 0, 0, 0, 1, 0, 1, 2, 0]], "random_potions": true, "samples": [{"episode_id":: fight_resample_worker: stored actions don't fit the replayed fight
00:11:27 [3650/5100] episode 47504781747403: hp 75->51 | total wins 3286/3650
00:11:28 [3651/5100] episode 47504781743904: hp 29->7 | total wins 3287/3651
00:11:28 [3652/5100] episode 47504781747803: hp 65->33 | total wins 3288/3652
00:11:28 [3653/5100] episode 47504781747603: hp 75->31 | total wins 3289/3653
00:11:29 [3654/5100] episode 47504781733802: hp 71->55 | total wins 3290/3654
00:11:29 [3655/5100] episode 47504781744702: hp 75->50 | total wins 3291/3655
00:11:30 [3656/5100] episode 47504781749905: hp 63->47 | total wins 3292/3656
00:11:30 [3657/5100] episode 47504781750703: hp 75->47 | total wins 3293/3657
00:11:30 [3658/5100] episode 47504781746902: hp 63->29 | total wins 3294/3658
00:11:30 [3659/5100] episode 47504781750604: hp 41->11 | total wins 3295/3659
00:11:31 [3660/5100] episode 47504781751603: hp 5->lost | total wins 3295/3660
00:11:31 [3661/5100] episode 47504781749703: hp 38->3 | total wins 3296/3661
00:11:31 [3662/5100] episode 47504781749704: hp 26->15 | total wins 3297/3662
00:11:32 [3663/5100] episode 47504781749903: hp 66->36 | total wins 3298/3663
00:11:34 [3664/5100] episode 47504781751403: hp 61->27 | total wins 3299/3664
00:11:34 [3665/5100] episode 47504781740703: hp 44->26 | total wins 3300/3665
00:11:34 episode 47504781752904 skipped: replay diverged from the stored fight: ns": [[3, 0, 0, 0, 1, 1], [2, 3, 0, 2, 3, 0], [1, 4, 1, 0, 3, 1], [22, 0, 8, 2, 2, 3, 3, 7, 0]], "random_potions": true, "samples": [{"episode_id": 47504781752904000, "starting_hp": 63}], "teacher": {"leaf": "guided_rollout", "simul: fight_resample_worker: stored actions don't fit the replayed fight
00:11:34 [3666/5100] episode 47504781751801: hp 59->55 | total wins 3301/3666
00:11:34 episode 47504781753706 skipped: replay diverged from the stored fight: 0, 1, 0, 0, 1, 0, 0], [3, 0, 0, 0, 0, 0, 0], [0, 0, 1, 0, 1, 1, 0, 0, 1, 0, 0, 0], [8, 10, 10, 2, 0, 0, 0, 0, 0, 3, 1, 0, 1], [0, 0, 0, 0, 0, 1, 0, 0, 1, 0, 0], [5]], "random_potions": true, "samples": [{"episode_id": 4750478: fight_resample_worker: replayed fight didn't end after its stored actions
00:11:35 [3667/5100] episode 47504781746405: hp 34->23 | total wins 3302/3667
00:11:36 [3668/5100] episode 47504781751406: hp 48->9 | total wins 3303/3668
00:11:36 [3669/5100] episode 47504781753805: hp 48->13 | total wins 3304/3669
00:11:37 [3670/5100] episode 47504781752704: hp 31->3 | total wins 3305/3670
00:11:38 [3671/5100] episode 47504781751707: hp 30->8 | total wins 3306/3671
00:11:38 [3672/5100] episode 47504781753603: hp 54->34 | total wins 3307/3672
00:11:38 episode 47504781754806 skipped: replay diverged from the stored fight: ns": [[4, 5, 1, 1, 1, 0, 0, 0, 0, 0, 0, 0, 1], [1, 1, 0, 2, 0, 0, 0, 1, 0, 1], [4, 3, 2, 1, 1, 0, 0, 0, 1, 2, 1, 2, 0], [1, 1, 0, 1, 3, 2, 2, 4, 6], [5, 1, 0, 2, 1, 1, 0, 0], [5, 1, 3, 0, 0]], "random_potions": true, "samples": [{"e: fight_resample_worker: stored actions don't fit the replayed fight
00:11:38 [3673/5100] episode 47504781754602: hp 41->5 | total wins 3308/3673
00:11:39 [3674/5100] episode 47504781750903: hp 62->48 | total wins 3309/3674
00:11:39 [3675/5100] episode 47504781752603: hp 66->27 | total wins 3310/3675
00:11:40 [3676/5100] episode 47504781750803: hp 71->32 | total wins 3311/3676
00:11:41 [3677/5100] episode 47504781754404: hp 73->58 | total wins 3312/3677
00:11:41 [3678/5100] episode 47504781747804: hp 57->14 | total wins 3313/3678
00:11:41 [3679/5100] episode 47504781753904: hp 61->32 | total wins 3314/3679
00:11:41 [3680/5100] episode 47504781751704: hp 69->29 | total wins 3315/3680
00:11:42 [3681/5100] episode 47504781754604: hp 58->36 | total wins 3316/3681
00:11:42 [3682/5100] episode 47504781755907: hp 62->58 | total wins 3317/3682
00:11:43 [3683/5100] episode 47504781755904: hp 46->28 | total wins 3318/3683
00:11:43 [3684/5100] episode 47504781756803: hp 54->39 | total wins 3319/3684
00:11:44 [3685/5100] episode 47504781755605: hp 72->47 | total wins 3320/3685
00:11:44 episode 47504781757704 skipped: replay diverged from the stored fight: 3, 0, 0, 1, 1, 0, 0, 3, 1, 0, 1, 0, 0], [5, 2, 0, 0, 1, 0, 0, 1, 1], [1, 0, 1, 0, 1, 0, 1, 0], [6]], "random_potions": true, "samples": [{"episode_id": 47504781757704000, "starting_hp": 43}], "teacher": {"leaf": "guided_rollo: fight_resample_worker: replayed fight didn't end after its stored actions
00:11:44 [3686/5100] episode 47504781757407: hp 57->9 | total wins 3321/3686
00:11:45 [3687/5100] episode 47504781757905: hp 45->18 | total wins 3322/3687
00:11:45 [3688/5100] episode 47504781756603: hp 75->20 | total wins 3323/3688
00:11:45 [3689/5100] episode 47504781756903: hp 63->39 | total wins 3324/3689
00:11:46 [3690/5100] episode 47504781757602: hp 58->30 | total wins 3325/3690
00:11:46 [3691/5100] episode 47504781757405: hp 62->9 | total wins 3326/3691
00:11:46 [3692/5100] episode 47504781754704: hp 57->32 | total wins 3327/3692
00:11:46 [3693/5100] episode 47504781758601: hp 30->lost | total wins 3327/3693
00:11:46 [3694/5100] episode 47504781758704: hp 75->62 | total wins 3328/3694
00:11:46 [3695/5100] episode 47504781758404: hp 58->46 | total wins 3329/3695
00:11:47 [3696/5100] episode 47504781759805: hp 26->16 | total wins 3330/3696
00:11:47 [3697/5100] episode 47504781754904: hp 68->29 | total wins 3331/3697
00:11:47 [3698/5100] episode 47504781759904: hp 52->24 | total wins 3332/3698
00:11:47 [3699/5100] episode 47504781755705: hp 61->5 | total wins 3333/3699
00:11:48 [3700/5100] episode 47504781755403: hp 54->24 | total wins 3334/3700
00:11:48 [3701/5100] episode 47504781761403: hp 45->29 | total wins 3335/3701
00:11:49 [3702/5100] episode 47504781761706: hp 36->6 | total wins 3336/3702
00:11:49 [3703/5100] episode 47504781757907: hp 47->37 | total wins 3337/3703
00:11:49 [3704/5100] episode 47504781761805: hp 75->43 | total wins 3338/3704
00:11:50 [3705/5100] episode 47504781760708: hp 41->26 | total wins 3339/3705
00:11:50 [3706/5100] episode 47504781760903: hp 75->32 | total wins 3340/3706
00:11:50 [3707/5100] episode 47504781760402: hp 70->30 | total wins 3341/3707
00:11:51 [3708/5100] episode 47504781764406: hp 47->23 | total wins 3342/3708
00:11:51 [3709/5100] episode 47504781760904: hp 19->lost | total wins 3342/3709
00:11:52 [3710/5100] episode 47504781763604: hp 64->62 | total wins 3343/3710
00:11:52 [3711/5100] episode 47504781764805: hp 43->27 | total wins 3344/3711
00:11:52 [3712/5100] episode 47504781756405: hp 60->34 | total wins 3345/3712
00:11:52 [3713/5100] episode 47504781759905: hp 51->37 | total wins 3346/3713
00:11:53 [3714/5100] episode 47504781762402: hp 39->10 | total wins 3347/3714
00:11:53 [3715/5100] episode 47504781762803: hp 75->63 | total wins 3348/3715
00:11:53 [3716/5100] episode 47504781762602: hp 75->45 | total wins 3349/3716
00:11:54 [3717/5100] episode 47504781766405: hp 22->11 | total wins 3350/3717
00:11:54 [3718/5100] episode 47504781762906: hp 47->1 | total wins 3351/3718
00:11:55 [3719/5100] episode 47504781765402: hp 63->30 | total wins 3352/3719
00:11:55 [3720/5100] episode 47504781765704: hp 58->38 | total wins 3353/3720
00:11:55 [3721/5100] episode 47504781766903: hp 75->55 | total wins 3354/3721
00:11:56 [3722/5100] episode 47504781766802: hp 59->45 | total wins 3355/3722
00:11:56 [3723/5100] episode 47504781765603: hp 48->21 | total wins 3356/3723
00:11:57 [3724/5100] episode 47504781759604: hp 63->34 | total wins 3357/3724
00:11:57 [3725/5100] episode 47504781766704: hp 49->lost | total wins 3357/3725
00:11:57 [3726/5100] episode 47504781766402: hp 67->46 | total wins 3358/3726
00:11:58 [3727/5100] episode 47504781765903: hp 75->50 | total wins 3359/3727
00:11:58 [3728/5100] episode 47504781765403: hp 39->13 | total wins 3360/3728
00:11:59 [3729/5100] episode 47504781767805: hp 32->12 | total wins 3361/3729
00:11:59 [3730/5100] episode 47504781768603: hp 42->30 | total wins 3362/3730
00:12:00 [3731/5100] episode 47504781767903: hp 56->2 | total wins 3363/3731
00:12:00 [3732/5100] episode 47504781764804: hp 63->43 | total wins 3364/3732
00:12:00 [3733/5100] episode 47504781765708: hp 54->24 | total wins 3365/3733
00:12:00 [3734/5100] episode 47504781769404: hp 75->63 | total wins 3366/3734
00:12:01 [3735/5100] episode 47504781768702: hp 49->lost | total wins 3366/3735
00:12:01 [3736/5100] episode 47504781768602: hp 69->34 | total wins 3367/3736
00:12:02 [3737/5100] episode 47504781768803: hp 75->34 | total wins 3368/3737
00:12:02 [3738/5100] episode 47504781770601: hp 63->21 | total wins 3369/3738
00:12:03 [3739/5100] episode 47504781770704: hp 53->53 | total wins 3370/3739
00:12:03 [3740/5100] episode 47504781767803: hp 63->18 | total wins 3371/3740
00:12:04 [3741/5100] episode 47504781768404: hp 56->43 | total wins 3372/3741
00:12:04 [3742/5100] episode 47504781769602: hp 71->31 | total wins 3373/3742
00:12:06 [3743/5100] episode 47504781769704: hp 58->33 | total wins 3374/3743
00:12:06 [3744/5100] episode 47504781767402: hp 67->35 | total wins 3375/3744
00:12:08 [3745/5100] episode 47504781767905: hp 27->5 | total wins 3376/3745
00:12:08 [3746/5100] episode 47504781770602: hp 25->lost | total wins 3376/3746
00:12:08 [3747/5100] episode 47504781770805: hp 59->42 | total wins 3377/3747
00:12:09 [3748/5100] episode 47504781771802: hp 71->30 | total wins 3378/3748
00:12:09 [3749/5100] episode 47504781771405: hp 53->24 | total wins 3379/3749
00:12:10 [3750/5100] episode 47504781772403: hp 60->41 | total wins 3380/3750
00:12:10 [3751/5100] episode 47504781770705: hp 55->55 | total wins 3381/3751
00:12:10 [3752/5100] episode 47504781772605: hp 45->24 | total wins 3382/3752
00:12:10 [3753/5100] episode 47504781771704: hp 32->21 | total wins 3383/3753
00:12:10 [3754/5100] episode 47504781770405: hp 75->55 | total wins 3384/3754
00:12:10 [3755/5100] episode 47504781772803: hp 52->26 | total wins 3385/3755
00:12:11 [3756/5100] episode 47504781773405: hp 34->4 | total wins 3386/3756
00:12:11 [3757/5100] episode 47504781774603: hp 75->73 | total wins 3387/3757
00:12:11 [3758/5100] episode 47504781771804: hp 50->12 | total wins 3388/3758
00:12:11 [3759/5100] episode 47504781772901: hp 71->49 | total wins 3389/3759
00:12:11 [3760/5100] episode 47504781773803: hp 45->8 | total wins 3390/3760
00:12:12 [3761/5100] episode 47504781770902: hp 68->lost | total wins 3390/3761
00:12:12 [3762/5100] episode 47504781774805: hp 16->lost | total wins 3390/3762
00:12:14 [3763/5100] episode 47504781775404: hp 83->68 | total wins 3391/3763
00:12:14 [3764/5100] episode 47504781775605: hp 26->lost | total wins 3391/3764
00:12:14 [3765/5100] episode 47504781774904: hp 41->16 | total wins 3392/3765
00:12:14 [3766/5100] episode 47504781774906: hp 35->8 | total wins 3393/3766
00:12:14 [3767/5100] episode 47504781774705: hp 49->19 | total wins 3394/3767
00:12:14 episode 47504781776905 skipped: replay diverged from the stored fight: 5, 2, 2, 0, 0, 0, 0, 1, 1], [1, 0, 0, 0, 2, 1], [0, 2, 1, 1, 0, 2, 1, 0, 1, 1], [5], [7, 1, 0, 0, 0, 0, 0]], "random_potions": true, "samples": [{"episode_id": 47504781776905000, "starting_hp": 75}], "teacher": {"leaf": "guid: fight_resample_worker: replayed fight didn't end after its stored actions
00:12:14 [3768/5100] episode 47504781774607: hp 53->53 | total wins 3395/3768
00:12:15 [3769/5100] episode 47504781775902: hp 60->45 | total wins 3396/3769
00:12:15 [3770/5100] episode 47504781773703: hp 47->23 | total wins 3397/3770
00:12:15 [3771/5100] episode 47504781774604: hp 62->53 | total wins 3398/3771
00:12:15 [3772/5100] episode 47504781771702: hp 63->29 | total wins 3399/3772
00:12:17 [3773/5100] episode 47504781775903: hp 54->38 | total wins 3400/3773
00:12:17 [3774/5100] episode 47504781776804: hp 42->2 | total wins 3401/3774
00:12:18 [3775/5100] episode 47504781778602: hp 62->46 | total wins 3402/3775
00:12:18 [3776/5100] episode 47504781778403: hp 34->2 | total wins 3403/3776
00:12:19 [3777/5100] episode 47504781777902: hp 55->5 | total wins 3404/3777
00:12:19 [3778/5100] episode 47504781774605: hp 57->57 | total wins 3405/3778
00:12:19 [3779/5100] episode 47504781778905: hp 75->65 | total wins 3406/3779
00:12:19 [3780/5100] episode 47504781777705: hp 55->31 | total wins 3407/3780
00:12:20 [3781/5100] episode 47504781778805: hp 50->34 | total wins 3408/3781
00:12:20 [3782/5100] episode 47504781776702: hp 31->17 | total wins 3409/3782
00:12:20 [3783/5100] episode 47504781777404: hp 58->30 | total wins 3410/3783
00:12:21 [3784/5100] episode 47504781780405: hp 48->46 | total wins 3411/3784
00:12:21 [3785/5100] episode 47504781776802: hp 75->45 | total wins 3412/3785
00:12:21 [3786/5100] episode 47504781781805: hp 19->2 | total wins 3413/3786
00:12:22 [3787/5100] episode 47504781777703: hp 75->34 | total wins 3414/3787
00:12:23 [3788/5100] episode 47504781782803: hp 50->34 | total wins 3415/3788
00:12:23 [3789/5100] episode 47504781777405: hp 62->27 | total wins 3416/3789
00:12:24 [3790/5100] episode 47504781778704: hp 59->39 | total wins 3417/3790
00:12:24 [3791/5100] episode 47504781782705: hp 40->5 | total wins 3418/3791
00:12:24 [3792/5100] episode 47504781780802: hp 74->54 | total wins 3419/3792
00:12:24 [3793/5100] episode 47504781780604: hp 45->21 | total wins 3420/3793
00:12:25 [3794/5100] episode 47504781783408: hp 72->47 | total wins 3421/3794
00:12:25 [3795/5100] episode 47504781778803: hp 71->56 | total wins 3422/3795
00:12:26 [3796/5100] episode 47504781781404: hp 27->lost | total wins 3422/3796
00:12:26 [3797/5100] episode 47504781783805: hp 57->41 | total wins 3423/3797
00:12:26 [3798/5100] episode 47504781780402: hp 59->14 | total wins 3424/3798
00:12:27 [3799/5100] episode 47504781783406: hp 55->40 | total wins 3425/3799
00:12:28 [3800/5100] episode 47504781783603: hp 66->46 | total wins 3426/3800
00:12:29 [3801/5100] episode 47504781783605: hp 68->51 | total wins 3427/3801
00:12:30 [3802/5100] episode 47504781784602: hp 42->11 | total wins 3428/3802
00:12:30 [3803/5100] episode 47504781785704: hp 34->24 | total wins 3429/3803
00:12:30 [3804/5100] episode 47504781784802: hp 43->lost | total wins 3429/3804
00:12:31 [3805/5100] episode 47504781784903: hp 75->40 | total wins 3430/3805
00:12:31 [3806/5100] episode 47504781783803: hp 40->lost | total wins 3430/3806
00:12:31 [3807/5100] episode 47504781784905: hp 48->27 | total wins 3431/3807
00:12:32 [3808/5100] episode 47504781784603: hp 50->1 | total wins 3432/3808
00:12:32 [3809/5100] episode 47504781785903: hp 56->lost | total wins 3432/3809
00:12:33 [3810/5100] episode 47504781786404: hp 52->42 | total wins 3433/3810
00:12:35 [3811/5100] episode 47504781786604: hp 39->9 | total wins 3434/3811
00:12:35 [3812/5100] episode 47504781783702: hp 59->34 | total wins 3435/3812
00:12:35 [3813/5100] episode 47504781786902: hp 46->lost | total wins 3435/3813
00:12:36 [3814/5100] episode 47504781788704: hp 15->lost | total wins 3435/3814
00:12:36 [3815/5100] episode 47504781779403: hp 69->9 | total wins 3436/3815
00:12:36 [3816/5100] episode 47504781788902: hp 61->38 | total wins 3437/3816
00:12:38 [3817/5100] episode 47504781789703: hp 60->50 | total wins 3438/3817
00:12:38 [3818/5100] episode 47504781787403: hp 44->lost | total wins 3438/3818
00:12:38 [3819/5100] episode 47504781786903: hp 44->10 | total wins 3439/3819
00:12:39 [3820/5100] episode 47504781790705: hp 25->11 | total wins 3440/3820
00:12:39 [3821/5100] episode 47504781789803: hp 75->56 | total wins 3441/3821
00:12:40 [3822/5100] episode 47504781787904: hp 55->42 | total wins 3442/3822
00:12:42 [3823/5100] episode 47504781786603: hp 51->36 | total wins 3443/3823
00:12:42 [3824/5100] episode 47504781789402: hp 60->35 | total wins 3444/3824
00:12:43 [3825/5100] episode 47504781791803: hp 75->43 | total wins 3445/3825
00:12:43 [3826/5100] episode 47504781786704: hp 54->lost | total wins 3445/3826
00:12:43 episode 47504781792402 skipped: replay diverged from the stored fight: 2, 2, 4, 3, 2, 2, 1, 2, 1, 0, 0, 2, 1, 0, 0, 0, 0, 1], [3]], "random_potions": true, "samples": [{"episode_id": 47504781792402000, "starting_hp": 54}], "teacher": {"leaf": "guided_rollout", "simulations": 20000, "oracle": fal: fight_resample_worker: replayed fight didn't end after its stored actions
00:12:44 [3827/5100] episode 47504781787803: hp 75->50 | total wins 3446/3827
00:12:45 [3828/5100] episode 47504781791904: hp 42->8 | total wins 3447/3828
00:12:45 [3829/5100] episode 47504781783902: hp 75->9 | total wins 3448/3829
00:12:46 [3830/5100] episode 47504781791406: hp 59->28 | total wins 3449/3830
00:12:46 [3831/5100] episode 47504781792902: hp 64->45 | total wins 3450/3831
00:12:47 [3832/5100] episode 47504781792702: hp 34->17 | total wins 3451/3832
00:12:47 [3833/5100] episode 47504781790801: hp 50->34 | total wins 3452/3833
00:12:48 [3834/5100] episode 47504781790703: hp 75->10 | total wins 3453/3834
00:12:48 [3835/5100] episode 47504781793604: hp 48->16 | total wins 3454/3835
00:12:48 [3836/5100] episode 47504781787703: hp 72->42 | total wins 3455/3836
00:12:49 [3837/5100] episode 47504781793807: hp 81->56 | total wins 3456/3837
00:12:50 [3838/5100] episode 47504781791602: hp 75->17 | total wins 3457/3838
00:12:50 [3839/5100] episode 47504781794703: hp 75->43 | total wins 3458/3839
00:12:50 [3840/5100] episode 47504781791402: hp 75->32 | total wins 3459/3840
00:12:50 [3841/5100] episode 47504781795403: hp 53->22 | total wins 3460/3841
00:12:50 [3842/5100] episode 47504781794602: hp 75->43 | total wins 3461/3842
00:12:51 [3843/5100] episode 47504781795603: hp 29->5 | total wins 3462/3843
00:12:51 episode 47504781796603 skipped: replay diverged from the stored fight: 0, 2, 0, 0, 0, 0, 0, 1], [0, 1, 1, 1, 1, 0, 0, 0], [7]], "random_potions": true, "samples": [{"episode_id": 47504781796603000, "starting_hp": 54}], "teacher": {"leaf": "guided_rollout", "simulations": 20000, "oracle": false, : fight_resample_worker: replayed fight didn't end after its stored actions
00:12:51 [3844/5100] episode 47504781792802: hp 51->19 | total wins 3463/3844
00:12:51 [3845/5100] episode 47504781796403: hp 56->41 | total wins 3464/3845
00:12:52 [3846/5100] episode 47504781793905: hp 54->44 | total wins 3465/3846
00:12:52 [3847/5100] episode 47504781792903: hp 56->15 | total wins 3466/3847
00:12:52 [3848/5100] episode 47504781791905: hp 56->6 | total wins 3467/3848
00:12:52 episode 47504781797704 skipped: replay diverged from the stored fight: 2, 1, 1, 0, 4, 3, 0, 0, 2, 2, 1, 0, 0, 0], [5, 5, 3, 0, 3, 3, 1], [6, 2, 0, 5, 31, 0, 2, 0, 0, 0, 0, 0, 1, 0, 0, 0], [5]], "random_potions": true, "samples": [{"episode_id": 47504781797704000, "starting_hp": 59}], "teacher": : fight_resample_worker: replayed fight didn't end after its stored actions
00:12:53 [3849/5100] episode 47504781796704: hp 23->lost | total wins 3467/3849
00:12:53 [3850/5100] episode 47504781793704: hp 50->lost | total wins 3467/3850
00:12:53 [3851/5100] episode 47504781797804: hp 22->lost | total wins 3467/3851
00:12:54 [3852/5100] episode 47504781795803: hp 71->31 | total wins 3468/3852
00:12:54 [3853/5100] episode 47504781795605: hp 54->13 | total wins 3469/3853
00:12:54 episode 47504781798803 skipped: replay diverged from the stored fight: ns": [[1, 0, 0, 1, 1, 2, 1, 1, 1, 0, 0, 1], [1, 3, 1, 0, 0, 0, 0], [1, 1, 4, 0, 2, 5, 1, 1, 1, 4, 2]], "random_potions": true, "samples": [{"episode_id": 47504781798803000, "starting_hp": 64}], "teacher": {"leaf": "guided_rollout", : fight_resample_worker: stored actions don't fit the replayed fight
00:12:55 [3854/5100] episode 47504781796803: hp 62->49 | total wins 3470/3854
00:12:56 [3855/5100] episode 47504781795804: hp 41->7 | total wins 3471/3855
00:12:56 episode 47504781799602 skipped: replay diverged from the stored fight: 1, 0, 1, 0, 4, 0], [8]], "random_potions": true, "samples": [{"episode_id": 47504781799602000, "starting_hp": 75}], "teacher": {"leaf": "guided_rollout", "simulations": 20000, "oracle": false, "random_move": false, "particles: fight_resample_worker: replayed fight didn't end after its stored actions
00:12:56 episode 47504781799603 skipped: replay diverged from the stored fight: 1, 0, 1, 0, 4, 0], [8], [0, 0, 0, 0, 0, 0, 1, 1, 1, 1, 0, 0, 0, 0]], "random_potions": true, "samples": [{"episode_id": 47504781799603000, "starting_hp": 55}], "teacher": {"leaf": "guided_rollout", "simulations": 20000, "orac: fight_resample_worker: replayed fight didn't end after its stored actions
00:12:57 [3856/5100] episode 47504781797602: hp 75->35 | total wins 3472/3856
00:12:57 [3857/5100] episode 47504781798905: hp 36->23 | total wins 3473/3857
00:12:57 [3858/5100] episode 47504781798902: hp 57->27 | total wins 3474/3858
00:12:57 [3859/5100] episode 47504781797803: hp 74->22 | total wins 3475/3859
00:12:59 [3860/5100] episode 47504781796903: hp 63->lost | total wins 3475/3860
00:12:59 [3861/5100] episode 47504781798601: hp 75->25 | total wins 3476/3861
00:12:59 [3862/5100] episode 47504781799904: hp 52->21 | total wins 3477/3862
00:13:00 [3863/5100] episode 47504781796703: hp 71->2 | total wins 3478/3863
00:13:00 [3864/5100] episode 47504781800802: hp 17->lost | total wins 3478/3864
00:13:01 [3865/5100] episode 47504781800706: hp 15->10 | total wins 3479/3865
00:13:01 [3866/5100] episode 47504781796405: hp 36->lost | total wins 3479/3866
00:13:01 [3867/5100] episode 47504781800704: hp 51->14 | total wins 3480/3867
00:13:01 [3868/5100] episode 47504781798603: hp 66->41 | total wins 3481/3868
00:13:01 [3869/5100] episode 47504781800703: hp 69->27 | total wins 3482/3869
00:13:01 episode 47504781802705 skipped: replay diverged from the stored fight: ns": [[1, 3, 0, 0, 1, 1, 0, 0, 1, 0, 0, 1], [6, 4, 1, 0, 0, 3, 0, 1, 1, 0, 0, 1, 2, 0, 0, 3, 0, 0, 2, 1, 0, 0, 2, 2], [2, 2, 1, 0, 0, 0, 1, 1, 0, 1, 2, 1, 1, 4], [4, 2, 2, 1], [1, 1, 2, 2, 4, 2, 0, 0, 2]], "random_potions": true, "s: fight_resample_worker: stored actions don't fit the replayed fight
00:13:02 [3870/5100] episode 47504781801705: hp 60->56 | total wins 3483/3870
00:13:02 [3871/5100] episode 47504781800402: hp 47->9 | total wins 3484/3871
00:13:03 [3872/5100] episode 47504781799803: hp 71->38 | total wins 3485/3872
00:13:03 [3873/5100] episode 47504781801605: hp 52->32 | total wins 3486/3873
00:13:03 episode 47504781803704 skipped: replay diverged from the stored fight: 0, 0, 0, 1, 1, 0, 0, 0, 0, 1], [1, 2, 1, 1, 3, 1, 0, 1, 1, 0], [0, 1, 1, 2, 2, 2, 1, 2, 1], [6]], "random_potions": true, "samples": [{"episode_id": 47504781803704000, "starting_hp": 71}], "teacher": {"leaf": "guided_rollout": fight_resample_worker: replayed fight didn't end after its stored actions
00:13:03 episode 47504781803707 skipped: replay diverged from the stored fight: 0, 0, 0, 1, 1, 0, 0, 0, 0, 1], [1, 2, 1, 1, 3, 1, 0, 1, 1, 0], [0, 1, 1, 2, 2, 2, 1, 2, 1], [6], [0, 1, 1, 1, 3, 1, 1, 2, 4, 2, 0, 0, 0, 1, 0, 1, 2, 0, 3, 0, 0, 1, 0, 0, 0, 2, 0, 1, 0], [3, 0, 3, 0, 6, 5, 3, 0, 3, 0, 0, 2, 1,: fight_resample_worker: replayed fight didn't end after its stored actions
00:13:04 [3874/5100] episode 47504781802903: hp 59->43 | total wins 3487/3874
00:13:04 [3875/5100] episode 47504781803401: hp 59->36 | total wins 3488/3875
00:13:05 [3876/5100] episode 47504781802806: hp 65->50 | total wins 3489/3876
00:13:05 [3877/5100] episode 47504781798705: hp 70->42 | total wins 3490/3877
00:13:05 [3878/5100] episode 47504781799902: hp 65->38 | total wins 3491/3878
00:13:05 [3879/5100] episode 47504781803904: hp 58->42 | total wins 3492/3879
00:13:06 [3880/5100] episode 47504781802701: hp 60->44 | total wins 3493/3880
00:13:06 [3881/5100] episode 47504781804603: hp 75->75 | total wins 3494/3881
00:13:06 [3882/5100] episode 47504781803803: hp 33->5 | total wins 3495/3882
00:13:06 [3883/5100] episode 47504781804905: hp 64->48 | total wins 3496/3883
00:13:06 [3884/5100] episode 47504781803903: hp 70->43 | total wins 3497/3884
00:13:07 [3885/5100] episode 47504781805903: hp 51->35 | total wins 3498/3885
00:13:07 [3886/5100] episode 47504781801403: hp 79->69 | total wins 3499/3886
00:13:07 [3887/5100] episode 47504781801803: hp 65->53 | total wins 3500/3887
00:13:09 [3888/5100] episode 47504781802803: hp 47->22 | total wins 3501/3888
00:13:09 [3889/5100] episode 47504781804406: hp 45->40 | total wins 3502/3889
00:13:09 [3890/5100] episode 47504781805702: hp 70->55 | total wins 3503/3890
00:13:10 [3891/5100] episode 47504781806602: hp 40->lost | total wins 3503/3891
00:13:11 [3892/5100] episode 47504781808603: hp 50->34 | total wins 3504/3892
00:13:11 episode 47504781808803 skipped: replay diverged from the stored fight: 1, 1, 0, 1, 0, 0, 1, 0, 1, 1], [4], [0, 2, 0, 0, 1, 7, 1, 1, 1, 1]], "random_potions": true, "samples": [{"episode_id": 47504781808803000, "starting_hp": 75}], "teacher": {"leaf": "guided_rollout", "simulations": 20000, "orac: fight_resample_worker: replayed fight didn't end after its stored actions
00:13:11 episode 47504781808804 skipped: replay diverged from the stored fight: 1, 1, 0, 1, 0, 0, 1, 0, 1, 1], [4], [0, 2, 0, 0, 1, 7, 1, 1, 1, 1], [5, 1, 2, 2, 1, 0, 1, 0, 1, 2, 2, 1, 1, 2, 4, 0, 1, 1]], "random_potions": true, "samples": [{"episode_id": 47504781808804000, "starting_hp": 37}], "teacher": fight_resample_worker: replayed fight didn't end after its stored actions
00:13:11 [3893/5100] episode 47504781808402: hp 57->37 | total wins 3505/3893
00:13:11 episode 47504781808905 skipped: replay diverged from the stored fight: 1, 0, 0, 2, 0, 1, 0, 1], [1, 1, 0, 2, 0, 0, 0, 4, 0], [0, 0, 1, 2, 1, 0, 1, 0, 0, 0, 0, 1, 0, 0, 0, 1], [0, 0, 0, 0, 1], [5]], "random_potions": true, "samples": [{"episode_id": 47504781808905000, "starting_hp": 42}], "teache: fight_resample_worker: replayed fight didn't end after its stored actions
00:13:11 [3894/5100] episode 47504781805904: hp 54->19 | total wins 3506/3894
00:13:12 [3895/5100] episode 47504781806701: hp 59->lost | total wins 3506/3895
00:13:13 [3896/5100] episode 47504781805803: hp 56->36 | total wins 3507/3896
00:13:13 episode 47504781810603 skipped: replay diverged from the stored fight: 4, 4, 0, 0, 1, 2, 0, 0, 0, 1, 0, 0, 1, 1], [0, 1, 1, 0, 0, 1, 2, 0, 1, 2], [4]], "random_potions": true, "samples": [{"episode_id": 47504781810603000, "starting_hp": 60}], "teacher": {"leaf": "guided_rollout", "simulations": : fight_resample_worker: replayed fight didn't end after its stored actions
00:13:13 [3897/5100] episode 47504781808902: hp 40->5 | total wins 3508/3897
00:13:13 [3898/5100] episode 47504781809906: hp 36->6 | total wins 3509/3898
00:13:14 [3899/5100] episode 47504781807607: hp 44->34 | total wins 3510/3899
00:13:14 [3900/5100] episode 47504781801406: hp 87->70 | total wins 3511/3900
00:13:16 [3901/5100] episode 47504781811906: hp 57->43 | total wins 3512/3901
00:13:16 [3902/5100] episode 47504781809703: hp 75->48 | total wins 3513/3902
00:13:17 [3903/5100] episode 47504781806902: hp 75->lost | total wins 3513/3903
00:13:18 [3904/5100] episode 47504781811605: hp 67->54 | total wins 3514/3904
00:13:18 [3905/5100] episode 47504781805404: hp 69->38 | total wins 3515/3905
00:13:19 [3906/5100] episode 47504781813404: hp 60->32 | total wins 3516/3906
00:13:19 [3907/5100] episode 47504781813604: hp 72->62 | total wins 3517/3907
00:13:20 [3908/5100] episode 47504781810403: hp 50->17 | total wins 3518/3908
00:13:21 [3909/5100] episode 47504781813902: hp 38->lost | total wins 3518/3909
00:13:21 [3910/5100] episode 47504781812703: hp 66->31 | total wins 3519/3910
00:13:22 [3911/5100] episode 47504781811406: hp 40->5 | total wins 3520/3911
00:13:23 [3912/5100] episode 47504781814604: hp 39->16 | total wins 3521/3912
00:13:24 [3913/5100] episode 47504781806403: hp 55->40 | total wins 3522/3913
00:13:25 [3914/5100] episode 47504781814703: hp 75->44 | total wins 3523/3914
00:13:25 [3915/5100] episode 47504781814905: hp 48->23 | total wins 3524/3915
00:13:25 [3916/5100] episode 47504781812704: hp 53->9 | total wins 3525/3916
00:13:26 [3917/5100] episode 47504781815603: hp 72->50 | total wins 3526/3917
00:13:26 episode 47504781816603 skipped: replay diverged from the stored fight: ns": [[0, 0, 0, 2, 2, 0], [8, 0, 1, 0, 0, 1, 1], [1, 1, 1, 0, 0, 0, 0, 1, 0, 0, 0, 1, 1]], "random_potions": true, "samples": [{"episode_id": 47504781816603000, "starting_hp": 49}], "teacher": {"leaf": "guided_rollout", "simulations: fight_resample_worker: stored actions don't fit the replayed fight
00:13:26 [3918/5100] episode 47504781814903: hp 61->36 | total wins 3527/3918
00:13:26 [3919/5100] episode 47504781813803: hp 72->36 | total wins 3528/3919
00:13:26 [3920/5100] episode 47504781816602: hp 51->13 | total wins 3529/3920
00:13:27 [3921/5100] episode 47504781813403: hp 73->25 | total wins 3530/3921
00:13:27 [3922/5100] episode 47504781813603: hp 75->45 | total wins 3531/3922
00:13:27 [3923/5100] episode 47504781815604: hp 66->49 | total wins 3532/3923
00:13:27 episode 47504781818603 skipped: replay diverged from the stored fight: ns": [[5, 4, 1, 0, 0, 0, 0, 0, 0], [0, 1, 0, 2, 1, 2, 1, 1, 0, 0, 0], [0, 0, 1, 1, 1, 1, 2, 2, 1]], "random_potions": true, "samples": [{"episode_id": 47504781818603000, "starting_hp": 69}], "teacher": {"leaf": "guided_rollout", "si: fight_resample_worker: stored actions don't fit the replayed fight
00:13:28 [3924/5100] episode 47504781816703: hp 67->32 | total wins 3533/3924
00:13:28 [3925/5100] episode 47504781816404: hp 46->46 | total wins 3534/3925
00:13:29 [3926/5100] episode 47504781808704: hp 63->38 | total wins 3535/3926
00:13:29 [3927/5100] episode 47504781816807: hp 75->63 | total wins 3536/3927
00:13:29 [3928/5100] episode 47504781818903: hp 68->36 | total wins 3537/3928
00:13:30 [3929/5100] episode 47504781817606: hp 54->34 | total wins 3538/3929
00:13:30 [3930/5100] episode 47504781818702: hp 66->6 | total wins 3539/3930
00:13:32 [3931/5100] episode 47504781817403: hp 35->lost | total wins 3539/3931
00:13:32 [3932/5100] episode 47504781818804: hp 36->6 | total wins 3540/3932
00:13:32 [3933/5100] episode 47504781818904: hp 58->10 | total wins 3541/3933
00:13:33 [3934/5100] episode 47504781814704: hp 55->lost | total wins 3541/3934
00:13:33 [3935/5100] episode 47504781818404: hp 71->23 | total wins 3542/3935
00:13:34 [3936/5100] episode 47504781819802: hp 68->34 | total wins 3543/3936
00:13:34 [3937/5100] episode 47504781816903: hp 62->34 | total wins 3544/3937
00:13:34 [3938/5100] episode 47504781819704: hp 53->37 | total wins 3545/3938
00:13:34 episode 47504781821603 skipped: replay diverged from the stored fight: ns": [[0, 0, 0, 0], [1, 0, 1, 3, 3, 1, 5, 0], [0, 0, 2, 1, 0, 2, 3, 3]], "random_potions": true, "samples": [{"episode_id": 47504781821603000, "starting_hp": 62}], "teacher": {"leaf": "guided_rollout", "simulations": 20000, "oracle": fight_resample_worker: stored actions don't fit the replayed fight
00:13:34 episode 47504781821604 skipped: replay diverged from the stored fight: ns": [[0, 0, 0, 0], [1, 0, 1, 3, 3, 1, 5, 0], [0, 0, 2, 1, 0, 2, 3, 3], [0, 1, 2, 1, 2, 2, 1, 1, 1, 1, 4, 1, 1, 2]], "random_potions": true, "samples": [{"episode_id": 47504781821604000, "starting_hp": 82}], "teacher": {"leaf": "gui: fight_resample_worker: stored actions don't fit the replayed fight
00:13:34 episode 47504781821606 skipped: replay diverged from the stored fight: ns": [[0, 0, 0, 0], [1, 0, 1, 3, 3, 1, 5, 0], [0, 0, 2, 1, 0, 2, 3, 3], [0, 1, 2, 1, 2, 2, 1, 1, 1, 1, 4, 1, 1, 2], [5, 5, 2, 1, 4, 2, 2, 1, 1, 1, 1, 2, 0, 0, 1, 2, 1, 0, 1, 1, 1], [7, 1, 2, 1]], "random_potions": true, "samples": [: fight_resample_worker: stored actions don't fit the replayed fight
00:13:35 [3939/5100] episode 47504781819905: hp 53->33 | total wins 3546/3939
00:13:35 [3940/5100] episode 47504781819402: hp 37->21 | total wins 3547/3940
00:13:35 [3941/5100] episode 47504781819605: hp 44->14 | total wins 3548/3941
00:13:36 [3942/5100] episode 47504781819703: hp 51->44 | total wins 3549/3942
00:13:36 [3943/5100] episode 47504781819805: hp 20->7 | total wins 3550/3943
00:13:36 episode 47504781822904 skipped: replay diverged from the stored fight: 0, 1, 0, 0, 0, 0, 1, 0, 0, 0, 1, 2, 1, 0, 1, 1], [3, 6, 0, 0, 1, 2, 1, 0, 0, 1], [1, 4, 2, 1, 0, 0, 0, 1, 0, 1], [7]], "random_potions": true, "samples": [{"episode_id": 47504781822904000, "starting_hp": 45}], "teacher": {"le: fight_resample_worker: replayed fight didn't end after its stored actions
00:13:36 [3944/5100] episode 47504781821407: hp 72->56 | total wins 3551/3944
00:13:36 [3945/5100] episode 47504781821702: hp 49->24 | total wins 3552/3945
00:13:36 [3946/5100] episode 47504781821404: hp 58->52 | total wins 3553/3946
00:13:37 [3947/5100] episode 47504781815704: hp 43->21 | total wins 3554/3947
00:13:37 [3948/5100] episode 47504781823905: hp 56->56 | total wins 3555/3948
00:13:37 [3949/5100] episode 47504781821906: hp 63->56 | total wins 3556/3949
00:13:38 [3950/5100] episode 47504781824703: hp 32->8 | total wins 3557/3950
00:13:38 [3951/5100] episode 47504781824802: hp 18->lost | total wins 3557/3951
00:13:39 [3952/5100] episode 47504781824404: hp 46->22 | total wins 3558/3952
00:13:39 [3953/5100] episode 47504781823801: hp 48->24 | total wins 3559/3953
00:13:39 episode 47504781825902 skipped: replay diverged from the stored fight: ns": [[1, 1, 0, 0, 1, 1, 2, 1, 1, 0, 1, 1], [0, 0, 1, 0, 1, 2, 0, 0, 1]], "random_potions": true, "samples": [{"episode_id": 47504781825902000, "starting_hp": 37}], "teacher": {"leaf": "guided_rollout", "simulations": 20000, "oracle: fight_resample_worker: stored actions don't fit the replayed fight
00:13:39 episode 47504781825903 skipped: replay diverged from the stored fight: ns": [[1, 1, 0, 0, 1, 1, 2, 1, 1, 0, 1, 1], [0, 0, 1, 0, 1, 2, 0, 0, 1], [4, 0, 2, 0, 0, 1, 0, 0, 0, 1, 1, 1, 1, 1, 1, 0, 1, 1, 1, 1, 1, 0, 0, 1, 1, 0, 0, 0, 1, 0, 0]], "random_potions": true, "samples": [{"episode_id": 475047818259: fight_resample_worker: stored actions don't fit the replayed fight
00:13:39 [3954/5100] episode 47504781821804: hp 75->56 | total wins 3560/3954
00:13:40 [3955/5100] episode 47504781824903: hp 63->52 | total wins 3561/3955
00:13:40 [3956/5100] episode 47504781820603: hp 51->lost | total wins 3561/3956
00:13:41 [3957/5100] episode 47504781825604: hp 72->72 | total wins 3562/3957
00:13:41 [3958/5100] episode 47504781825404: hp 50->25 | total wins 3563/3958
00:13:41 [3959/5100] episode 47504781826402: hp 61->20 | total wins 3564/3959
00:13:42 [3960/5100] episode 47504781823904: hp 60->50 | total wins 3565/3960
00:13:42 [3961/5100] episode 47504781826904: hp 49->33 | total wins 3566/3961
00:13:42 [3962/5100] episode 47504781827603: hp 75->49 | total wins 3567/3962
00:13:42 [3963/5100] episode 47504781826703: hp 34->2 | total wins 3568/3963
00:13:43 [3964/5100] episode 47504781825704: hp 25->25 | total wins 3569/3964
00:13:43 episode 47504781829403 skipped: replay diverged from the stored fight: ns": [[2, 3, 0, 0, 0, 0, 0, 0, 0], [0, 1, 1, 1, 1, 0, 1, 1, 2, 3, 2, 0], [2, 5, 1, 1, 1, 0, 0]], "random_potions": true, "samples": [{"episode_id": 47504781829403000, "starting_hp": 53}], "teacher": {"leaf": "guided_rollout", "simul: fight_resample_worker: stored actions don't fit the replayed fight
00:13:43 [3965/5100] episode 47504781827704: hp 61->29 | total wins 3570/3965
00:13:43 [3966/5100] episode 47504781824402: hp 75->20 | total wins 3571/3966
00:13:43 [3967/5100] episode 47504781819403: hp 41->15 | total wins 3572/3967
00:13:44 [3968/5100] episode 47504781827804: hp 51->48 | total wins 3573/3968
00:13:44 [3969/5100] episode 47504781829605: hp 75->60 | total wins 3574/3969
00:13:45 [3970/5100] episode 47504781829803: hp 67->67 | total wins 3575/3970
00:13:45 [3971/5100] episode 47504781829902: hp 48->10 | total wins 3576/3971
00:13:47 [3972/5100] episode 47504781822605: hp 75->67 | total wins 3577/3972
00:13:47 [3973/5100] episode 47504781828702: hp 72->37 | total wins 3578/3973
00:13:47 [3974/5100] episode 47504781830402: hp 49->9 | total wins 3579/3974
00:13:47 [3975/5100] episode 47504781830807: hp 46->21 | total wins 3580/3975
00:13:50 [3976/5100] episode 47504781827605: hp 64->51 | total wins 3581/3976
00:13:50 [3977/5100] episode 47504781831904: hp 33->18 | total wins 3582/3977
00:13:50 [3978/5100] episode 47504781831703: hp 28->26 | total wins 3583/3978
00:13:52 [3979/5100] episode 47504781832404: hp 49->37 | total wins 3584/3979
00:13:52 episode 47504781832805 skipped: replay diverged from the stored fight: ns": [[1, 0, 0, 0, 0, 1, 0, 1, 2, 0, 0, 0], [0, 0, 1, 0, 4, 3, 0, 0, 1, 1], [0, 0, 0, 0, 0, 0, 0, 0, 0, 0, 3, 1, 0, 0, 0, 0, 0, 2, 2, 0, 1, 1, 0, 0, 1], [0, 0, 2, 1, 1, 0, 1, 1, 1], [1, 2, 0, 0, 2, 2, 1, 0, 3, 1, 2, 0, 0, 2, 0, 1, 1: fight_resample_worker: stored actions don't fit the replayed fight
00:13:53 [3980/5100] episode 47504781832804: hp 38->2 | total wins 3585/3980
00:13:53 [3981/5100] episode 47504781828406: hp 80->40 | total wins 3586/3981
00:13:53 [3982/5100] episode 47504781832905: hp 33->lost | total wins 3586/3982
00:13:54 [3983/5100] episode 47504781832602: hp 56->32 | total wins 3587/3983
00:13:54 [3984/5100] episode 47504781833603: hp 28->lost | total wins 3587/3984
00:13:54 [3985/5100] episode 47504781828904: hp 51->33 | total wins 3588/3985
00:13:56 [3986/5100] episode 47504781832405: hp 42->24 | total wins 3589/3986
00:13:57 [3987/5100] episode 47504781833602: hp 75->20 | total wins 3590/3987
00:13:57 [3988/5100] episode 47504781830806: hp 73->49 | total wins 3591/3988
00:13:57 [3989/5100] episode 47504781834401: hp 75->40 | total wins 3592/3989
00:13:57 episode 47504781835604 skipped: replay diverged from the stored fight: ns": [[2, 2, 1, 0, 1, 1, 0, 1, 1, 0], [0, 0, 1, 0, 0, 0, 0, 1, 1, 0, 0, 0], [2, 2, 0, 0, 6, 2, 0, 0, 0, 0, 1, 0, 1], [0, 0, 1, 3, 1, 0, 1, 1, 0, 0, 1, 0]], "random_potions": true, "samples": [{"episode_id": 47504781835604000, "start: fight_resample_worker: stored actions don't fit the replayed fight
00:13:57 [3990/5100] episode 47504781833904: hp 42->lost | total wins 3592/3990
00:13:58 [3991/5100] episode 47504781832403: hp 48->17 | total wins 3593/3991
00:13:58 [3992/5100] episode 47504781827602: hp 71->26 | total wins 3594/3992
00:13:59 [3993/5100] episode 47504781832802: hp 69->22 | total wins 3595/3993
00:13:59 [3994/5100] episode 47504781834804: hp 62->62 | total wins 3596/3994
00:13:59 [3995/5100] episode 47504781835901: hp 67->31 | total wins 3597/3995
00:13:59 [3996/5100] episode 47504781835703: hp 45->44 | total wins 3598/3996
00:14:00 [3997/5100] episode 47504781835402: hp 21->lost | total wins 3598/3997
00:14:00 [3998/5100] episode 47504781836803: hp 65->33 | total wins 3599/3998
00:14:00 [3999/5100] episode 47504781830805: hp 47->32 | total wins 3600/3999
00:14:02 [4000/5100] episode 47504781836905: hp 58->38 | total wins 3601/4000
00:14:03 [4001/5100] episode 47504781837706: hp 35->5 | total wins 3602/4001
00:14:04 [4002/5100] episode 47504781834603: hp 58->5 | total wins 3603/4002
00:14:04 [4003/5100] episode 47504781838405: hp 75->37 | total wins 3604/4003
00:14:05 [4004/5100] episode 47504781837903: hp 51->36 | total wins 3605/4004
00:14:06 [4005/5100] episode 47504781838902: hp 45->12 | total wins 3606/4005
00:14:06 [4006/5100] episode 47504781836903: hp 48->lost | total wins 3606/4006
00:14:07 [4007/5100] episode 47504781833703: hp 70->55 | total wins 3607/4007
00:14:07 [4008/5100] episode 47504781838802: hp 30->lost | total wins 3607/4008
00:14:07 [4009/5100] episode 47504781837802: hp 74->57 | total wins 3608/4009
00:14:08 [4010/5100] episode 47504781840405: hp 46->45 | total wins 3609/4010
00:14:08 [4011/5100] episode 47504781838703: hp 54->39 | total wins 3610/4011
00:14:08 [4012/5100] episode 47504781838605: hp 75->56 | total wins 3611/4012
00:14:08 [4013/5100] episode 47504781839402: hp 57->11 | total wins 3612/4013
00:14:09 [4014/5100] episode 47504781840902: hp 56->40 | total wins 3613/4014
00:14:09 [4015/5100] episode 47504781840705: hp 48->48 | total wins 3614/4015
00:14:09 [4016/5100] episode 47504781838805: hp 68->66 | total wins 3615/4016
00:14:10 [4017/5100] episode 47504781840603: hp 56->37 | total wins 3616/4017
00:14:10 [4018/5100] episode 47504781836702: hp 62->50 | total wins 3617/4018
00:14:10 [4019/5100] episode 47504781836403: hp 75->7 | total wins 3618/4019
00:14:10 [4020/5100] episode 47504781833702: hp 75->43 | total wins 3619/4020
00:14:10 [4021/5100] episode 47504781840802: hp 70->50 | total wins 3620/4021
00:14:11 [4022/5100] episode 47504781842601: hp 62->16 | total wins 3621/4022
00:14:12 [4023/5100] episode 47504781844404: hp 36->1 | total wins 3622/4023
00:14:12 [4024/5100] episode 47504781840602: hp 78->53 | total wins 3623/4024
00:14:12 [4025/5100] episode 47504781843403: hp 75->34 | total wins 3624/4025
00:14:12 [4026/5100] episode 47504781839605: hp 75->45 | total wins 3625/4026
00:14:13 [4027/5100] episode 47504781843803: hp 75->50 | total wins 3626/4027
00:14:14 [4028/5100] episode 47504781844905: hp 24->4 | total wins 3627/4028
00:14:14 [4029/5100] episode 47504781843602: hp 31->lost | total wins 3627/4029
00:14:14 [4030/5100] episode 47504781845904: hp 19->18 | total wins 3628/4030
00:14:15 [4031/5100] episode 47504781845701: hp 40->lost | total wins 3628/4031
00:14:15 [4032/5100] episode 47504781844903: hp 71->36 | total wins 3629/4032
00:14:15 [4033/5100] episode 47504781843806: hp 63->59 | total wins 3630/4033
00:14:16 [4034/5100] episode 47504781841905: hp 38->25 | total wins 3631/4034
00:14:17 [4035/5100] episode 47504781841703: hp 46->17 | total wins 3632/4035
00:14:17 [4036/5100] episode 47504781846905: hp 23->17 | total wins 3633/4036
00:14:17 [4037/5100] episode 47504781846703: hp 75->55 | total wins 3634/4037
00:14:17 [4038/5100] episode 47504781846404: hp 75->50 | total wins 3635/4038
00:14:18 [4039/5100] episode 47504781842904: hp 33->20 | total wins 3636/4039
00:14:18 [4040/5100] episode 47504781847404: hp 75->63 | total wins 3637/4040
00:14:18 [4041/5100] episode 47504781848403: hp 55->39 | total wins 3638/4041
00:14:18 [4042/5100] episode 47504781847804: hp 42->26 | total wins 3639/4042
00:14:18 [4043/5100] episode 47504781846902: hp 74->29 | total wins 3640/4043
00:14:19 [4044/5100] episode 47504781847704: hp 61->40 | total wins 3641/4044
00:14:19 [4045/5100] episode 47504781849702: hp 60->60 | total wins 3642/4045
00:14:19 [4046/5100] episode 47504781846702: hp 75->48 | total wins 3643/4046
00:14:20 [4047/5100] episode 47504781847902: hp 39->4 | total wins 3644/4047
00:14:20 [4048/5100] episode 47504781849604: hp 43->43 | total wins 3645/4048
00:14:20 [4049/5100] episode 47504781841602: hp 75->40 | total wins 3646/4049
00:14:21 [4050/5100] episode 47504781847803: hp 62->38 | total wins 3647/4050
00:14:21 [4051/5100] episode 47504781849904: hp 36->51 | total wins 3648/4051
00:14:21 [4052/5100] episode 47504781848907: hp 75->45 | total wins 3649/4052
00:14:22 [4053/5100] episode 47504781848603: hp 75->59 | total wins 3650/4053
00:14:22 [4054/5100] episode 47504781848805: hp 48->25 | total wins 3651/4054
00:14:24 [4055/5100] episode 47504781850805: hp 65->46 | total wins 3652/4055
00:14:24 [4056/5100] episode 47504781849804: hp 12->lost | total wins 3652/4056
00:14:24 [4057/5100] episode 47504781850703: hp 43->lost | total wins 3652/4057
00:14:25 [4058/5100] episode 47504781846602: hp 75->26 | total wins 3653/4058
00:14:26 [4059/5100] episode 47504781852804: hp 35->35 | total wins 3654/4059
00:14:27 [4060/5100] episode 47504781850605: hp 69->37 | total wins 3655/4060
00:14:27 [4061/5100] episode 47504781852902: hp 38->lost | total wins 3655/4061
00:14:28 [4062/5100] episode 47504781849803: hp 47->32 | total wins 3656/4062
00:14:28 [4063/5100] episode 47504781851607: hp 68->56 | total wins 3657/4063
00:14:28 [4064/5100] episode 47504781851603: hp 75->50 | total wins 3658/4064
00:14:29 [4065/5100] episode 47504781854803: hp 47->41 | total wins 3659/4065
00:14:29 [4066/5100] episode 47504781852701: hp 54->9 | total wins 3660/4066
00:14:30 [4067/5100] episode 47504781853705: hp 33->29 | total wins 3661/4067
00:14:30 [4068/5100] episode 47504781854805: hp 40->17 | total wins 3662/4068
00:14:30 [4069/5100] episode 47504781851903: hp 68->43 | total wins 3663/4069
00:14:30 [4070/5100] episode 47504781853702: hp 30->lost | total wins 3663/4070
00:14:31 [4071/5100] episode 47504781855906: hp 47->31 | total wins 3664/4071
00:14:31 [4072/5100] episode 47504781855605: hp 28->35 | total wins 3665/4072
00:14:32 [4073/5100] episode 47504781855404: hp 67->32 | total wins 3666/4073
00:14:32 [4074/5100] episode 47504781854902: hp 46->34 | total wins 3667/4074
00:14:32 [4075/5100] episode 47504781853905: hp 58->58 | total wins 3668/4075
00:14:33 [4076/5100] episode 47504781856405: hp 24->8 | total wins 3669/4076
00:14:33 [4077/5100] episode 47504781855704: hp 54->56 | total wins 3670/4077
00:14:33 [4078/5100] episode 47504781857603: hp 4->lost | total wins 3670/4078
00:14:33 [4079/5100] episode 47504781857602: hp 73->43 | total wins 3671/4079
00:14:34 [4080/5100] episode 47504781857802: hp 75->59 | total wins 3672/4080
00:14:34 [4081/5100] episode 47504781855703: hp 70->28 | total wins 3673/4081
00:14:35 [4082/5100] episode 47504781854802: hp 75->8 | total wins 3674/4082
00:14:35 [4083/5100] episode 47504781854404: hp 60->20 | total wins 3675/4083
00:14:35 [4084/5100] episode 47504781858603: hp 75->40 | total wins 3676/4084
00:14:36 [4085/5100] episode 47504781857902: hp 44->19 | total wins 3677/4085
00:14:37 [4086/5100] episode 47504781858802: hp 75->75 | total wins 3678/4086
00:14:37 [4087/5100] episode 47504781858804: hp 82->66 | total wins 3679/4087
00:14:37 [4088/5100] episode 47504781855803: hp 75->49 | total wins 3680/4088
00:14:38 [4089/5100] episode 47504781857704: hp 66->52 | total wins 3681/4089
00:14:38 [4090/5100] episode 47504781859602: hp 27->6 | total wins 3682/4090
00:14:39 [4091/5100] episode 47504781856704: hp 46->6 | total wins 3683/4091
00:14:39 [4092/5100] episode 47504781856404: hp 38->25 | total wins 3684/4092
00:14:40 [4093/5100] episode 47504781858403: hp 67->42 | total wins 3685/4093
00:14:40 [4094/5100] episode 47504781859706: hp 61->54 | total wins 3686/4094
00:14:40 [4095/5100] episode 47504781859402: hp 56->24 | total wins 3687/4095
00:14:41 [4096/5100] episode 47504781858906: hp 69->58 | total wins 3688/4096
00:14:41 [4097/5100] episode 47504781859906: hp 17->8 | total wins 3689/4097
00:14:42 [4098/5100] episode 47504781859404: hp 47->27 | total wins 3690/4098
00:14:42 [4099/5100] episode 47504781859604: hp 64->34 | total wins 3691/4099
00:14:43 [4100/5100] episode 47504781860803: hp 41->5 | total wins 3692/4100
00:14:43 [4101/5100] episode 47504781858703: hp 75->49 | total wins 3693/4101
00:14:43 [4102/5100] episode 47504781856804: hp 75->71 | total wins 3694/4102
00:14:44 [4103/5100] episode 47504781860604: hp 57->37 | total wins 3695/4103
00:14:44 [4104/5100] episode 47504781861703: hp 50->15 | total wins 3696/4104
00:14:45 [4105/5100] episode 47504781860903: hp 58->lost | total wins 3696/4105
00:14:45 [4106/5100] episode 47504781862704: hp 43->23 | total wins 3697/4106
00:14:46 [4107/5100] episode 47504781862403: hp 57->33 | total wins 3698/4107
00:14:47 [4108/5100] episode 47504781860405: hp 44->9 | total wins 3699/4108
00:14:47 [4109/5100] episode 47504781863703: hp 74->25 | total wins 3700/4109
00:14:47 episode 47504781864704 skipped: replay diverged from the stored fight: ns": [[1, 2, 0, 1, 0, 1, 1, 0, 0, 1, 0, 0, 0, 1, 1], [1, 2, 0, 0, 1, 1, 0, 0, 1], [1, 0, 0, 1, 0, 1, 1, 1, 2], [2, 3, 0, 2, 4, 0, 1, 0, 1, 1, 1]], "random_potions": true, "samples": [{"episode_id": 47504781864704000, "starting_hp": : fight_resample_worker: stored actions don't fit the replayed fight
00:14:47 [4110/5100] episode 47504781861904: hp 42->3 | total wins 3701/4110
00:14:47 [4111/5100] episode 47504781862604: hp 52->42 | total wins 3702/4111
00:14:48 [4112/5100] episode 47504781860404: hp 75->24 | total wins 3703/4112
00:14:48 [4113/5100] episode 47504781863805: hp 26->2 | total wins 3704/4113
00:14:49 [4114/5100] episode 47504781865602: hp 75->50 | total wins 3705/4114
00:14:49 [4115/5100] episode 47504781860904: hp 56->25 | total wins 3706/4115
00:14:49 [4116/5100] episode 47504781844703: hp 67->8 | total wins 3707/4116
00:14:50 [4117/5100] episode 47504781862803: hp 75->50 | total wins 3708/4117
00:14:50 [4118/5100] episode 47504781865604: hp 70->55 | total wins 3709/4118
00:14:51 [4119/5100] episode 47504781865803: hp 65->33 | total wins 3710/4119
00:14:52 [4120/5100] episode 47504781865403: hp 48->1 | total wins 3711/4120
00:14:52 [4121/5100] episode 47504781865705: hp 41->38 | total wins 3712/4121
00:14:52 [4122/5100] episode 47504781866803: hp 60->30 | total wins 3713/4122
00:14:52 [4123/5100] episode 47504781866403: hp 48->38 | total wins 3714/4123
00:14:52 [4124/5100] episode 47504781863403: hp 49->1 | total wins 3715/4124
00:14:52 [4125/5100] episode 47504781865703: hp 59->20 | total wins 3716/4125
00:14:52 [4126/5100] episode 47504781864403: hp 57->22 | total wins 3717/4126
00:14:53 [4127/5100] episode 47504781867602: hp 54->38 | total wins 3718/4127
00:14:55 [4128/5100] episode 47504781864404: hp 41->lost | total wins 3718/4128
00:14:56 [4129/5100] episode 47504781867403: hp 69->39 | total wins 3719/4129
00:14:56 [4130/5100] episode 47504781869406: hp 42->26 | total wins 3720/4130
00:14:58 [4131/5100] episode 47504781868703: hp 49->37 | total wins 3721/4131
00:15:00 [4132/5100] episode 47504781869903: hp 45->60 | total wins 3722/4132
00:15:00 [4133/5100] episode 47504781865603: hp 38->10 | total wins 3723/4133
00:15:02 [4134/5100] episode 47504781867902: hp 73->1 | total wins 3724/4134
00:15:02 [4135/5100] episode 47504781868702: hp 63->14 | total wins 3725/4135
00:15:02 [4136/5100] episode 47504781871602: hp 82->44 | total wins 3726/4136
00:15:02 [4137/5100] episode 47504781869802: hp 73->15 | total wins 3727/4137
00:15:03 [4138/5100] episode 47504781869805: hp 31->3 | total wins 3728/4138
00:15:04 [4139/5100] episode 47504781872404: hp 63->25 | total wins 3729/4139
00:15:04 episode 47504781873404 skipped: replay diverged from the stored fight: ns": [[1, 2, 0, 2, 2, 1, 1, 1, 1, 0, 0, 0, 0, 0, 2, 1], [0, 2, 1, 0, 4, 1, 0, 0, 3, 0, 1, 1, 0, 0, 0, 0], [0, 3, 3, 5, 1, 6, 3, 1, 0, 9, 2, 1, 3, 2, 0, 1, 1, 1, 1, 2, 1, 2, 2, 0, 1, 0, 0], [1, 0, 0, 2, 1, 0, 1, 0, 1, 1, 1, 1]], "ran: fight_resample_worker: stored actions don't fit the replayed fight
00:15:04 [4140/5100] episode 47504781869905: hp 38->13 | total wins 3730/4140
00:15:04 episode 47504781873804 skipped: replay diverged from the stored fight: ns": [[1, 0, 1, 0, 0, 1, 0, 0, 0, 0, 0, 0, 0], [1, 1, 2, 0, 1, 0, 2, 0], [0, 0, 1, 1, 1, 1, 0, 1, 1, 0, 0, 1, 1, 0, 0, 1, 1, 1, 0, 1, 1, 1, 1, 2, 1, 2, 0, 1, 1, 2], [1, 1, 0, 2, 3, 0, 1, 2, 0, 4, 5, 0, 3, 1, 0, 1, 0, 3, 0, 1, 7, 3, : fight_resample_worker: stored actions don't fit the replayed fight
00:15:05 [4141/5100] episode 47504781867805: hp 75->51 | total wins 3731/4141
00:15:05 [4142/5100] episode 47504781873707: hp 53->37 | total wins 3732/4142
00:15:06 [4143/5100] episode 47504781872605: hp 46->lost | total wins 3732/4143
00:15:06 [4144/5100] episode 47504781870403: hp 75->5 | total wins 3733/4144
00:15:06 [4145/5100] episode 47504781864902: hp 52->lost | total wins 3733/4145
00:15:06 [4146/5100] episode 47504781874405: hp 41->25 | total wins 3734/4146
00:15:07 [4147/5100] episode 47504781872603: hp 75->12 | total wins 3735/4147
00:15:07 [4148/5100] episode 47504781869803: hp 52->20 | total wins 3736/4148
00:15:08 [4149/5100] episode 47504781870905: hp 30->8 | total wins 3737/4149
00:15:09 [4150/5100] episode 47504781875805: hp 17->lost | total wins 3737/4150
00:15:09 [4151/5100] episode 47504781874404: hp 44->10 | total wins 3738/4151
00:15:09 [4152/5100] episode 47504781875402: hp 75->56 | total wins 3739/4152
00:15:10 [4153/5100] episode 47504781874605: hp 75->66 | total wins 3740/4153
00:15:11 [4154/5100] episode 47504781875602: hp 48->8 | total wins 3741/4154
00:15:11 [4155/5100] episode 47504781876606: hp 36->36 | total wins 3742/4155
00:15:12 [4156/5100] episode 47504781875603: hp 47->2 | total wins 3743/4156
00:15:12 [4157/5100] episode 47504781873402: hp 63->37 | total wins 3744/4157
00:15:12 [4158/5100] episode 47504781875404: hp 42->52 | total wins 3745/4158
00:15:13 [4159/5100] episode 47504781878604: hp 65->49 | total wins 3746/4159
00:15:13 [4160/5100] episode 47504781876805: hp 55->47 | total wins 3747/4160
00:15:14 [4161/5100] episode 47504781878403: hp 65->57 | total wins 3748/4161
00:15:14 [4162/5100] episode 47504781871803: hp 75->45 | total wins 3749/4162
00:15:14 [4163/5100] episode 47504781876404: hp 75->55 | total wins 3750/4163
00:15:15 [4164/5100] episode 47504781876803: hp 51->11 | total wins 3751/4164
00:15:15 [4165/5100] episode 47504781878803: hp 74->59 | total wins 3752/4165
00:15:15 [4166/5100] episode 47504781876702: hp 66->6 | total wins 3753/4166
00:15:16 [4167/5100] episode 47504781879804: hp 75->59 | total wins 3754/4167
00:15:16 [4168/5100] episode 47504781879706: hp 30->30 | total wins 3755/4168
00:15:18 [4169/5100] episode 47504781879402: hp 61->21 | total wins 3756/4169
00:15:19 [4170/5100] episode 47504781879704: hp 37->2 | total wins 3757/4170
00:15:19 [4171/5100] episode 47504781878904: hp 47->lost | total wins 3757/4171
00:15:20 [4172/5100] episode 47504781880804: hp 74->63 | total wins 3758/4172
00:15:20 [4173/5100] episode 47504781877703: hp 49->31 | total wins 3759/4173
00:15:21 [4174/5100] episode 47504781880701: hp 50->30 | total wins 3760/4174
00:15:22 [4175/5100] episode 47504781879604: hp 59->44 | total wins 3761/4175
00:15:22 [4176/5100] episode 47504781879703: hp 72->12 | total wins 3762/4176
00:15:22 [4177/5100] episode 47504781881605: hp 55->48 | total wins 3763/4177
00:15:23 [4178/5100] episode 47504781880703: hp 51->36 | total wins 3764/4178
00:15:23 [4179/5100] episode 47504781880404: hp 49->lost | total wins 3764/4179
00:15:24 [4180/5100] episode 47504781880905: hp 75->40 | total wins 3765/4180
00:15:24 [4181/5100] episode 47504781879904: hp 57->41 | total wins 3766/4181
00:15:25 [4182/5100] episode 47504781882602: hp 62->30 | total wins 3767/4182
00:15:25 [4183/5100] episode 47504781881603: hp 70->25 | total wins 3768/4183
00:15:26 [4184/5100] episode 47504781882803: hp 38->23 | total wins 3769/4184
00:15:26 episode 47504781883805 skipped: replay diverged from the stored fight: 1, 1, 0, 0, 0, 0, 0, 0, 1, 1], [1, 1, 0, 0, 0, 0, 1], [3], [0, 1, 1, 0, 0, 1, 3, 3, 5], [1, 1, 0, 0, 0, 0, 2, 5, 0, 0, 0, 0]], "random_potions": true, "samples": [{"episode_id": 47504781883805000, "starting_hp": 30}], "teache: fight_resample_worker: replayed fight didn't end after its stored actions
00:15:26 [4185/5100] episode 47504781880807: hp 73->55 | total wins 3770/4185
00:15:27 [4186/5100] episode 47504781883605: hp 55->34 | total wins 3771/4186
00:15:27 [4187/5100] episode 47504781883705: hp 68->44 | total wins 3772/4187
00:15:27 [4188/5100] episode 47504781884404: hp 34->14 | total wins 3773/4188
00:15:27 [4189/5100] episode 47504781883401: hp 59->lost | total wins 3773/4189
00:15:27 episode 47504781885404 skipped: replay diverged from the stored fight: 0, 0, 0, 0, 0, 0, 0, 2, 2], [7], [0, 0, 1, 0, 3, 0, 0, 0, 1, 0, 0, 2, 2, 0, 0, 0, 0], [0, 5, 1, 0, 5, 2, 0, 1, 0, 0, 1, 0, 1, 0, 1, 2]], "random_potions": true, "samples": [{"episode_id": 47504781885404000, "starting_hp": 24}: fight_resample_worker: replayed fight didn't end after its stored actions
00:15:28 [4190/5100] episode 47504781884403: hp 52->43 | total wins 3774/4190
00:15:29 [4191/5100] episode 47504781883603: hp 48->8 | total wins 3775/4191
00:15:29 [4192/5100] episode 47504781883703: hp 37->16 | total wins 3776/4192
00:15:30 [4193/5100] episode 47504781884704: hp 49->31 | total wins 3777/4193
00:15:32 [4194/5100] episode 47504781874804: hp 48->14 | total wins 3778/4194
00:15:32 [4195/5100] episode 47504781876903: hp 71->31 | total wins 3779/4195
00:15:33 [4196/5100] episode 47504781886402: hp 59->35 | total wins 3780/4196
00:15:34 [4197/5100] episode 47504781886903: hp 34->18 | total wins 3781/4197
00:15:34 [4198/5100] episode 47504781885901: hp 48->8 | total wins 3782/4198
00:15:34 [4199/5100] episode 47504781881904: hp 55->40 | total wins 3783/4199
00:15:35 [4200/5100] episode 47504781886603: hp 64->29 | total wins 3784/4200
00:15:35 [4201/5100] episode 47504781884806: hp 51->26 | total wins 3785/4201
00:15:36 [4202/5100] episode 47504781886705: hp 73->53 | total wins 3786/4202
00:15:36 [4203/5100] episode 47504781887705: hp 35->12 | total wins 3787/4203
00:15:37 [4204/5100] episode 47504781884703: hp 53->28 | total wins 3788/4204
00:15:37 [4205/5100] episode 47504781885704: hp 71->55 | total wins 3789/4205
00:15:37 [4206/5100] episode 47504781887804: hp 55->27 | total wins 3790/4206
00:15:37 [4207/5100] episode 47504781886902: hp 55->lost | total wins 3790/4207
00:15:38 [4208/5100] episode 47504781887902: hp 45->2 | total wins 3791/4208
00:15:39 [4209/5100] episode 47504781887803: hp 73->43 | total wins 3792/4209
00:15:39 [4210/5100] episode 47504781889604: hp 39->14 | total wins 3793/4210
00:15:40 [4211/5100] episode 47504781888603: hp 69->1 | total wins 3794/4211
00:15:40 [4212/5100] episode 47504781888703: hp 20->20 | total wins 3795/4212
00:15:40 [4213/5100] episode 47504781886904: hp 75->55 | total wins 3796/4213
00:15:41 [4214/5100] episode 47504781889805: hp 30->20 | total wins 3797/4214
00:15:41 [4215/5100] episode 47504781888806: hp 61->36 | total wins 3798/4215
00:15:41 episode 47504781890804 skipped: replay diverged from the stored fight: ns": [[1, 2, 0, 0, 0, 1, 0, 0, 3, 3, 0, 0, 0, 0, 0, 0, 1], [0, 3, 1, 0, 1, 0, 0, 0, 3, 0, 0, 2, 2, 1], [1, 1, 1, 2, 0, 4, 0, 3, 2], [0, 0, 0, 1, 0, 3, 0, 1, 2, 0, 1, 1, 0, 3, 3, 1, 1, 2, 1, 0, 1, 0, 1, 0, 0, 1, 1, 0, 0]], "random_po: fight_resample_worker: stored actions don't fit the replayed fight
00:15:41 [4216/5100] episode 47504781887901: hp 75->15 | total wins 3799/4216
00:15:41 [4217/5100] episode 47504781890602: hp 75->43 | total wins 3800/4217
00:15:42 [4218/5100] episode 47504781882603: hp 63->40 | total wins 3801/4218
00:15:43 [4219/5100] episode 47504781890903: hp 68->51 | total wins 3802/4219
00:15:43 [4220/5100] episode 47504781889702: hp 56->21 | total wins 3803/4220
00:15:43 [4221/5100] episode 47504781889804: hp 49->25 | total wins 3804/4221
00:15:43 [4222/5100] episode 47504781889603: hp 47->lost | total wins 3804/4222
00:15:44 [4223/5100] episode 47504781890704: hp 57->10 | total wins 3805/4223
00:15:44 [4224/5100] episode 47504781890401: hp 68->27 | total wins 3806/4224
00:15:44 [4225/5100] episode 47504781889701: hp 75->40 | total wins 3807/4225
00:15:45 [4226/5100] episode 47504781891705: hp 50->36 | total wins 3808/4226
00:15:45 [4227/5100] episode 47504781893604: hp 37->23 | total wins 3809/4227
00:15:45 [4228/5100] episode 47504781888401: hp 61->lost | total wins 3809/4228
00:15:46 [4229/5100] episode 47504781891703: hp 67->47 | total wins 3810/4229
00:15:46 [4230/5100] episode 47504781892807: hp 49->22 | total wins 3811/4230
00:15:46 [4231/5100] episode 47504781892804: hp 44->3 | total wins 3812/4231
00:15:46 [4232/5100] episode 47504781892806: hp 33->10 | total wins 3813/4232
00:15:47 [4233/5100] episode 47504781891604: hp 51->55 | total wins 3814/4233
00:15:47 [4234/5100] episode 47504781894701: hp 71->40 | total wins 3815/4234
00:15:47 [4235/5100] episode 47504781891904: hp 75->64 | total wins 3816/4235
00:15:48 [4236/5100] episode 47504781896402: hp 21->lost | total wins 3816/4236
00:15:48 [4237/5100] episode 47504781891605: hp 35->23 | total wins 3817/4237
00:15:48 [4238/5100] episode 47504781896905: hp 53->53 | total wins 3818/4238
00:15:48 [4239/5100] episode 47504781894804: hp 73->56 | total wins 3819/4239
00:15:49 [4240/5100] episode 47504781898403: hp 51->41 | total wins 3820/4240
00:15:50 [4241/5100] episode 47504781896903: hp 67->37 | total wins 3821/4241
00:15:50 [4242/5100] episode 47504781898404: hp 29->8 | total wins 3822/4242
00:15:50 [4243/5100] episode 47504781898605: hp 73->54 | total wins 3823/4243
00:15:51 [4244/5100] episode 47504781898805: hp 75->45 | total wins 3824/4244
00:15:52 [4245/5100] episode 47504781893906: hp 59->30 | total wins 3825/4245
00:15:52 [4246/5100] episode 47504781898704: hp 74->57 | total wins 3826/4246
00:15:52 [4247/5100] episode 47504781897803: hp 75->43 | total wins 3827/4247
00:15:53 [4248/5100] episode 47504781899605: hp 42->32 | total wins 3828/4248
00:15:53 [4249/5100] episode 47504781899602: hp 61->13 | total wins 3829/4249
00:15:54 [4250/5100] episode 47504781895605: hp 37->30 | total wins 3830/4250
00:15:54 [4251/5100] episode 47504781897404: hp 53->18 | total wins 3831/4251
00:15:54 [4252/5100] episode 47504781894403: hp 73->1 | total wins 3832/4252
00:15:55 [4253/5100] episode 47504781899902: hp 33->1 | total wins 3833/4253
00:15:57 [4254/5100] episode 47504781900803: hp 72->34 | total wins 3834/4254
00:15:58 [4255/5100] episode 47504781899803: hp 64->54 | total wins 3835/4255
00:15:58 [4256/5100] episode 47504781895604: hp 57->8 | total wins 3836/4256
00:15:58 episode 47504781901805 skipped: replay diverged from the stored fight: ns": [[0, 1, 0, 0, 1, 1], [2, 2, 3, 1, 1, 0, 1, 0, 0, 0, 0], [2, 3, 0, 0, 1, 4, 1, 0, 0, 1, 0, 0, 1], [4, 1, 1, 0, 0, 0, 5, 1, 2, 0, 3, 0, 0, 0, 0, 0, 0, 2, 2, 0, 0, 0, 2, 1, 0, 0, 1, 0, 0, 0], [1, 2, 0, 0, 0, 0, 1, 4, 2, 2, 2, 4, 1: fight_resample_worker: stored actions don't fit the replayed fight
00:15:58 [4257/5100] episode 47504781901902: hp 63->31 | total wins 3837/4257
00:15:59 [4258/5100] episode 47504781896703: hp 52->11 | total wins 3838/4258
00:16:00 [4259/5100] episode 47504781899404: hp 74->60 | total wins 3839/4259
00:16:01 [4260/5100] episode 47504781901402: hp 50->40 | total wins 3840/4260
00:16:01 [4261/5100] episode 47504781900902: hp 39->lost | total wins 3840/4261
00:16:02 [4262/5100] episode 47504781903402: hp 71->36 | total wins 3841/4262
00:16:02 [4263/5100] episode 47504781902606: hp 30->17 | total wins 3842/4263
00:16:03 [4264/5100] episode 47504781893805: hp 43->3 | total wins 3843/4264
00:16:03 [4265/5100] episode 47504781899704: hp 50->lost | total wins 3843/4265
00:16:03 [4266/5100] episode 47504781903802: hp 64->50 | total wins 3844/4266
00:16:04 [4267/5100] episode 47504781900702: hp 51->4 | total wins 3845/4267
00:16:04 episode 47504781904704 skipped: replay diverged from the stored fight: 2, 3, 0, 0, 1, 1, 1, 0, 0, 0, 0, 0, 2, 2, 0, 0, 0, 1], [0, 0, 0, 3, 2, 1, 0, 0, 0, 1, 1, 0, 1, 2, 1, 1], [0, 0, 0, 0, 0, 1, 0, 0, 0, 1, 4, 1], [4]], "random_potions": true, "samples": [{"episode_id": 47504781904704000, "start: fight_resample_worker: replayed fight didn't end after its stored actions
00:16:07 [4268/5100] episode 47504781903902: hp 75->63 | total wins 3846/4268
00:16:07 [4269/5100] episode 47504781904603: hp 50->lost | total wins 3846/4269
00:16:08 [4270/5100] episode 47504781904403: hp 63->15 | total wins 3847/4270
00:16:08 [4271/5100] episode 47504781904903: hp 64->48 | total wins 3848/4271
00:16:08 episode 47504781905603 skipped: replay diverged from the stored fight: ns": [[1, 1, 0, 0, 1, 0, 0, 0, 1, 0, 0], [0, 1, 0, 2, 2, 1, 0, 3, 0, 1], [3, 3, 3, 1, 6, 6, 3, 1, 2, 0, 1, 2, 0, 0, 1, 0, 1, 1, 1, 3, 3, 0, 0, 0, 0, 0, 0, 0, 0, 0, 0]], "random_potions": true, "samples": [{"episode_id": 475047819056: fight_resample_worker: stored actions don't fit the replayed fight
00:16:08 [4272/5100] episode 47504781895703: hp 26->15 | total wins 3849/4272
00:16:09 [4273/5100] episode 47504781905405: hp 48->45 | total wins 3850/4273
00:16:10 [4274/5100] episode 47504781902704: hp 57->37 | total wins 3851/4274
00:16:10 [4275/5100] episode 47504781905804: hp 35->19 | total wins 3852/4275
00:16:10 [4276/5100] episode 47504781903605: hp 56->37 | total wins 3853/4276
00:16:11 [4277/5100] episode 47504781904905: hp 65->41 | total wins 3854/4277
00:16:11 [4278/5100] episode 47504781903803: hp 47->31 | total wins 3855/4278
00:16:12 [4279/5100] episode 47504781906704: hp 56->29 | total wins 3856/4279
00:16:12 [4280/5100] episode 47504781907906: hp 33->9 | total wins 3857/4280
00:16:12 [4281/5100] episode 47504781900805: hp 75->22 | total wins 3858/4281
00:16:13 [4282/5100] episode 47504781903602: hp 57->34 | total wins 3859/4282
00:16:13 [4283/5100] episode 47504781906904: hp 52->22 | total wins 3860/4283
00:16:14 [4284/5100] episode 47504781906804: hp 48->23 | total wins 3861/4284
00:16:14 [4285/5100] episode 47504781908603: hp 54->22 | total wins 3862/4285
00:16:15 [4286/5100] episode 47504781905602: hp 58->18 | total wins 3863/4286
00:16:16 [4287/5100] episode 47504781909403: hp 21->lost | total wins 3863/4287
00:16:16 [4288/5100] episode 47504781905803: hp 44->lost | total wins 3863/4288
00:16:16 [4289/5100] episode 47504781909605: hp 51->21 | total wins 3864/4289
00:16:16 [4290/5100] episode 47504781905701: hp 62->13 | total wins 3865/4290
00:16:17 [4291/5100] episode 47504781908805: hp 47->42 | total wins 3866/4291
00:16:17 [4292/5100] episode 47504781910402: hp 53->21 | total wins 3867/4292
00:16:18 [4293/5100] episode 47504781908703: hp 45->10 | total wins 3868/4293
00:16:18 [4294/5100] episode 47504781908803: hp 60->15 | total wins 3869/4294
00:16:18 [4295/5100] episode 47504781912602: hp 23->lost | total wins 3869/4295
00:16:18 [4296/5100] episode 47504781908403: hp 49->lost | total wins 3869/4296
00:16:18 [4297/5100] episode 47504781908605: hp 48->28 | total wins 3870/4297
00:16:19 [4298/5100] episode 47504781913804: hp 75->36 | total wins 3871/4298
00:16:19 [4299/5100] episode 47504781911805: hp 56->52 | total wins 3872/4299
00:16:19 [4300/5100] episode 47504781907602: hp 47->9 | total wins 3873/4300
00:16:20 [4301/5100] episode 47504781914406: hp 30->22 | total wins 3874/4301
00:16:21 [4302/5100] episode 47504781914607: hp 27->lost | total wins 3874/4302
00:16:21 [4303/5100] episode 47504781914704: hp 22->lost | total wins 3874/4303
00:16:21 [4304/5100] episode 47504781914404: hp 75->55 | total wins 3875/4304
00:16:21 [4305/5100] episode 47504781912601: hp 39->4 | total wins 3876/4305
00:16:22 [4306/5100] episode 47504781914703: hp 72->8 | total wins 3877/4306
00:16:22 [4307/5100] episode 47504781915403: hp 56->56 | total wins 3878/4307
00:16:23 [4308/5100] episode 47504781913405: hp 55->50 | total wins 3879/4308
00:16:23 [4309/5100] episode 47504781915805: hp 54->27 | total wins 3880/4309
00:16:24 [4310/5100] episode 47504781913805: hp 36->21 | total wins 3881/4310
00:16:25 [4311/5100] episode 47504781915704: hp 44->11 | total wins 3882/4311
00:16:26 [4312/5100] episode 47504781915907: hp 41->10 | total wins 3883/4312
00:16:26 episode 47504781916705 skipped: replay diverged from the stored fight: 2, 1, 0, 1, 1], [0, 1, 0, 0, 1, 0, 0, 0, 1, 0, 1, 0], [0, 0, 0, 0, 0, 0, 2, 0, 1], [4], [3, 2, 1, 1, 0, 0, 1, 1, 0, 0, 1, 1, 0]], "random_potions": true, "samples": [{"episode_id": 47504781916705000, "starting_hp": 32}], "tea: fight_resample_worker: replayed fight didn't end after its stored actions
00:16:28 [4313/5100] episode 47504781913702: hp 60->5 | total wins 3884/4313
00:16:28 [4314/5100] episode 47504781915703: hp 59->19 | total wins 3885/4314
00:16:29 [4315/5100] episode 47504781916604: hp 76->56 | total wins 3886/4315
00:16:29 [4316/5100] episode 47504781917405: hp 53->33 | total wins 3887/4316
00:16:29 [4317/5100] episode 47504781916603: hp 72->42 | total wins 3888/4317
00:16:30 [4318/5100] episode 47504781917404: hp 30->lost | total wins 3888/4318
00:16:30 [4319/5100] episode 47504781916402: hp 54->lost | total wins 3888/4319
00:16:30 [4320/5100] episode 47504781918603: hp 57->40 | total wins 3889/4320
00:16:30 [4321/5100] episode 47504781917904: hp 75->43 | total wins 3890/4321
00:16:31 [4322/5100] episode 47504781918802: hp 47->19 | total wins 3891/4322
00:16:31 [4323/5100] episode 47504781917407: hp 43->8 | total wins 3892/4323
00:16:32 [4324/5100] episode 47504781915804: hp 75->59 | total wins 3893/4324
00:16:32 [4325/5100] episode 47504781918903: hp 44->12 | total wins 3894/4325
00:16:32 [4326/5100] episode 47504781915602: hp 71->26 | total wins 3895/4326
00:16:32 [4327/5100] episode 47504781909704: hp 60->12 | total wins 3896/4327
00:16:32 [4328/5100] episode 47504781918707: hp 46->10 | total wins 3897/4328
00:16:33 [4329/5100] episode 47504781920405: hp 70->54 | total wins 3898/4329
00:16:33 [4330/5100] episode 47504781915903: hp 72->60 | total wins 3899/4330
00:16:33 [4331/5100] episode 47504781900402: hp 39->19 | total wins 3900/4331
00:16:34 [4332/5100] episode 47504781919405: hp 60->26 | total wins 3901/4332
00:16:35 [4333/5100] episode 47504781920702: hp 36->4 | total wins 3902/4333
00:16:35 [4334/5100] episode 47504781920901: hp 54->38 | total wins 3903/4334
00:16:35 [4335/5100] episode 47504781919706: hp 76->40 | total wins 3904/4335
00:16:36 [4336/5100] episode 47504781919404: hp 67->37 | total wins 3905/4336
00:16:37 [4337/5100] episode 47504781921802: hp 53->5 | total wins 3906/4337
00:16:37 [4338/5100] episode 47504781921402: hp 34->lost | total wins 3906/4338
00:16:38 [4339/5100] episode 47504781919803: hp 72->44 | total wins 3907/4339
00:16:38 [4340/5100] episode 47504781922604: hp 72->56 | total wins 3908/4340
00:16:40 [4341/5100] episode 47504781922805: hp 71->55 | total wins 3909/4341
00:16:41 [4342/5100] episode 47504781922704: hp 30->14 | total wins 3910/4342
00:16:41 [4343/5100] episode 47504781921905: hp 33->1 | total wins 3911/4343
00:16:42 [4344/5100] episode 47504781922902: hp 53->37 | total wins 3912/4344
00:16:42 [4345/5100] episode 47504781921803: hp 56->17 | total wins 3913/4345
00:16:43 [4346/5100] episode 47504781920902: hp 63->41 | total wins 3914/4346
00:16:43 [4347/5100] episode 47504781918706: hp 55->37 | total wins 3915/4347
00:16:43 [4348/5100] episode 47504781922806: hp 48->26 | total wins 3916/4348
00:16:43 [4349/5100] episode 47504781918902: hp 53->3 | total wins 3917/4349
00:16:44 [4350/5100] episode 47504781923605: hp 75->33 | total wins 3918/4350
00:16:44 [4351/5100] episode 47504781920804: hp 65->54 | total wins 3919/4351
00:16:44 [4352/5100] episode 47504781922706: hp 27->20 | total wins 3920/4352
00:16:45 [4353/5100] episode 47504781924702: hp 75->53 | total wins 3921/4353
00:16:45 [4354/5100] episode 47504781925404: hp 58->42 | total wins 3922/4354
00:16:46 [4355/5100] episode 47504781924902: hp 64->33 | total wins 3923/4355
00:16:46 [4356/5100] episode 47504781925603: hp 68->53 | total wins 3924/4356
00:16:46 [4357/5100] episode 47504781924904: hp 47->12 | total wins 3925/4357
00:16:46 [4358/5100] episode 47504781922403: hp 75->54 | total wins 3926/4358
00:16:47 [4359/5100] episode 47504781926405: hp 32->3 | total wins 3927/4359
00:16:48 [4360/5100] episode 47504781926803: hp 21->lost | total wins 3927/4360
00:16:48 [4361/5100] episode 47504781924804: hp 75->43 | total wins 3928/4361
00:16:49 [4362/5100] episode 47504781922605: hp 60->24 | total wins 3929/4362
00:16:49 [4363/5100] episode 47504781927403: hp 65->49 | total wins 3930/4363
00:16:49 [4364/5100] episode 47504781926604: hp 49->33 | total wins 3931/4364
00:16:50 [4365/5100] episode 47504781927404: hp 46->11 | total wins 3932/4365
00:16:50 [4366/5100] episode 47504781927803: hp 73->49 | total wins 3933/4366
00:16:51 [4367/5100] episode 47504781926403: hp 38->3 | total wins 3934/4367
00:16:52 [4368/5100] episode 47504781927603: hp 39->26 | total wins 3935/4368
00:16:52 [4369/5100] episode 47504781928604: hp 51->29 | total wins 3936/4369
00:16:52 [4370/5100] episode 47504781926603: hp 75->60 | total wins 3937/4370
00:16:53 [4371/5100] episode 47504781925803: hp 63->22 | total wins 3938/4371
00:16:53 [4372/5100] episode 47504781923903: hp 75->35 | total wins 3939/4372
00:16:54 [4373/5100] episode 47504781928803: hp 58->30 | total wins 3940/4373
00:16:54 [4374/5100] episode 47504781926903: hp 56->16 | total wins 3941/4374
00:16:54 [4375/5100] episode 47504781925903: hp 66->lost | total wins 3941/4375
00:16:56 [4376/5100] episode 47504781924604: hp 54->12 | total wins 3942/4376
00:16:56 [4377/5100] episode 47504781928606: hp 44->13 | total wins 3943/4377
00:16:56 [4378/5100] episode 47504781928902: hp 67->32 | total wins 3944/4378
00:16:56 [4379/5100] episode 47504781928804: hp 35->lost | total wins 3944/4379
00:16:57 [4380/5100] episode 47504781929406: hp 46->27 | total wins 3945/4380
00:16:57 [4381/5100] episode 47504781929705: hp 56->40 | total wins 3946/4381
00:16:57 [4382/5100] episode 47504781929405: hp 47->22 | total wins 3947/4382
00:16:57 [4383/5100] episode 47504781927602: hp 70->35 | total wins 3948/4383
00:16:57 [4384/5100] episode 47504781930704: hp 70->70 | total wins 3949/4384
00:16:58 [4385/5100] episode 47504781928704: hp 51->3 | total wins 3950/4385
00:16:58 [4386/5100] episode 47504781930604: hp 37->21 | total wins 3951/4386
00:16:59 [4387/5100] episode 47504781931703: hp 75->46 | total wins 3952/4387
00:16:59 [4388/5100] episode 47504781929902: hp 50->10 | total wins 3953/4388
00:17:00 [4389/5100] episode 47504781931803: hp 46->26 | total wins 3954/4389
00:17:00 [4390/5100] episode 47504781931903: hp 72->42 | total wins 3955/4390
00:17:00 [4391/5100] episode 47504781930903: hp 59->37 | total wins 3956/4391
00:17:01 [4392/5100] episode 47504781929603: hp 80->56 | total wins 3957/4392
00:17:01 [4393/5100] episode 47504781930603: hp 69->9 | total wins 3958/4393
00:17:01 [4394/5100] episode 47504781928402: hp 51->25 | total wins 3959/4394
00:17:02 [4395/5100] episode 47504781932604: hp 21->lost | total wins 3959/4395
00:17:02 [4396/5100] episode 47504781929803: hp 48->30 | total wins 3960/4396
00:17:03 [4397/5100] episode 47504781928703: hp 29->5 | total wins 3961/4397
00:17:04 [4398/5100] episode 47504781931904: hp 43->lost | total wins 3961/4398
00:17:04 [4399/5100] episode 47504781930803: hp 34->lost | total wins 3961/4399
00:17:04 [4400/5100] episode 47504781932802: hp 75->36 | total wins 3962/4400
00:17:04 [4401/5100] episode 47504781933404: hp 22->lost | total wins 3962/4401
00:17:04 [4402/5100] episode 47504781931604: hp 46->41 | total wins 3963/4402
00:17:06 [4403/5100] episode 47504781933603: hp 75->75 | total wins 3964/4403
00:17:06 [4404/5100] episode 47504781933402: hp 29->lost | total wins 3964/4404
00:17:06 [4405/5100] episode 47504781933902: hp 46->21 | total wins 3965/4405
00:17:06 [4406/5100] episode 47504781932401: hp 70->30 | total wins 3966/4406
00:17:07 [4407/5100] episode 47504781929805: hp 57->35 | total wins 3967/4407
00:17:07 [4408/5100] episode 47504781934705: hp 47->19 | total wins 3968/4408
00:17:07 [4409/5100] episode 47504781935404: hp 75->31 | total wins 3969/4409
00:17:08 [4410/5100] episode 47504781935603: hp 67->35 | total wins 3970/4410
00:17:08 [4411/5100] episode 47504781935401: hp 75->50 | total wins 3971/4411
00:17:08 [4412/5100] episode 47504781933405: hp 22->7 | total wins 3972/4412
00:17:08 episode 47504781936704 skipped: replay diverged from the stored fight: ns": [[1, 0, 1, 0, 0, 0, 0, 0, 1], [0, 2, 3, 1, 0, 2, 0, 0, 4], [0, 0, 1, 1, 0, 1, 3, 0, 1, 1, 0, 1, 1, 1, 1], [0, 2, 0, 0, 1, 1, 2, 1, 2, 1, 0]], "random_potions": true, "samples": [{"episode_id": 47504781936704000, "starting_hp": : fight_resample_worker: stored actions don't fit the replayed fight
00:17:08 [4413/5100] episode 47504781936601: hp 67->39 | total wins 3973/4413
00:17:08 episode 47504781936904 skipped: replay diverged from the stored fight: ns": [[2, 3, 0, 0, 2, 0, 1, 0, 1, 1, 1, 0, 0, 0], [3, 1, 0, 0, 1, 1, 1, 0, 0, 2, 2, 0, 1, 1, 1], [1, 1, 2, 0, 0, 0, 1, 2, 2, 2, 1, 2], [0, 5, 2, 1, 1, 3, 0, 0, 1, 3, 2, 3, 1, 0, 1, 0, 1, 1, 1, 0, 0, 0, 1, 0, 0]], "random_potions": t: fight_resample_worker: stored actions don't fit the replayed fight
00:17:08 [4414/5100] episode 47504781934905: hp 72->61 | total wins 3974/4414
00:17:09 [4415/5100] episode 47504781935604: hp 63->39 | total wins 3975/4415
00:17:09 [4416/5100] episode 47504781937703: hp 75->45 | total wins 3976/4416
00:17:10 [4417/5100] episode 47504781935907: hp 39->39 | total wins 3977/4417
00:17:10 [4418/5100] episode 47504781934703: hp 64->46 | total wins 3978/4418
00:17:10 [4419/5100] episode 47504781932906: hp 34->7 | total wins 3979/4419
00:17:12 [4420/5100] episode 47504781937903: hp 28->lost | total wins 3979/4420
00:17:12 [4421/5100] episode 47504781937902: hp 75->43 | total wins 3980/4421
00:17:12 [4422/5100] episode 47504781936603: hp 42->19 | total wins 3981/4422
00:17:15 [4423/5100] episode 47504781935905: hp 49->19 | total wins 3982/4423
00:17:15 [4424/5100] episode 47504781938403: hp 52->lost | total wins 3982/4424
00:17:15 [4425/5100] episode 47504781937804: hp 38->19 | total wins 3983/4425
00:17:16 [4426/5100] episode 47504781934404: hp 44->24 | total wins 3984/4426
00:17:16 [4427/5100] episode 47504781939402: hp 64->48 | total wins 3985/4427
00:17:17 [4428/5100] episode 47504781939703: hp 35->18 | total wins 3986/4428
00:17:17 [4429/5100] episode 47504781939904: hp 1->lost | total wins 3986/4429
00:17:17 [4430/5100] episode 47504781938704: hp 44->19 | total wins 3987/4430
00:17:18 [4431/5100] episode 47504781937603: hp 56->6 | total wins 3988/4431
00:17:18 [4432/5100] episode 47504781939603: hp 65->31 | total wins 3989/4432
00:17:19 [4433/5100] episode 47504781939706: hp 75->48 | total wins 3990/4433
00:17:19 [4434/5100] episode 47504781937704: hp 31->25 | total wins 3991/4434
00:17:19 [4435/5100] episode 47504781939804: hp 72->40 | total wins 3992/4435
00:17:19 episode 47504781941604 skipped: replay diverged from the stored fight: ns": [[0, 0, 0, 0, 0, 0, 0, 1, 1, 2, 0], [2, 2, 0, 0, 0, 1, 1, 0, 0, 0], [1, 0, 0, 1, 2, 0, 0, 0, 1, 0, 0, 0, 0, 0, 0, 2, 2], [0, 4, 1, 1, 0, 4, 1, 1, 1, 0, 1, 0, 1, 0, 1, 1, 3, 0, 1, 1, 1, 2, 1, 1, 2, 0, 1, 1, 1, 2, 1, 1, 1, 0, 0, : fight_resample_worker: stored actions don't fit the replayed fight
00:17:19 episode 47504781941605 skipped: replay diverged from the stored fight: ns": [[0, 0, 0, 0, 0, 0, 0, 1, 1, 2, 0], [2, 2, 0, 0, 0, 1, 1, 0, 0, 0], [1, 0, 0, 1, 2, 0, 0, 0, 1, 0, 0, 0, 0, 0, 0, 2, 2], [0, 4, 1, 1, 0, 4, 1, 1, 1, 0, 1, 0, 1, 0, 1, 1, 3, 0, 1, 1, 1, 2, 1, 1, 2, 0, 1, 1, 1, 2, 1, 1, 1, 0, 0, : fight_resample_worker: stored actions don't fit the replayed fight
00:17:19 [4436/5100] episode 47504781938603: hp 70->55 | total wins 3993/4436
00:17:19 [4437/5100] episode 47504781938905: hp 63->33 | total wins 3994/4437
00:17:20 [4438/5100] episode 47504781941802: hp 38->28 | total wins 3995/4438
00:17:20 [4439/5100] episode 47504781940702: hp 29->lost | total wins 3995/4439
00:17:21 [4440/5100] episode 47504781942403: hp 29->lost | total wins 3995/4440
00:17:22 [4441/5100] episode 47504781942806: hp 70->40 | total wins 3996/4441
00:17:23 [4442/5100] episode 47504781940805: hp 69->54 | total wins 3997/4442
00:17:23 [4443/5100] episode 47504781942604: hp 67->57 | total wins 3998/4443
00:17:23 [4444/5100] episode 47504781942802: hp 62->50 | total wins 3999/4444
00:17:24 [4445/5100] episode 47504781942903: hp 74->37 | total wins 4000/4445
00:17:25 [4446/5100] episode 47504781940904: hp 33->4 | total wins 4001/4446
00:17:26 [4447/5100] episode 47504781943404: hp 37->lost | total wins 4001/4447
00:17:26 [4448/5100] episode 47504781943603: hp 75->28 | total wins 4002/4448
00:17:26 [4449/5100] episode 47504781940404: hp 42->1 | total wins 4003/4449
00:17:26 [4450/5100] episode 47504781942703: hp 47->7 | total wins 4004/4450
00:17:26 episode 47504781944803 skipped: replay diverged from the stored fight: ns": [[4, 4, 0, 0, 0, 0, 1, 0, 0, 1, 0, 1, 1], [3, 3, 0, 0, 0, 1, 0, 0, 0, 0, 0], [0, 0, 1, 1, 1, 2, 0, 2, 0, 0, 1, 0, 1]], "random_potions": true, "samples": [{"episode_id": 47504781944803000, "starting_hp": 75}], "teacher": {"leaf: fight_resample_worker: stored actions don't fit the replayed fight
00:17:27 [4451/5100] episode 47504781943403: hp 62->12 | total wins 4005/4451
00:17:27 [4452/5100] episode 47504781944402: hp 64->48 | total wins 4006/4452
00:17:27 [4453/5100] episode 47504781940602: hp 75->20 | total wins 4007/4453
00:17:28 [4454/5100] episode 47504781942905: hp 60->43 | total wins 4008/4454
00:17:28 [4455/5100] episode 47504781946603: hp 74->42 | total wins 4009/4455
00:17:28 [4456/5100] episode 47504781944602: hp 54->2 | total wins 4010/4456
00:17:29 [4457/5100] episode 47504781946403: hp 29->4 | total wins 4011/4457
00:17:29 [4458/5100] episode 47504781945602: hp 68->33 | total wins 4012/4458
00:17:30 [4459/5100] episode 47504781946705: hp 62->5 | total wins 4013/4459
00:17:31 [4460/5100] episode 47504781947804: hp 16->2 | total wins 4014/4460
00:17:31 [4461/5100] episode 47504781943902: hp 56->5 | total wins 4015/4461
00:17:31 [4462/5100] episode 47504781947903: hp 61->49 | total wins 4016/4462
00:17:31 [4463/5100] episode 47504781936803: hp 67->52 | total wins 4017/4463
00:17:32 [4464/5100] episode 47504781933903: hp 51->34 | total wins 4018/4464
00:17:33 [4465/5100] episode 47504781948603: hp 36->lost | total wins 4018/4465
00:17:33 [4466/5100] episode 47504781943903: hp 75->66 | total wins 4019/4466
00:17:33 [4467/5100] episode 47504781948703: hp 50->34 | total wins 4020/4467
00:17:33 [4468/5100] episode 47504781947801: hp 31->lost | total wins 4020/4468
00:17:33 [4469/5100] episode 47504781941603: hp 53->48 | total wins 4021/4469
00:17:35 [4470/5100] episode 47504781946604: hp 57->32 | total wins 4022/4470
00:17:35 [4471/5100] episode 47504781948702: hp 30->3 | total wins 4023/4471
00:17:35 [4472/5100] episode 47504781946904: hp 54->29 | total wins 4024/4472
00:17:35 [4473/5100] episode 47504781948802: hp 52->20 | total wins 4025/4473
00:17:36 [4474/5100] episode 47504781950601: hp 53->21 | total wins 4026/4474
00:17:36 [4475/5100] episode 47504781950604: hp 42->16 | total wins 4027/4475
00:17:36 [4476/5100] episode 47504781947904: hp 46->16 | total wins 4028/4476
00:17:37 [4477/5100] episode 47504781948605: hp 35->11 | total wins 4029/4477
00:17:38 [4478/5100] episode 47504781949704: hp 47->16 | total wins 4030/4478
00:17:38 [4479/5100] episode 47504781949603: hp 37->lost | total wins 4030/4479
00:17:39 [4480/5100] episode 47504781950903: hp 40->lost | total wins 4030/4480
00:17:39 [4481/5100] episode 47504781949703: hp 54->19 | total wins 4031/4481
00:17:39 [4482/5100] episode 47504781949605: hp 41->31 | total wins 4032/4482
00:17:40 [4483/5100] episode 47504781953405: hp 48->30 | total wins 4033/4483
00:17:40 [4484/5100] episode 47504781950805: hp 44->24 | total wins 4034/4484
00:17:41 [4485/5100] episode 47504781953805: hp 60->31 | total wins 4035/4485
00:17:41 [4486/5100] episode 47504781953604: hp 30->39 | total wins 4036/4486
00:17:41 [4487/5100] episode 47504781951403: hp 35->13 | total wins 4037/4487
00:17:41 [4488/5100] episode 47504781952802: hp 54->24 | total wins 4038/4488
00:17:41 [4489/5100] episode 47504781953702: hp 67->16 | total wins 4039/4489
00:17:43 [4490/5100] episode 47504781953404: hp 74->62 | total wins 4040/4490
00:17:43 [4491/5100] episode 47504781954403: hp 68->38 | total wins 4041/4491
00:17:44 [4492/5100] episode 47504781955406: hp 14->4 | total wins 4042/4492
00:17:45 [4493/5100] episode 47504781950902: hp 67->21 | total wins 4043/4493
00:17:45 [4494/5100] episode 47504781949802: hp 47->2 | total wins 4044/4494
00:17:45 [4495/5100] episode 47504781954905: hp 44->30 | total wins 4045/4495
00:17:46 [4496/5100] episode 47504781954603: hp 51->19 | total wins 4046/4496
00:17:49 [4497/5100] episode 47504781953903: hp 28->lost | total wins 4046/4497
00:17:49 [4498/5100] episode 47504781955404: hp 66->31 | total wins 4047/4498
00:17:49 [4499/5100] episode 47504781955702: hp 75->49 | total wins 4048/4499
00:17:49 [4500/5100] episode 47504781947403: hp 59->23 | total wins 4049/4500
00:17:50 [4501/5100] episode 47504781955903: hp 74->10 | total wins 4050/4501
00:17:50 [4502/5100] episode 47504781954801: hp 65->38 | total wins 4051/4502
00:17:51 [4503/5100] episode 47504781954404: hp 42->24 | total wins 4052/4503
00:17:51 [4504/5100] episode 47504781955804: hp 65->65 | total wins 4053/4504
00:17:51 [4505/5100] episode 47504781955803: hp 35->18 | total wins 4054/4505
00:17:52 [4506/5100] episode 47504781957405: hp 63->47 | total wins 4055/4506
00:17:52 [4507/5100] episode 47504781956906: hp 52->46 | total wins 4056/4507
00:17:52 [4508/5100] episode 47504781956403: hp 75->lost | total wins 4056/4508
00:17:52 [4509/5100] episode 47504781956904: hp 57->32 | total wins 4057/4509
00:17:53 [4510/5100] episode 47504781955603: hp 75->70 | total wins 4058/4510
00:17:53 [4511/5100] episode 47504781957605: hp 8->lost | total wins 4058/4511
00:17:53 [4512/5100] episode 47504781957705: hp 57->37 | total wins 4059/4512
00:17:54 [4513/5100] episode 47504781955904: hp 55->28 | total wins 4060/4513
00:17:55 [4514/5100] episode 47504781955703: hp 48->4 | total wins 4061/4514
00:17:55 [4515/5100] episode 47504781957804: hp 61->52 | total wins 4062/4515
00:17:56 [4516/5100] episode 47504781956702: hp 56->15 | total wins 4063/4516
00:17:57 [4517/5100] episode 47504781956604: hp 75->45 | total wins 4064/4517
00:17:57 [4518/5100] episode 47504781957706: hp 34->19 | total wins 4065/4518
00:17:58 [4519/5100] episode 47504781958906: hp 46->30 | total wins 4066/4519
00:17:58 [4520/5100] episode 47504781958704: hp 63->39 | total wins 4067/4520
00:17:59 [4521/5100] episode 47504781957803: hp 67->38 | total wins 4068/4521
00:17:59 [4522/5100] episode 47504781959403: hp 75->15 | total wins 4069/4522
00:17:59 [4523/5100] episode 47504781958802: hp 49->21 | total wins 4070/4523
00:17:59 [4524/5100] episode 47504781958404: hp 66->47 | total wins 4071/4524
00:18:00 [4525/5100] episode 47504781958903: hp 62->28 | total wins 4072/4525
00:18:00 [4526/5100] episode 47504781960803: hp 75->51 | total wins 4073/4526
00:18:01 [4527/5100] episode 47504781961703: hp 51->29 | total wins 4074/4527
00:18:01 [4528/5100] episode 47504781959904: hp 46->29 | total wins 4075/4528
00:18:01 [4529/5100] episode 47504781959805: hp 51->28 | total wins 4076/4529
00:18:02 [4530/5100] episode 47504781961704: hp 45->28 | total wins 4077/4530
00:18:02 [4531/5100] episode 47504781962703: hp 50->21 | total wins 4078/4531
00:18:03 [4532/5100] episode 47504781962903: hp 72->44 | total wins 4079/4532
00:18:04 [4533/5100] episode 47504781960703: hp 37->17 | total wins 4080/4533
00:18:04 [4534/5100] episode 47504781961904: hp 36->20 | total wins 4081/4534
00:18:04 [4535/5100] episode 47504781963404: hp 62->32 | total wins 4082/4535
00:18:05 [4536/5100] episode 47504781963803: hp 36->lost | total wins 4082/4536
00:18:05 [4537/5100] episode 47504781963407: hp 24->16 | total wins 4083/4537
00:18:06 [4538/5100] episode 47504781962804: hp 67->61 | total wins 4084/4538
00:18:06 [4539/5100] episode 47504781964403: hp 85->69 | total wins 4085/4539
00:18:06 [4540/5100] episode 47504781956903: hp 75->39 | total wins 4086/4540
00:18:06 [4541/5100] episode 47504781962602: hp 36->15 | total wins 4087/4541
00:18:07 [4542/5100] episode 47504781961602: hp 38->13 | total wins 4088/4542
00:18:07 episode 47504781964806 skipped: replay diverged from the stored fight: 2, 1, 2, 0, 0, 0, 1, 0, 1, 1, 1, 0, 1, 1], [3, 0, 1, 1, 2, 0, 0, 2, 1], [3, 3, 0, 0, 3, 1, 1, 1], [3, 2, 0, 0, 0, 1, 0, 1, 0, 0, 0], [4, 0, 6, 1, 0, 1, 4, 0, 0, 2], [10]], "random_potions": true, "samples": [{"episode_id": 47: fight_resample_worker: replayed fight didn't end after its stored actions
00:18:08 [4543/5100] episode 47504781963904: hp 50->29 | total wins 4089/4543
00:18:08 [4544/5100] episode 47504781964605: hp 42->42 | total wins 4090/4544
00:18:09 [4545/5100] episode 47504781964703: hp 64->23 | total wins 4091/4545
00:18:12 [4546/5100] episode 47504781960903: hp 44->9 | total wins 4092/4546
00:18:12 [4547/5100] episode 47504781964602: hp 69->49 | total wins 4093/4547
00:18:13 [4548/5100] episode 47504781964604: hp 75->40 | total wins 4094/4548
00:18:13 [4549/5100] episode 47504781962806: hp 52->44 | total wins 4095/4549
00:18:14 [4550/5100] episode 47504781966704: hp 11->lost | total wins 4095/4550
00:18:14 [4551/5100] episode 47504781965704: hp 69->lost | total wins 4095/4551
00:18:15 [4552/5100] episode 47504781963802: hp 70->34 | total wins 4096/4552
00:18:16 [4553/5100] episode 47504781966404: hp 70->35 | total wins 4097/4553
00:18:16 [4554/5100] episode 47504781965603: hp 54->22 | total wins 4098/4554
00:18:16 [4555/5100] episode 47504781964805: hp 54->23 | total wins 4099/4555
00:18:17 [4556/5100] episode 47504781966804: hp 56->41 | total wins 4100/4556
00:18:17 [4557/5100] episode 47504781966902: hp 67->27 | total wins 4101/4557
00:18:19 [4558/5100] episode 47504781967702: hp 54->38 | total wins 4102/4558
00:18:20 [4559/5100] episode 47504781966603: hp 51->25 | total wins 4103/4559
00:18:20 [4560/5100] episode 47504781967403: hp 75->28 | total wins 4104/4560
00:18:21 [4561/5100] episode 47504781967804: hp 37->21 | total wins 4105/4561
00:18:23 [4562/5100] episode 47504781965605: hp 45->20 | total wins 4106/4562
00:18:23 [4563/5100] episode 47504781967606: hp 40->25 | total wins 4107/4563
00:18:24 [4564/5100] episode 47504781967803: hp 66->26 | total wins 4108/4564
00:18:24 [4565/5100] episode 47504781968703: hp 69->54 | total wins 4109/4565
00:18:25 [4566/5100] episode 47504781966903: hp 53->13 | total wins 4110/4566
00:18:26 [4567/5100] episode 47504781967604: hp 40->24 | total wins 4111/4567
00:18:26 [4568/5100] episode 47504781968602: hp 68->28 | total wins 4112/4568
00:18:26 [4569/5100] episode 47504781969405: hp 65->55 | total wins 4113/4569
00:18:26 [4570/5100] episode 47504781967904: hp 49->29 | total wins 4114/4570
00:18:27 [4571/5100] episode 47504781970606: hp 60->59 | total wins 4115/4571
00:18:27 [4572/5100] episode 47504781963804: hp 55->43 | total wins 4116/4572
00:18:28 [4573/5100] episode 47504781969904: hp 64->50 | total wins 4117/4573
00:18:28 episode 47504781970905 skipped: replay diverged from the stored fight: ns": [[0, 0, 0, 0, 0, 0, 0, 1, 1, 1], [4, 5, 0, 0, 3, 1, 1, 0, 1], [2, 1, 0, 0, 0, 1, 0, 2, 2], [5, 1, 1, 0, 0, 2, 1, 0, 0, 0, 0, 1, 2, 2, 0, 0, 2, 2], [4, 0, 2, 3, 1, 2, 2, 0, 1, 1, 1, 1, 0, 0, 0]], "random_potions": true, "samples: fight_resample_worker: stored actions don't fit the replayed fight
00:18:28 [4574/5100] episode 47504781969703: hp 75->50 | total wins 4118/4574
00:18:28 [4575/5100] episode 47504781965706: hp 47->lost | total wins 4118/4575
00:18:29 [4576/5100] episode 47504781968901: hp 75->20 | total wins 4119/4576
00:18:29 episode 47504781971904 skipped: replay diverged from the stored fight: ns": [[1, 0, 0, 0, 0, 0, 0, 1, 1, 0, 0, 2, 1, 0], [1, 0, 0, 2, 1, 0, 1, 1, 0, 0, 1, 2, 2], [0, 0, 1, 1, 4, 2, 2, 1, 1], [1, 4, 4, 1, 1, 4, 0, 0, 1, 1, 2, 1, 1, 1, 4, 2]], "random_potions": true, "samples": [{"episode_id": 4750478197: fight_resample_worker: stored actions don't fit the replayed fight
00:18:30 [4577/5100] episode 47504781970603: hp 59->19 | total wins 4120/4577
00:18:30 [4578/5100] episode 47504781968706: hp 57->31 | total wins 4121/4578
00:18:30 episode 47504781972703 skipped: replay diverged from the stored fight: ns": [[1, 1, 1, 0, 0, 0, 0, 0, 1], [3, 3, 1, 0, 0, 1, 0, 1, 1], [4, 2, 0, 0, 1, 0, 0, 0, 0, 1, 1]], "random_potions": true, "samples": [{"episode_id": 47504781972703000, "starting_hp": 53}], "teacher": {"leaf": "guided_rollout", "si: fight_resample_worker: stored actions don't fit the replayed fight
00:18:31 [4579/5100] episode 47504781969404: hp 61->24 | total wins 4122/4579
00:18:31 [4580/5100] episode 47504781971703: hp 40->2 | total wins 4123/4580
00:18:31 [4581/5100] episode 47504781972603: hp 28->14 | total wins 4124/4581
00:18:31 [4582/5100] episode 47504781972803: hp 75->43 | total wins 4125/4582
00:18:32 [4583/5100] episode 47504781965703: hp 69->7 | total wins 4126/4583
00:18:32 [4584/5100] episode 47504781970704: hp 29->14 | total wins 4127/4584
00:18:32 [4585/5100] episode 47504781971604: hp 61->31 | total wins 4128/4585
00:18:33 [4586/5100] episode 47504781970803: hp 53->23 | total wins 4129/4586
00:18:33 [4587/5100] episode 47504781971606: hp 47->27 | total wins 4130/4587
00:18:34 [4588/5100] episode 47504781969803: hp 61->16 | total wins 4131/4588
00:18:34 [4589/5100] episode 47504781973802: hp 53->lost | total wins 4131/4589
00:18:34 [4590/5100] episode 47504781974901: hp 49->1 | total wins 4132/4590
00:18:35 [4591/5100] episode 47504781974702: hp 67->32 | total wins 4133/4591
00:18:36 [4592/5100] episode 47504781973903: hp 44->22 | total wins 4134/4592
00:18:37 [4593/5100] episode 47504781976704: hp 68->36 | total wins 4135/4593
00:18:37 [4594/5100] episode 47504781975702: hp 75->49 | total wins 4136/4594
00:18:37 [4595/5100] episode 47504781977606: hp 21->19 | total wins 4137/4595
00:18:37 [4596/5100] episode 47504781973603: hp 48->23 | total wins 4138/4596
00:18:38 [4597/5100] episode 47504781977803: hp 73->61 | total wins 4139/4597
00:18:39 [4598/5100] episode 47504781974902: hp 36->4 | total wins 4140/4598
00:18:39 [4599/5100] episode 47504781975601: hp 63->23 | total wins 4141/4599
00:18:39 [4600/5100] episode 47504781974703: hp 58->23 | total wins 4142/4600
00:18:40 [4601/5100] episode 47504781978903: hp 63->31 | total wins 4143/4601
00:18:40 [4602/5100] episode 47504781973402: hp 75->35 | total wins 4144/4602
00:18:41 [4603/5100] episode 47504781977904: hp 69->43 | total wins 4145/4603
00:18:41 [4604/5100] episode 47504781977703: hp 51->11 | total wins 4146/4604
00:18:41 [4605/5100] episode 47504781975703: hp 70->50 | total wins 4147/4605
00:18:44 [4606/5100] episode 47504781979403: hp 49->lost | total wins 4147/4606
00:18:44 [4607/5100] episode 47504781976904: hp 58->21 | total wins 4148/4607
00:18:44 [4608/5100] episode 47504781979404: hp 37->7 | total wins 4149/4608
00:18:44 [4609/5100] episode 47504781978603: hp 56->12 | total wins 4150/4609
00:18:45 [4610/5100] episode 47504781980802: hp 68->66 | total wins 4151/4610
00:18:46 [4611/5100] episode 47504781979601: hp 34->lost | total wins 4151/4611
00:18:46 [4612/5100] episode 47504781978906: hp 70->45 | total wins 4152/4612
00:18:47 [4613/5100] episode 47504781980603: hp 67->45 | total wins 4153/4613
00:18:47 [4614/5100] episode 47504781980905: hp 43->39 | total wins 4154/4614
00:18:47 [4615/5100] episode 47504781981402: hp 19->lost | total wins 4154/4615
00:18:47 [4616/5100] episode 47504781972402: hp 58->lost | total wins 4154/4616
00:18:48 [4617/5100] episode 47504781975903: hp 75->36 | total wins 4155/4617
00:18:48 [4618/5100] episode 47504781977907: hp 54->43 | total wins 4156/4618
00:18:48 episode 47504781981904 skipped: replay diverged from the stored fight: 1, 2, 0, 2, 0, 2, 0, 0, 0, 0], [4], [4, 1, 3, 0, 0, 0, 0, 2, 1, 2, 0, 0, 0, 1, 0], [4, 4, 0, 0, 1, 0, 1, 0, 0, 0, 0, 0, 0, 0, 0]], "random_potions": true, "samples": [{"episode_id": 47504781981904000, "starting_hp": 75}], "te: fight_resample_worker: replayed fight didn't end after its stored actions
00:18:49 [4619/5100] episode 47504781980805: hp 48->37 | total wins 4157/4619
00:18:49 [4620/5100] episode 47504781980903: hp 75->50 | total wins 4158/4620
00:18:49 [4621/5100] episode 47504781981803: hp 66->50 | total wins 4159/4621
00:18:49 [4622/5100] episode 47504781981605: hp 66->52 | total wins 4160/4622
00:18:50 [4623/5100] episode 47504781982601: hp 74->42 | total wins 4161/4623
00:18:50 [4624/5100] episode 47504781981805: hp 67->63 | total wins 4162/4624
00:18:51 [4625/5100] episode 47504781982704: hp 50->18 | total wins 4163/4625
00:18:51 [4626/5100] episode 47504781982803: hp 51->33 | total wins 4164/4626
00:18:51 [4627/5100] episode 47504781982903: hp 67->51 | total wins 4165/4627
00:18:52 [4628/5100] episode 47504781979904: hp 48->34 | total wins 4166/4628
00:18:52 [4629/5100] episode 47504781981602: hp 75->55 | total wins 4167/4629
00:18:53 [4630/5100] episode 47504781984605: hp 42->32 | total wins 4168/4630
00:18:53 [4631/5100] episode 47504781983903: hp 57->25 | total wins 4169/4631
00:18:53 [4632/5100] episode 47504781979803: hp 41->41 | total wins 4170/4632
00:18:53 [4633/5100] episode 47504781983705: hp 40->8 | total wins 4171/4633
00:18:54 [4634/5100] episode 47504781978406: hp 50->33 | total wins 4172/4634
00:18:57 [4635/5100] episode 47504781983807: hp 48->15 | total wins 4173/4635
00:18:57 [4636/5100] episode 47504781982403: hp 71->46 | total wins 4174/4636
00:18:58 [4637/5100] episode 47504781985702: hp 67->35 | total wins 4175/4637
00:18:58 [4638/5100] episode 47504781982806: hp 49->28 | total wins 4176/4638
00:18:58 [4639/5100] episode 47504781984903: hp 68->32 | total wins 4177/4639
00:18:58 [4640/5100] episode 47504781986604: hp 75->54 | total wins 4178/4640
00:18:59 [4641/5100] episode 47504781987602: hp 69->69 | total wins 4179/4641
00:19:00 [4642/5100] episode 47504781988404: hp 42->12 | total wins 4180/4642
00:19:00 [4643/5100] episode 47504781984706: hp 46->16 | total wins 4181/4643
00:19:01 [4644/5100] episode 47504781985604: hp 72->58 | total wins 4182/4644
00:19:02 [4645/5100] episode 47504781988603: hp 33->lost | total wins 4182/4645
00:19:02 [4646/5100] episode 47504781985803: hp 75->54 | total wins 4183/4646
00:19:02 [4647/5100] episode 47504781989802: hp 61->28 | total wins 4184/4647
00:19:02 [4648/5100] episode 47504781983604: hp 60->45 | total wins 4185/4648
00:19:03 [4649/5100] episode 47504781988703: hp 75->40 | total wins 4186/4649
00:19:03 episode 47504781991403 skipped: replay diverged from the stored fight: ns": [[2, 0, 0, 0, 0, 0, 0, 0, 1, 1, 1, 3, 2, 0, 0, 0], [0], [1, 1, 1, 0, 1, 0, 3, 1, 1]], "random_potions": true, "samples": [{"episode_id": 47504781991403000, "starting_hp": 58}], "teacher": {"leaf": "guided_rollout", "simulations: fight_resample_worker: stored actions don't fit the replayed fight
00:19:03 [4650/5100] episode 47504781986703: hp 70->30 | total wins 4187/4650
00:19:03 [4651/5100] episode 47504781985401: hp 67->lost | total wins 4187/4651
00:19:04 [4652/5100] episode 47504781990803: hp 54->32 | total wins 4188/4652
00:19:04 [4653/5100] episode 47504781990602: hp 32->lost | total wins 4188/4653
00:19:04 [4654/5100] episode 47504781990403: hp 75->53 | total wins 4189/4654
00:19:04 [4655/5100] episode 47504781991603: hp 23->lost | total wins 4189/4655
00:19:05 [4656/5100] episode 47504781981804: hp 72->42 | total wins 4190/4656
00:19:05 [4657/5100] episode 47504781992903: hp 33->lost | total wins 4190/4657
00:19:06 [4658/5100] episode 47504781986802: hp 49->25 | total wins 4191/4658
00:19:06 [4659/5100] episode 47504781992704: hp 25->9 | total wins 4192/4659
00:19:07 [4660/5100] episode 47504781991705: hp 27->6 | total wins 4193/4660
00:19:07 episode 47504781993703 skipped: replay diverged from the stored fight: ns": [[2, 2, 0, 0, 2, 0, 0, 0, 1, 0, 1, 1], [0, 1, 2, 1, 1, 1, 0, 1, 3, 0, 1], [1, 1, 1, 0, 0, 0, 1, 0, 3, 0, 0, 1, 0, 1, 1, 0, 1, 1]], "random_potions": true, "samples": [{"episode_id": 47504781993703000, "starting_hp": 10}], "teac: fight_resample_worker: stored actions don't fit the replayed fight
00:19:07 [4661/5100] episode 47504781993607: hp 84->77 | total wins 4194/4661
00:19:07 [4662/5100] episode 47504781992604: hp 59->54 | total wins 4195/4662
00:19:08 [4663/5100] episode 47504781993702: hp 64->48 | total wins 4196/4663
00:19:08 [4664/5100] episode 47504781988802: hp 74->5 | total wins 4197/4664
00:19:08 [4665/5100] episode 47504781993407: hp 73->59 | total wins 4198/4665
00:19:09 [4666/5100] episode 47504781987902: hp 73->8 | total wins 4199/4666
00:19:09 [4667/5100] episode 47504781991903: hp 69->29 | total wins 4200/4667
00:19:10 [4668/5100] episode 47504781994904: hp 65->50 | total wins 4201/4668
00:19:10 [4669/5100] episode 47504781995603: hp 55->33 | total wins 4202/4669
00:19:11 [4670/5100] episode 47504781996602: hp 75->43 | total wins 4203/4670
00:19:11 [4671/5100] episode 47504781996703: hp 51->21 | total wins 4204/4671
00:19:11 [4672/5100] episode 47504781995903: hp 70->45 | total wins 4205/4672
00:19:12 [4673/5100] episode 47504781995705: hp 25->lost | total wins 4205/4673
00:19:12 episode 47504781997403 skipped: replay diverged from the stored fight: 1, 0, 0, 0, 0, 0, 0, 0, 1, 1, 0, 1], [8], [2, 0, 0, 1, 0, 2, 0, 1, 1, 1, 0, 2, 0]], "random_potions": true, "samples": [{"episode_id": 47504781997403000, "starting_hp": 59}], "teacher": {"leaf": "guided_rollout", "simulations: fight_resample_worker: replayed fight didn't end after its stored actions
00:19:13 [4674/5100] episode 47504781995702: hp 40->10 | total wins 4206/4674
00:19:13 [4675/5100] episode 47504781993605: hp 57->25 | total wins 4207/4675
00:19:13 episode 47504781997802 skipped: replay diverged from the stored fight: 1, 1, 0, 0, 5, 3, 1, 0, 1, 1, 1, 0, 0, 0], [7]], "random_potions": true, "samples": [{"episode_id": 47504781997802000, "starting_hp": 57}], "teacher": {"leaf": "guided_rollout", "simulations": 20000, "oracle": false, "random_: fight_resample_worker: replayed fight didn't end after its stored actions
00:19:13 episode 47504781997803 skipped: replay diverged from the stored fight: 1, 1, 0, 0, 5, 3, 1, 0, 1, 1, 1, 0, 0, 0], [7], [0, 0, 0, 1, 0, 0, 0, 1, 1, 0, 0, 0, 0, 0, 0, 1, 1, 0, 0, 1, 0, 3, 1]], "random_potions": true, "samples": [{"episode_id": 47504781997803000, "starting_hp": 56}], "teacher": {"l: fight_resample_worker: replayed fight didn't end after its stored actions
00:19:13 [4676/5100] episode 47504781991904: hp 10->7 | total wins 4208/4676
00:19:14 [4677/5100] episode 47504781996802: hp 63->40 | total wins 4209/4677
00:19:14 [4678/5100] episode 47504781997704: hp 60->56 | total wins 4210/4678
00:19:14 [4679/5100] episode 47504781996906: hp 22->lost | total wins 4210/4679
00:19:15 [4680/5100] episode 47504781993903: hp 69->24 | total wins 4211/4680
00:19:15 [4681/5100] episode 47504781996904: hp 68->37 | total wins 4212/4681
00:19:15 [4682/5100] episode 47504781998703: hp 58->52 | total wins 4213/4682
00:19:15 [4683/5100] episode 47504781994602: hp 37->1 | total wins 4214/4683
00:19:16 [4684/5100] episode 47504781999403: hp 75->59 | total wins 4215/4684
00:19:16 [4685/5100] episode 47504781990805: hp 42->7 | total wins 4216/4685
00:19:16 [4686/5100] episode 47504781998606: hp 5->lost | total wins 4216/4686
00:19:17 [4687/5100] episode 47504781997904: hp 45->lost | total wins 4216/4687
00:19:17 [4688/5100] episode 47504782000803: hp 60->28 | total wins 4217/4688
00:19:18 [4689/5100] episode 47504781999904: hp 19->lost | total wins 4217/4689
00:19:18 [4690/5100] episode 47504781998803: hp 56->18 | total wins 4218/4690
00:19:18 [4691/5100] episode 47504782000805: hp 72->72 | total wins 4219/4691
00:19:18 [4692/5100] episode 47504781999803: hp 45->13 | total wins 4220/4692
00:19:19 [4693/5100] episode 47504782000405: hp 15->lost | total wins 4220/4693
00:19:19 [4694/5100] episode 47504781999702: hp 75->5 | total wins 4221/4694
00:19:19 [4695/5100] episode 47504782001803: hp 53->21 | total wins 4222/4695
00:19:19 [4696/5100] episode 47504782000903: hp 75->55 | total wins 4223/4696
00:19:21 [4697/5100] episode 47504782003702: hp 70->38 | total wins 4224/4697
00:19:22 [4698/5100] episode 47504781997607: hp 75->60 | total wins 4225/4698
00:19:24 [4699/5100] episode 47504782002803: hp 67->47 | total wins 4226/4699
00:19:25 [4700/5100] episode 47504782004403: hp 68->35 | total wins 4227/4700
00:19:26 [4701/5100] episode 47504782002406: hp 43->28 | total wins 4228/4701
00:19:26 [4702/5100] episode 47504782004605: hp 31->19 | total wins 4229/4702
00:19:27 [4703/5100] episode 47504781993802: hp 75->41 | total wins 4230/4703
00:19:27 [4704/5100] episode 47504782000404: hp 46->12 | total wins 4231/4704
00:19:27 [4705/5100] episode 47504782001805: hp 42->29 | total wins 4232/4705
00:19:28 [4706/5100] episode 47504782005606: hp 51->32 | total wins 4233/4706
00:19:28 [4707/5100] episode 47504782000601: hp 48->lost | total wins 4233/4707
00:19:30 [4708/5100] episode 47504782005705: hp 17->lost | total wins 4233/4708
00:19:31 [4709/5100] episode 47504782006403: hp 72->44 | total wins 4234/4709
00:19:31 [4710/5100] episode 47504782004904: hp 28->13 | total wins 4235/4710
00:19:32 [4711/5100] episode 47504782003607: hp 42->15 | total wins 4236/4711
00:19:32 [4712/5100] episode 47504782006603: hp 61->42 | total wins 4237/4712
00:19:32 [4713/5100] episode 47504782004806: hp 56->30 | total wins 4238/4713
00:19:33 [4714/5100] episode 47504782007602: hp 46->26 | total wins 4239/4714
00:19:33 [4715/5100] episode 47504782006903: hp 61->33 | total wins 4240/4715
00:19:33 [4716/5100] episode 47504782005704: hp 40->lost | total wins 4240/4716
00:19:34 [4717/5100] episode 47504782004803: hp 55->15 | total wins 4241/4717
00:19:35 [4718/5100] episode 47504782006702: hp 37->2 | total wins 4242/4718
00:19:35 [4719/5100] episode 47504782007403: hp 72->29 | total wins 4243/4719
00:19:35 [4720/5100] episode 47504782008605: hp 47->25 | total wins 4244/4720
00:19:35 [4721/5100] episode 47504782003804: hp 65->33 | total wins 4245/4721
00:19:36 [4722/5100] episode 47504782007704: hp 43->19 | total wins 4246/4722
00:19:37 [4723/5100] episode 47504782005402: hp 60->25 | total wins 4247/4723
00:19:38 [4724/5100] episode 47504782009803: hp 74->58 | total wins 4248/4724
00:19:38 [4725/5100] episode 47504782009703: hp 30->lost | total wins 4248/4725
00:19:38 [4726/5100] episode 47504782009603: hp 39->9 | total wins 4249/4726
00:19:38 episode 47504782010903 skipped: replay diverged from the stored fight: ns": [[0, 0, 3, 1, 2, 0, 3, 3, 1, 1, 2, 0, 0, 0, 1, 0, 0], [0, 0, 0, 1, 0, 0, 0, 2, 2], [2, 1, 1, 0, 0, 0, 0, 1, 1, 0, 1]], "random_potions": true, "samples": [{"episode_id": 47504782010903000, "starting_hp": 52}], "teacher": {"leaf: fight_resample_worker: stored actions don't fit the replayed fight
00:19:39 [4727/5100] episode 47504782009702: hp 47->5 | total wins 4250/4727
00:19:40 [4728/5100] episode 47504782010803: hp 71->47 | total wins 4251/4728
00:19:40 [4729/5100] episode 47504782007805: hp 53->18 | total wins 4252/4729
00:19:40 [4730/5100] episode 47504782008904: hp 48->25 | total wins 4253/4730
00:19:40 [4731/5100] episode 47504782010604: hp 57->17 | total wins 4254/4731
00:19:41 [4732/5100] episode 47504782001602: hp 69->42 | total wins 4255/4732
00:19:41 [4733/5100] episode 47504782012403: hp 73->67 | total wins 4256/4733
00:19:41 [4734/5100] episode 47504782008902: hp 37->7 | total wins 4257/4734
00:19:41 [4735/5100] episode 47504782011406: hp 21->lost | total wins 4257/4735
00:19:42 [4736/5100] episode 47504782007904: hp 61->26 | total wins 4258/4736
00:19:43 [4737/5100] episode 47504782011602: hp 45->lost | total wins 4258/4737
00:19:44 [4738/5100] episode 47504782012802: hp 48->32 | total wins 4259/4738
00:19:44 [4739/5100] episode 47504782012602: hp 47->22 | total wins 4260/4739
00:19:44 [4740/5100] episode 47504782012603: hp 54->42 | total wins 4261/4740
00:19:44 [4741/5100] episode 47504782011702: hp 56->21 | total wins 4262/4741
00:19:44 [4742/5100] episode 47504782008801: hp 67->26 | total wins 4263/4742
00:19:45 [4743/5100] episode 47504782012706: hp 37->23 | total wins 4264/4743
00:19:45 [4744/5100] episode 47504782012405: hp 68->48 | total wins 4265/4744
00:19:45 [4745/5100] episode 47504782013405: hp 58->42 | total wins 4266/4745
00:19:46 [4746/5100] episode 47504782012404: hp 63->57 | total wins 4267/4746
00:19:46 episode 47504782014706 skipped: replay diverged from the stored fight: ns": [[0, 0, 0, 0, 0, 0, 0, 1, 1], [0, 0, 1, 0, 0, 1, 0, 1, 1, 0, 0, 1, 1, 1], [2, 1, 3, 0, 0, 0, 0, 0], [0, 0, 0, 1, 2, 2, 0, 0], [1, 1, 0, 0, 0, 1, 1], [3, 4, 1, 0, 0, 1, 1, 3, 1, 0, 0, 1, 1, 2, 0, 0]], "random_potions": true, "sa: fight_resample_worker: stored actions don't fit the replayed fight
00:19:46 [4747/5100] episode 47504782013805: hp 40->23 | total wins 4268/4747
00:19:46 [4748/5100] episode 47504782012904: hp 55->49 | total wins 4269/4748
00:19:46 [4749/5100] episode 47504782014602: hp 58->26 | total wins 4270/4749
00:19:47 [4750/5100] episode 47504782014903: hp 75->50 | total wins 4271/4750
00:19:47 [4751/5100] episode 47504782013403: hp 82->42 | total wins 4272/4751
00:19:48 [4752/5100] episode 47504782011804: hp 51->31 | total wins 4273/4752
00:19:48 [4753/5100] episode 47504782015801: hp 57->25 | total wins 4274/4753
00:19:49 [4754/5100] episode 47504782015604: hp 58->58 | total wins 4275/4754
00:19:49 [4755/5100] episode 47504782012801: hp 72->24 | total wins 4276/4755
00:19:50 [4756/5100] episode 47504782012903: hp 65->30 | total wins 4277/4756
00:19:50 [4757/5100] episode 47504782015704: hp 73->35 | total wins 4278/4757
00:19:50 [4758/5100] episode 47504782015905: hp 33->23 | total wins 4279/4758
00:19:51 [4759/5100] episode 47504782013804: hp 43->5 | total wins 4280/4759
00:19:52 [4760/5100] episode 47504782017404: hp 66->36 | total wins 4281/4760
00:19:52 [4761/5100] episode 47504782015902: hp 64->29 | total wins 4282/4761
00:19:53 [4762/5100] episode 47504782016806: hp 42->6 | total wins 4283/4762
00:19:54 [4763/5100] episode 47504782015403: hp 54->lost | total wins 4283/4763
00:19:54 [4764/5100] episode 47504782016704: hp 59->lost | total wins 4283/4764
00:19:54 [4765/5100] episode 47504782017803: hp 71->39 | total wins 4284/4765
00:19:55 [4766/5100] episode 47504782017703: hp 66->56 | total wins 4285/4766
00:19:55 [4767/5100] episode 47504782017903: hp 33->13 | total wins 4286/4767
00:19:55 [4768/5100] episode 47504782017804: hp 34->lost | total wins 4286/4768
00:19:55 [4769/5100] episode 47504782017603: hp 56->46 | total wins 4287/4769
00:19:55 [4770/5100] episode 47504782016702: hp 48->lost | total wins 4287/4770
00:19:56 [4771/5100] episode 47504782018904: hp 24->lost | total wins 4287/4771
00:19:57 [4772/5100] episode 47504782013702: hp 43->lost | total wins 4287/4772
00:19:57 [4773/5100] episode 47504782017406: hp 68->48 | total wins 4288/4773
00:19:57 [4774/5100] episode 47504782002905: hp 62->44 | total wins 4289/4774
00:19:58 [4775/5100] episode 47504782018907: hp 47->43 | total wins 4290/4775
00:19:58 [4776/5100] episode 47504782019602: hp 54->22 | total wins 4291/4776
00:19:59 [4777/5100] episode 47504782018705: hp 37->lost | total wins 4291/4777
00:20:00 [4778/5100] episode 47504782019403: hp 69->50 | total wins 4292/4778
00:20:00 [4779/5100] episode 47504782020406: hp 75->65 | total wins 4293/4779
00:20:00 [4780/5100] episode 47504782018804: hp 49->30 | total wins 4294/4780
00:20:00 [4781/5100] episode 47504782020603: hp 75->43 | total wins 4295/4781
00:20:01 [4782/5100] episode 47504782021405: hp 56->40 | total wins 4296/4782
00:20:02 [4783/5100] episode 47504782021905: hp 42->13 | total wins 4297/4783
00:20:03 [4784/5100] episode 47504782016602: hp 27->8 | total wins 4298/4784
00:20:05 [4785/5100] episode 47504782017902: hp 75->20 | total wins 4299/4785
00:20:05 [4786/5100] episode 47504782021704: hp 28->lost | total wins 4299/4786
00:20:05 [4787/5100] episode 47504782019703: hp 47->31 | total wins 4300/4787
00:20:05 [4788/5100] episode 47504782022404: hp 47->25 | total wins 4301/4788
00:20:05 episode 47504782023805 skipped: replay diverged from the stored fight: ns": [[2, 0, 2, 0, 2, 0, 0, 0, 0, 2, 1], [2, 0, 0, 1, 1, 1, 1, 1, 0, 0], [1, 1, 0, 0, 3, 0, 0, 0, 1, 0, 0, 0, 1, 0, 0, 1], [5, 3, 0, 0, 0, 0, 0, 2, 0, 0, 0], [0, 0, 0, 3, 1, 0, 0, 0]], "random_potions": true, "samples": [{"episode_i: fight_resample_worker: stored actions don't fit the replayed fight
00:20:05 episode 47504782023806 skipped: replay diverged from the stored fight: ns": [[2, 0, 2, 0, 2, 0, 0, 0, 0, 2, 1], [2, 0, 0, 1, 1, 1, 1, 1, 0, 0], [1, 1, 0, 0, 3, 0, 0, 0, 1, 0, 0, 0, 1, 0, 0, 1], [5, 3, 0, 0, 0, 0, 0, 2, 0, 0, 0], [0, 0, 0, 3, 1, 0, 0, 0], [2, 3, 1, 3, 5, 3, 1, 4, 0, 0, 0, 0, 0, 0, 0, 0,: fight_resample_worker: stored actions don't fit the replayed fight
00:20:06 [4789/5100] episode 47504782021806: hp 52->36 | total wins 4302/4789
00:20:06 episode 47504782023907 skipped: replay diverged from the stored fight: ns": [[3, 1, 2, 1, 0, 1, 1, 0, 3, 1], [4, 4, 5, 3, 1, 0, 1, 1, 1, 1, 2], [0, 1, 0, 1, 2, 0, 1, 3, 1, 2], [0, 2, 1, 0, 1, 1, 1, 0, 1, 1, 0, 0, 0, 1, 0, 1, 0, 1, 0, 0, 0, 0, 0, 0], [0, 0, 2, 1, 0, 0, 0, 1, 1, 0, 0, 1, 0, 0, 1, 1, 0, 2: fight_resample_worker: stored actions don't fit the replayed fight
00:20:07 [4790/5100] episode 47504782019702: hp 69->37 | total wins 4303/4790
00:20:07 [4791/5100] episode 47504782021703: hp 75->54 | total wins 4304/4791
00:20:08 [4792/5100] episode 47504782022706: hp 52->42 | total wins 4305/4792
00:20:08 [4793/5100] episode 47504782024604: hp 17->lost | total wins 4305/4793
00:20:08 [4794/5100] episode 47504782021904: hp 54->26 | total wins 4306/4794
00:20:08 [4795/5100] episode 47504782024804: hp 72->42 | total wins 4307/4795
00:20:08 [4796/5100] episode 47504782023705: hp 75->75 | total wins 4308/4796
00:20:08 [4797/5100] episode 47504782025703: hp 64->64 | total wins 4309/4797
00:20:08 [4798/5100] episode 47504782023903: hp 40->lost | total wins 4309/4798
00:20:10 [4799/5100] episode 47504782026804: hp 22->8 | total wins 4310/4799
00:20:10 [4800/5100] episode 47504782022803: hp 49->33 | total wins 4311/4800
00:20:11 [4801/5100] episode 47504782026603: hp 59->24 | total wins 4312/4801
00:20:11 [4802/5100] episode 47504782027601: hp 62->30 | total wins 4313/4802
00:20:11 [4803/5100] episode 47504782021901: hp 50->11 | total wins 4314/4803
00:20:13 [4804/5100] episode 47504782026604: hp 44->19 | total wins 4315/4804
00:20:14 [4805/5100] episode 47504782022603: hp 57->7 | total wins 4316/4805
00:20:14 [4806/5100] episode 47504782024703: hp 70->33 | total wins 4317/4806
00:20:14 [4807/5100] episode 47504782026705: hp 44->29 | total wins 4318/4807
00:20:15 [4808/5100] episode 47504782025403: hp 61->42 | total wins 4319/4808
00:20:15 [4809/5100] episode 47504782027906: hp 45->17 | total wins 4320/4809
00:20:16 [4810/5100] episode 47504782027702: hp 49->2 | total wins 4321/4810
00:20:16 [4811/5100] episode 47504782023403: hp 61->1 | total wins 4322/4811
00:20:16 [4812/5100] episode 47504782029402: hp 47->15 | total wins 4323/4812
00:20:16 [4813/5100] episode 47504782028605: hp 43->15 | total wins 4324/4813
00:20:16 [4814/5100] episode 47504782027803: hp 64->29 | total wins 4325/4814
00:20:16 [4815/5100] episode 47504782026602: hp 74->44 | total wins 4326/4815
00:20:17 [4816/5100] episode 47504782027404: hp 42->28 | total wins 4327/4816
00:20:18 [4817/5100] episode 47504782026805: hp 56->41 | total wins 4328/4817
00:20:18 [4818/5100] episode 47504782027904: hp 75->50 | total wins 4329/4818
00:20:20 [4819/5100] episode 47504782030604: hp 52->34 | total wins 4330/4819
00:20:20 [4820/5100] episode 47504782029906: hp 59->2 | total wins 4331/4820
00:20:20 episode 47504782031806 skipped: replay diverged from the stored fight: ns": [[2, 0, 0, 0, 0, 1, 1, 1, 1, 2, 0, 0, 2, 1, 0, 0, 1], [3, 2, 1, 0, 0, 1, 0, 0, 3, 0, 1, 0, 1], [3, 2, 1, 0, 1, 0], [3, 0, 1, 8, 2, 0, 0, 1, 1, 0, 0, 2, 1, 0, 0], [0, 0, 0, 3, 1, 0, 1, 1, 1, 0, 0, 0, 1, 1, 0, 0, 1, 0, 1, 2, 0, 0: fight_resample_worker: stored actions don't fit the replayed fight
00:20:20 [4821/5100] episode 47504782030603: hp 59->29 | total wins 4332/4821
00:20:20 [4822/5100] episode 47504782029603: hp 57->24 | total wins 4333/4822
00:20:20 [4823/5100] episode 47504782030904: hp 30->lost | total wins 4333/4823
00:20:21 [4824/5100] episode 47504782028702: hp 75->55 | total wins 4334/4824
00:20:21 [4825/5100] episode 47504782032701: hp 54->35 | total wins 4335/4825
00:20:23 [4826/5100] episode 47504782033401: hp 44->11 | total wins 4336/4826
00:20:23 [4827/5100] episode 47504782030705: hp 56->35 | total wins 4337/4827
00:20:24 [4828/5100] episode 47504782032702: hp 57->22 | total wins 4338/4828
00:20:24 [4829/5100] episode 47504782030702: hp 47->2 | total wins 4339/4829
00:20:24 [4830/5100] episode 47504782033602: hp 46->16 | total wins 4340/4830
00:20:25 [4831/5100] episode 47504782033403: hp 44->4 | total wins 4341/4831
00:20:25 [4832/5100] episode 47504782033803: hp 33->18 | total wins 4342/4832
00:20:25 [4833/5100] episode 47504782033605: hp 27->lost | total wins 4342/4833
00:20:26 [4834/5100] episode 47504782032401: hp 66->lost | total wins 4342/4834
00:20:26 [4835/5100] episode 47504782033901: hp 63->15 | total wins 4343/4835
00:20:26 [4836/5100] episode 47504782034704: hp 68->68 | total wins 4344/4836
00:20:27 [4837/5100] episode 47504782029801: hp 71->1 | total wins 4345/4837
00:20:27 [4838/5100] episode 47504782028904: hp 53->9 | total wins 4346/4838
00:20:27 [4839/5100] episode 47504782033703: hp 65->50 | total wins 4347/4839
00:20:28 [4840/5100] episode 47504782034905: hp 37->33 | total wins 4348/4840
00:20:28 [4841/5100] episode 47504782034803: hp 75->48 | total wins 4349/4841
00:20:28 [4842/5100] episode 47504782029703: hp 74->45 | total wins 4350/4842
00:20:29 [4843/5100] episode 47504782035603: hp 75->43 | total wins 4351/4843
00:20:30 [4844/5100] episode 47504782034907: hp 35->25 | total wins 4352/4844
00:20:30 [4845/5100] episode 47504782036602: hp 44->10 | total wins 4353/4845
00:20:30 [4846/5100] episode 47504782034605: hp 58->26 | total wins 4354/4846
00:20:30 [4847/5100] episode 47504782036802: hp 49->33 | total wins 4355/4847
00:20:31 [4848/5100] episode 47504782036706: hp 28->8 | total wins 4356/4848
00:20:31 [4849/5100] episode 47504782035801: hp 54->24 | total wins 4357/4849
00:20:31 [4850/5100] episode 47504782032805: hp 51->34 | total wins 4358/4850
00:20:31 [4851/5100] episode 47504782037702: hp 68->52 | total wins 4359/4851
00:20:31 [4852/5100] episode 47504782037602: hp 65->37 | total wins 4360/4852
00:20:32 [4853/5100] episode 47504782039403: hp 13->lost | total wins 4360/4853
00:20:33 [4854/5100] episode 47504782038803: hp 56->5 | total wins 4361/4854
00:20:33 episode 47504782040705 skipped: replay diverged from the stored fight: ns": [[0, 0, 0, 0, 0, 0, 0, 0, 0, 0, 0, 0], [1, 1, 1, 1, 0, 1, 0, 0, 1, 1], [3, 2, 0, 0, 0, 0, 1, 1, 0, 0, 1, 2], [4, 7, 7, 3, 2, 12, 27, 3, 3, 1, 2, 2, 0, 3, 2, 5, 0, 2], [1, 3, 0, 1, 0, 0, 3, 1, 1, 1, 0, 0, 1, 1, 0]], "random_poti: fight_resample_worker: stored actions don't fit the replayed fight
00:20:33 [4855/5100] episode 47504782036804: hp 47->26 | total wins 4362/4855
00:20:34 [4856/5100] episode 47504782035402: hp 75->23 | total wins 4363/4856
00:20:34 [4857/5100] episode 47504782034403: hp 36->14 | total wins 4364/4857
00:20:35 [4858/5100] episode 47504782041805: hp 51->19 | total wins 4365/4858
00:20:35 [4859/5100] episode 47504782034603: hp 41->8 | total wins 4366/4859
00:20:36 [4860/5100] episode 47504782043405: hp 6->6 | total wins 4367/4860
00:20:36 [4861/5100] episode 47504782041903: hp 64->24 | total wins 4368/4861
00:20:36 [4862/5100] episode 47504782029904: hp 62->27 | total wins 4369/4862
00:20:37 [4863/5100] episode 47504782042605: hp 37->lost | total wins 4369/4863
00:20:39 [4864/5100] episode 47504782037803: hp 43->14 | total wins 4370/4864
00:20:39 [4865/5100] episode 47504782038802: hp 75->51 | total wins 4371/4865
00:20:40 [4866/5100] episode 47504782043802: hp 41->22 | total wins 4372/4866
00:20:40 [4867/5100] episode 47504782041804: hp 25->3 | total wins 4373/4867
00:20:40 [4868/5100] episode 47504782043901: hp 56->32 | total wins 4374/4868
00:20:40 [4869/5100] episode 47504782039702: hp 35->1 | total wins 4375/4869
00:20:41 [4870/5100] episode 47504782038903: hp 75->56 | total wins 4376/4870
00:20:41 [4871/5100] episode 47504782042703: hp 60->25 | total wins 4377/4871
00:20:41 [4872/5100] episode 47504782044703: hp 41->7 | total wins 4378/4872
00:20:42 [4873/5100] episode 47504782044603: hp 64->32 | total wins 4379/4873
00:20:42 [4874/5100] episode 47504782045602: hp 54->29 | total wins 4380/4874
00:20:42 [4875/5100] episode 47504782044702: hp 64->39 | total wins 4381/4875
00:20:43 [4876/5100] episode 47504782043703: hp 60->8 | total wins 4382/4876
00:20:43 [4877/5100] episode 47504782043904: hp 43->30 | total wins 4383/4877
00:20:44 [4878/5100] episode 47504782045904: hp 75->59 | total wins 4384/4878
00:20:44 [4879/5100] episode 47504782044604: hp 49->24 | total wins 4385/4879
00:20:44 [4880/5100] episode 47504782044904: hp 66->35 | total wins 4386/4880
00:20:45 [4881/5100] episode 47504782039804: hp 65->35 | total wins 4387/4881
00:20:45 [4882/5100] episode 47504782043903: hp 44->19 | total wins 4388/4882
00:20:50 [4883/5100] episode 47504782045403: hp 73->43 | total wins 4389/4883
00:20:55 [4884/5100] episode 47504782043803: hp 51->21 | total wins 4390/4884
00:20:55 done in 35.3 min: {'schema': 'combat_v3', 'query': "select * from combat_v3\nwhere id = 'act1-all-bosses-a20-scaled-search' and source_episode_id is null and category = 'elite'\n  and run_seed % 10 in (4,6,7,8,9)\n  and episode_id in (\n    select episode_id from (\n      select episode_id, row_number() over (partition by encounter order by hash(episode_id)) k\n      from (select distinct episode_id, encounter from combat_v3\n            where id = 'act1-all-bosses-a20-scaled-search' and source_episode_id is null and category = 'elite'\n              and run_seed % 10 in (4,6,7,8,9)))\n    where k <= 1700)\n", 'sources': ['combat_v3/2026-09-26/act1-all-bosses-a20-scaled-search'], 'value_run': None, 'teacher': {'child_min_visits': 50, 'chunk': 500, 'early_stop': True, 'forced_simulations': 500, 'leaf': 'guided_rollout', 'max_actions': 512, 'oracle': False, 'particles': 8, 'random_move': False, 'random_window': 24, 'simulations': 20000}, 'worker_sha256': '3142e8a1594d4e7132b1afb7f376f0e8b2fd3ab18084d757031e2f07f2c92e81', 'samples': 1, 'hp_sd': 10.0, 'random_potions': True, 'source_fights': 5100, 'fights': 4884, 'wins': 4390, 'mean_terminal_value': 0.4580053482538968, 'seconds_per_fight': 4.733238292707838, 'skipped_diverged': 216, 'skipped_episodes': [47504780838704, 47504780849703, 47504780849706, 47504780861403, 47504780861405, 47504780874405, 47504780878904, 47504780890903, 47504780890905, 47504780911402, 47504780913706, 47504780919407, 47504780919804, 47504780925806, 47504780928604, 47504780929406, 47504780932704, 47504780932705, 47504780937403, 47504780949404, 47504780951703, 47504780953804, 47504780954604, 47504780967804, 47504780978804, 47504780986605, 47504780989603, 47504780989605, 47504780998604, 47504780999404, 47504781015705, 47504781016605, 47504781019905, 47504781021603, 47504781021604, 47504781023604, 47504781027804, 47504781028405, 47504781046403, 47504781048703, 47504781053603, 47504781061403, 47504781076403, 47504781091704, 47504781103404, 47504781108904, 47504781125703, 47504781142903, 47504781148703, 47504781148704, 47504781159902, 47504781172402, 47504781193402, 47504781195704, 47504781195706, 47504781195707, 47504781196603, 47504781219804, 47504781224705, 47504781227603, 47504781227805, 47504781227905, 47504781246903, 47504781249405, 47504781255703, 47504781258905, 47504781261904, 47504781267803, 47504781267804, 47504781269902, 47504781269903, 47504781271404, 47504781287606, 47504781288904, 47504781311702, 47504781311705, 47504781311804, 47504781311807, 47504781314806, 47504781317903, 47504781339603, 47504781341405, 47504781349603, 47504781349605, 47504781369602, 47504781372606, 47504781376806, 47504781391806, 47504781402803, 47504781404905, 47504781421605, 47504781436902, 47504781436903, 47504781449807, 47504781456803, 47504781458803, 47504781463604, 47504781483804, 47504781493803, 47504781493804, 47504781493807, 47504781498405, 47504781504606, 47504781507706, 47504781513902, 47504781513904, 47504781514406, 47504781518602, 47504781520904, 47504781525703, 47504781538405, 47504781538704, 47504781542406, 47504781555802, 47504781556406, 47504781561805, 47504781567705, 47504781570403, 47504781571803, 47504781572903, 47504781583905, 47504781583906, 47504781591405, 47504781596604, 47504781596904, 47504781598803, 47504781598805, 47504781619904, 47504781623904, 47504781625703, 47504781631605, 47504781642906, 47504781645803, 47504781652906, 47504781654705, 47504781657804, 47504781657806, 47504781664803, 47504781669604, 47504781677403, 47504781677406, 47504781688604, 47504781688805, 47504781689906, 47504781696703, 47504781696704, 47504781711403, 47504781711406, 47504781711603, 47504781721404, 47504781740706, 47504781744604, 47504781744606, 47504781748804, 47504781748805, 47504781752904, 47504781753706, 47504781754806, 47504781757704, 47504781776905, 47504781792402, 47504781796603, 47504781797704, 47504781798803, 47504781799602, 47504781799603, 47504781802705, 47504781803704, 47504781803707, 47504781808803, 47504781808804, 47504781808905, 47504781810603, 47504781816603, 47504781818603, 47504781821603, 47504781821604, 47504781821606, 47504781822904, 47504781825902, 47504781825903, 47504781829403, 47504781832805, 47504781835604, 47504781864704, 47504781873404, 47504781873804, 47504781883805, 47504781885404, 47504781890804, 47504781901805, 47504781904704, 47504781905603, 47504781916705, 47504781936704, 47504781936904, 47504781941604, 47504781941605, 47504781944803, 47504781964806, 47504781970905, 47504781971904, 47504781972703, 47504781981904, 47504781991403, 47504781993703, 47504781997403, 47504781997802, 47504781997803, 47504782010903, 47504782014706, 47504782023805, 47504782023806, 47504782023907, 47504782031806, 47504782040705]}
run: done (exit 0) /home/sborowsk/project/sts_combat_rl/runs/schema=combat_v3/date=2026-09-27/id=elite-v3-teacher
