run: /home/sborowsk/project/sts_combat_rl/runs/schema=combat_v3/date=2026-09-28/id=elite-v3-selfplay
log: /home/sborowsk/project/sts_combat_rl/runs/schema=combat_v3/date=2026-09-28/id=elite-v3-selfplay/logs/stdout.log (stderr: /home/sborowsk/project/sts_combat_rl/runs/schema=combat_v3/date=2026-09-28/id=elite-v3-selfplay/logs/stderr.log)
02:08:55 2436 source fights x 1 samples, hp_sd 10.0, random_potions True, teacher {'leaf': 'policy_net', 'simulations': 20000, 'oracle': False, 'random_move': False, 'particles': 8, 'fpu_reduction': 0.05, 'c_puct': 1.0, 'prior_floor': 0.03}, weights /home/sborowsk/project/sts_combat_rl/runs/schema=combat_v3/date=2026-09-28/id=elite-v3-selfplay/out/value_weights.bin, 11 workers -> /home/sborowsk/project/sts_combat_rl/runs/schema=combat_v3/date=2026-09-28/id=elite-v3-selfplay/out
02:08:56 [1/2436] episode 47504780838403: hp 75->43 | total wins 1/1
02:08:59 [2/2436] episode 47504780837603: hp 75->36 | total wins 2/2
02:09:00 [3/2436] episode 47504780835804: hp 64->46 | total wins 3/3
02:09:00 [4/2436] episode 47504780836703: hp 28->8 | total wins 4/4
02:09:02 [5/2436] episode 47504780836403: hp 20->lost | total wins 4/5
02:09:02 [6/2436] episode 47504780839403: hp 31->11 | total wins 5/6
02:09:02 [7/2436] episode 47504780838603: hp 62->52 | total wins 6/7
02:09:05 [8/2436] episode 47504780837804: hp 65->56 | total wins 7/8
02:09:05 [9/2436] episode 47504780841401: hp 70->30 | total wins 8/9
02:09:05 [10/2436] episode 47504780840802: hp 55->31 | total wins 9/10
02:09:06 [11/2436] episode 47504780839604: hp 66->30 | total wins 10/11
02:09:06 [12/2436] episode 47504780841603: hp 75->40 | total wins 11/12
02:09:07 [13/2436] episode 47504780842803: hp 66->49 | total wins 12/13
02:09:07 [14/2436] episode 47504780835805: hp 51->26 | total wins 13/14
02:09:10 [15/2436] episode 47504780845604: hp 7->lost | total wins 13/15
02:09:11 [16/2436] episode 47504780836401: hp 38->lost | total wins 13/16
02:09:12 [17/2436] episode 47504780839607: hp 57->45 | total wins 14/17
02:09:12 [18/2436] episode 47504780842403: hp 26->2 | total wins 15/18
02:09:13 [19/2436] episode 47504780839905: hp 34->14 | total wins 16/19
02:09:13 [20/2436] episode 47504780847604: hp 44->30 | total wins 17/20
02:09:14 [21/2436] episode 47504780836704: hp 41->6 | total wins 18/21
02:09:16 [22/2436] episode 47504780847704: hp 43->13 | total wins 19/22
02:09:16 [23/2436] episode 47504780846902: hp 39->5 | total wins 20/23
02:09:17 [24/2436] episode 47504780847802: hp 63->39 | total wins 21/24
02:09:17 [25/2436] episode 47504780848704: hp 72->54 | total wins 22/25
02:09:19 [26/2436] episode 47504780846805: hp 60->54 | total wins 23/26
02:09:21 [27/2436] episode 47504780843702: hp 43->lost | total wins 23/27
02:09:21 [28/2436] episode 47504780843805: hp 67->32 | total wins 24/28
02:09:21 [29/2436] episode 47504780844703: hp 75->50 | total wins 25/29
02:09:22 [30/2436] episode 47504780846904: hp 75->75 | total wins 26/30
02:09:22 [31/2436] episode 47504780839803: hp 22->6 | total wins 27/31
02:09:23 [32/2436] episode 47504780851702: hp 66->34 | total wins 28/32
02:09:24 [33/2436] episode 47504780853401: hp 75->51 | total wins 29/33
02:09:27 [34/2436] episode 47504780850906: hp 50->30 | total wins 30/34
02:09:27 [35/2436] episode 47504780851903: hp 75->46 | total wins 31/35
02:09:28 [36/2436] episode 47504780853802: hp 60->44 | total wins 32/36
02:09:32 [37/2436] episode 47504780854603: hp 75->40 | total wins 33/37
02:09:32 [38/2436] episode 47504780849902: hp 66->26 | total wins 34/38
02:09:32 [39/2436] episode 47504780853604: hp 47->7 | total wins 35/39
02:09:34 [40/2436] episode 47504780855607: hp 1->lost | total wins 35/40
02:09:35 [41/2436] episode 47504780852601: hp 74->lost | total wins 35/41
02:09:35 [42/2436] episode 47504780851803: hp 55->29 | total wins 36/42
02:09:36 [43/2436] episode 47504780856601: hp 14->lost | total wins 36/43
02:09:36 [44/2436] episode 47504780849803: hp 57->24 | total wins 37/44
02:09:36 [45/2436] episode 47504780851605: hp 57->44 | total wins 38/45
02:09:36 episode 47504780860704 skipped: replay diverged from the stored fight: 1, 0, 0, 0, 0, 1, 0, 0, 1, 0, 0, 1, 0, 0, 1, 1], [4], [1, 1, 0, 3, 0, 0, 1], [0, 0, 0, 3, 1, 0, 0, 0, 1, 2, 0]], "random_potions": true, "samples": [{"episode_id": 47504780860704000, "starting_hp": 52}], "teacher": {"leaf": ": fight_resample_worker: replayed fight didn't end after its stored actions
02:09:36 episode 47504780860706 skipped: replay diverged from the stored fight: 1, 0, 0, 0, 0, 1, 0, 0, 1, 0, 0, 1, 0, 0, 1, 1], [4], [1, 1, 0, 3, 0, 0, 1], [0, 0, 0, 3, 1, 0, 0, 0, 1, 2, 0], [2, 2, 0, 0, 3, 0, 0, 0, 0, 2, 0, 0, 0, 0, 0], [3, 2, 0, 1, 0, 0, 0, 0]], "random_potions": true, "samples": [{"e: fight_resample_worker: replayed fight didn't end after its stored actions
02:09:36 [46/2436] episode 47504780853608: hp 28->21 | total wins 39/46
02:09:38 [47/2436] episode 47504780845702: hp 66->21 | total wins 40/47
02:09:38 [48/2436] episode 47504780856703: hp 29->4 | total wins 41/48
02:09:39 [49/2436] episode 47504780848803: hp 35->lost | total wins 41/49
02:09:39 [50/2436] episode 47504780862603: hp 57->30 | total wins 42/50
02:09:40 [51/2436] episode 47504780857604: hp 67->39 | total wins 43/51
02:09:46 [52/2436] episode 47504780861901: hp 55->15 | total wins 44/52
02:09:46 [53/2436] episode 47504780855902: hp 53->33 | total wins 45/53
02:09:46 [54/2436] episode 47504780855603: hp 66->26 | total wins 46/54
02:09:49 [55/2436] episode 47504780862605: hp 45->29 | total wins 47/55
02:09:49 [56/2436] episode 47504780863406: hp 48->37 | total wins 48/56
02:09:49 [57/2436] episode 47504780864602: hp 71->48 | total wins 49/57
02:09:50 [58/2436] episode 47504780865903: hp 65->44 | total wins 50/58
02:09:50 [59/2436] episode 47504780859802: hp 55->5 | total wins 51/59
02:09:52 [60/2436] episode 47504780854702: hp 60->25 | total wins 52/60
02:09:52 [61/2436] episode 47504780856803: hp 75->63 | total wins 53/61
02:09:52 episode 47504780868706 skipped: replay diverged from the stored fight: 2, 2, 1, 0, 1, 1, 0, 0, 2], [1, 1, 0, 1, 2, 1, 0, 2, 0, 0, 0], [1, 0, 0, 1, 1, 1, 0, 1], [0, 1, 0, 2, 1, 1, 0, 0, 1, 0, 0, 1, 1, 0, 2, 1, 0, 0, 2, 0], [0, 1, 1, 0, 1, 0, 0, 0, 0, 1, 0, 1, 0, 0, 4, 0, 0, 1, 2, 2, 0, 0], [11, 0: fight_resample_worker: replayed fight didn't end after its stored actions
02:09:52 [62/2436] episode 47504780861802: hp 75->59 | total wins 54/62
02:09:53 [63/2436] episode 47504780868403: hp 65->35 | total wins 55/63
02:09:53 [64/2436] episode 47504780869901: hp 68->36 | total wins 56/64
02:09:56 [65/2436] episode 47504780863607: hp 54->40 | total wins 57/65
02:09:58 [66/2436] episode 47504780863905: hp 50->32 | total wins 58/66
02:09:59 [67/2436] episode 47504780862703: hp 85->52 | total wins 59/67
02:09:59 [68/2436] episode 47504780865403: hp 39->lost | total wins 59/68
02:10:01 [69/2436] episode 47504780871401: hp 61->29 | total wins 60/69
02:10:02 [70/2436] episode 47504780870602: hp 25->lost | total wins 60/70
02:10:02 [71/2436] episode 47504780871603: hp 57->37 | total wins 61/71
02:10:04 [72/2436] episode 47504780868404: hp 53->48 | total wins 62/72
02:10:04 episode 47504780875904 skipped: replay diverged from the stored fight: 0, 0, 0, 1, 1, 0, 0, 0, 1, 0, 1], [4], [4, 4, 1, 1, 2, 0, 0, 1, 1, 1], [0, 0, 0, 1, 2, 2, 0, 0, 0, 0, 0, 0, 0, 0, 0, 0, 0]], "random_potions": true, "samples": [{"episode_id": 47504780875904000, "starting_hp": 46}], "teacher": fight_resample_worker: replayed fight didn't end after its stored actions
02:10:05 [73/2436] episode 47504780873402: hp 66->47 | total wins 63/73
02:10:05 [74/2436] episode 47504780874804: hp 69->38 | total wins 64/74
02:10:05 [75/2436] episode 47504780872604: hp 1->lost | total wins 64/75
02:10:10 [76/2436] episode 47504780875802: hp 40->21 | total wins 65/76
02:10:10 episode 47504780878903 skipped: replay diverged from the stored fight: 0, 1, 0, 0, 1, 1, 1, 0, 0, 0, 1, 1, 1, 0, 0, 0], [0, 0, 0, 0, 0, 0, 1, 0, 0, 0, 0], [5]], "random_potions": true, "samples": [{"episode_id": 47504780878903000, "starting_hp": 51}], "teacher": {"leaf": "policy_net", "simulatio: fight_resample_worker: replayed fight didn't end after its stored actions
02:10:11 [77/2436] episode 47504780873601: hp 74->14 | total wins 66/77
02:10:12 [78/2436] episode 47504780879405: hp 34->34 | total wins 67/78
02:10:15 [79/2436] episode 47504780881604: hp 75->43 | total wins 68/79
02:10:15 [80/2436] episode 47504780876603: hp 55->23 | total wins 69/80
02:10:15 [81/2436] episode 47504780866701: hp 52->lost | total wins 69/81
02:10:15 [82/2436] episode 47504780864702: hp 55->6 | total wins 70/82
02:10:19 [83/2436] episode 47504780874606: hp 68->lost | total wins 70/83
02:10:19 [84/2436] episode 47504780881704: hp 75->70 | total wins 71/84
02:10:21 [85/2436] episode 47504780877705: hp 56->30 | total wins 72/85
02:10:21 [86/2436] episode 47504780863703: hp 60->lost | total wins 72/86
02:10:21 [87/2436] episode 47504780873906: hp 67->49 | total wins 73/87
02:10:23 [88/2436] episode 47504780883902: hp 42->lost | total wins 73/88
02:10:24 [89/2436] episode 47504780876902: hp 58->39 | total wins 74/89
02:10:24 [90/2436] episode 47504780885606: hp 60->41 | total wins 75/90
02:10:28 [91/2436] episode 47504780881903: hp 70->32 | total wins 76/91
02:10:30 [92/2436] episode 47504780883404: hp 20->10 | total wins 77/92
02:10:33 [93/2436] episode 47504780888403: hp 46->14 | total wins 78/93
02:10:35 [94/2436] episode 47504780878403: hp 49->lost | total wins 78/94
02:10:37 [95/2436] episode 47504780885803: hp 65->44 | total wins 79/95
02:10:37 [96/2436] episode 47504780886702: hp 64->40 | total wins 80/96
02:10:37 [97/2436] episode 47504780884702: hp 60->37 | total wins 81/97
02:10:37 [98/2436] episode 47504780880904: hp 58->36 | total wins 82/98
02:10:38 [99/2436] episode 47504780888602: hp 62->32 | total wins 83/99
02:10:40 [100/2436] episode 47504780889902: hp 69->53 | total wins 84/100
02:10:41 [101/2436] episode 47504780884601: hp 75->38 | total wins 85/101
02:10:41 [102/2436] episode 47504780888807: hp 75->60 | total wins 86/102
02:10:41 [103/2436] episode 47504780885902: hp 75->38 | total wins 87/103
02:10:41 episode 47504780892905 skipped: replay diverged from the stored fight: 0, 1, 0, 1, 1, 1, 0, 0, 0], [2, 4, 0, 0, 0, 0, 2, 0, 1, 1], [4, 4, 1, 1, 1, 0, 0, 0, 1, 0, 0, 3, 2], [13, 1, 0, 1, 0, 0, 1, 0, 2, 1, 1, 2], [5]], "random_potions": true, "samples": [{"episode_id": 47504780892905000, "starting: fight_resample_worker: replayed fight didn't end after its stored actions
02:10:43 [104/2436] episode 47504780892602: hp 54->34 | total wins 88/104
02:10:43 [105/2436] episode 47504780891402: hp 42->42 | total wins 89/105
02:10:43 [106/2436] episode 47504780893704: hp 56->45 | total wins 90/106
02:10:47 [107/2436] episode 47504780887403: hp 57->12 | total wins 91/107
02:10:50 [108/2436] episode 47504780887705: hp 23->4 | total wins 92/108
02:10:50 [109/2436] episode 47504780895402: hp 49->lost | total wins 92/109
02:10:53 [110/2436] episode 47504780896804: hp 62->62 | total wins 93/110
02:10:54 [111/2436] episode 47504780892604: hp 43->28 | total wins 94/111
02:10:54 [112/2436] episode 47504780886402: hp 58->14 | total wins 95/112
02:10:55 [113/2436] episode 47504780897403: hp 52->42 | total wins 96/113
02:10:55 [114/2436] episode 47504780891606: hp 48->38 | total wins 97/114
02:10:56 [115/2436] episode 47504780891603: hp 71->37 | total wins 98/115
02:10:57 [116/2436] episode 47504780892803: hp 32->lost | total wins 98/116
02:10:57 [117/2436] episode 47504780892704: hp 69->44 | total wins 99/117
02:10:58 [118/2436] episode 47504780897703: hp 73->58 | total wins 100/118
02:10:59 [119/2436] episode 47504780893903: hp 75->52 | total wins 101/119
02:10:59 [120/2436] episode 47504780895704: hp 55->47 | total wins 102/120
02:10:59 [121/2436] episode 47504780899604: hp 48->28 | total wins 103/121
02:11:00 [122/2436] episode 47504780900704: hp 52->20 | total wins 104/122
02:11:02 [123/2436] episode 47504780899905: hp 43->11 | total wins 105/123
02:11:03 [124/2436] episode 47504780899704: hp 24->2 | total wins 106/124
02:11:04 [125/2436] episode 47504780896904: hp 68->36 | total wins 107/125
02:11:05 [126/2436] episode 47504780900706: hp 24->lost | total wins 107/126
02:11:05 [127/2436] episode 47504780902702: hp 41->6 | total wins 108/127
02:11:05 [128/2436] episode 47504780896701: hp 75->15 | total wins 109/128
02:11:05 [129/2436] episode 47504780899606: hp 33->3 | total wins 110/129
02:11:06 [130/2436] episode 47504780902803: hp 75->61 | total wins 111/130
02:11:09 [131/2436] episode 47504780896602: hp 75->40 | total wins 112/131
02:11:10 [132/2436] episode 47504780904901: hp 48->13 | total wins 113/132
02:11:11 [133/2436] episode 47504780904605: hp 66->56 | total wins 114/133
02:11:14 [134/2436] episode 47504780899803: hp 58->lost | total wins 114/134
02:11:14 [135/2436] episode 47504780902602: hp 57->lost | total wins 114/135
02:11:14 [136/2436] episode 47504780898704: hp 61->55 | total wins 115/136
02:11:14 [137/2436] episode 47504780902704: hp 38->20 | total wins 116/137
02:11:15 [138/2436] episode 47504780906804: hp 18->6 | total wins 117/138
02:11:17 [139/2436] episode 47504780907805: hp 29->19 | total wins 118/139
02:11:21 [140/2436] episode 47504780904804: hp 49->lost | total wins 118/140
02:11:22 [141/2436] episode 47504780904703: hp 75->54 | total wins 119/141
02:11:22 [142/2436] episode 47504780907804: hp 62->37 | total wins 120/142
02:11:22 [143/2436] episode 47504780904903: hp 52->28 | total wins 121/143
02:11:24 [144/2436] episode 47504780905801: hp 50->lost | total wins 121/144
02:11:26 [145/2436] episode 47504780909905: hp 59->34 | total wins 122/145
02:11:27 [146/2436] episode 47504780906903: hp 61->38 | total wins 123/146
02:11:28 [147/2436] episode 47504780911904: hp 75->48 | total wins 124/147
02:11:28 [148/2436] episode 47504780912604: hp 59->27 | total wins 125/148
02:11:29 [149/2436] episode 47504780910903: hp 46->16 | total wins 126/149
02:11:29 [150/2436] episode 47504780910603: hp 52->17 | total wins 127/150
02:11:30 [151/2436] episode 47504780908606: hp 44->20 | total wins 128/151
02:11:30 [152/2436] episode 47504780912803: hp 65->29 | total wins 129/152
02:11:30 [153/2436] episode 47504780904604: hp 41->32 | total wins 130/153
02:11:32 [154/2436] episode 47504780903602: hp 75->23 | total wins 131/154
02:11:34 [155/2436] episode 47504780911805: hp 33->lost | total wins 131/155
02:11:37 [156/2436] episode 47504780916605: hp 46->22 | total wins 132/156
02:11:38 [157/2436] episode 47504780916701: hp 61->24 | total wins 133/157
02:11:39 [158/2436] episode 47504780916805: hp 63->38 | total wins 134/158
02:11:39 [159/2436] episode 47504780915602: hp 47->12 | total wins 135/159
02:11:39 episode 47504780918604 skipped: replay diverged from the stored fight: 0, 0, 0, 1, 0, 1], [1, 2, 0, 1, 0, 0, 0, 1, 0, 0, 1, 3], [2, 1, 1, 0, 2, 2, 1, 1], [10]], "random_potions": true, "samples": [{"episode_id": 47504780918604000, "starting_hp": 65}], "teacher": {"leaf": "policy_net", "simulatio: fight_resample_worker: replayed fight didn't end after its stored actions
02:11:39 [160/2436] episode 47504780908403: hp 70->40 | total wins 136/160
02:11:41 [161/2436] episode 47504780916806: hp 59->51 | total wins 137/161
02:11:42 [162/2436] episode 47504780918802: hp 67->39 | total wins 138/162
02:11:42 episode 47504780919405 skipped: replay diverged from the stored fight: ns": [[1, 0, 0, 0, 0, 0, 0, 3, 0, 0, 0, 0, 0], [0, 1, 0, 1, 2, 0, 0, 1, 1, 0], [0, 1, 0, 2, 3, 4, 2, 2, 1, 3, 0], [1, 4, 2, 0, 4, 0, 1, 0, 1, 1, 0, 1, 0, 0], [3, 3, 1, 1, 1, 3, 3, 3, 6, 6]], "random_potions": true, "samples": [{"epi: fight_resample_worker: stored actions don't fit the replayed fight
02:11:44 [163/2436] episode 47504780914403: hp 48->28 | total wins 139/163
02:11:46 [164/2436] episode 47504780917401: hp 48->3 | total wins 140/164
02:11:46 [165/2436] episode 47504780913802: hp 29->18 | total wins 141/165
02:11:46 [166/2436] episode 47504780921404: hp 56->44 | total wins 142/166
02:11:48 [167/2436] episode 47504780921905: hp 56->44 | total wins 143/167
02:11:48 [168/2436] episode 47504780918905: hp 67->61 | total wins 144/168
02:11:49 [169/2436] episode 47504780917904: hp 37->lost | total wins 144/169
02:11:50 [170/2436] episode 47504780917402: hp 49->35 | total wins 145/170
02:11:51 [171/2436] episode 47504780923702: hp 75->59 | total wins 146/171
02:11:51 [172/2436] episode 47504780914903: hp 70->55 | total wins 147/172
02:11:53 [173/2436] episode 47504780917803: hp 69->49 | total wins 148/173
02:11:54 [174/2436] episode 47504780925603: hp 40->8 | total wins 149/174
02:11:55 [175/2436] episode 47504780924802: hp 66->32 | total wins 150/175
02:11:55 [176/2436] episode 47504780914901: hp 69->lost | total wins 150/176
02:11:57 [177/2436] episode 47504780923803: hp 36->24 | total wins 151/177
02:11:57 [178/2436] episode 47504780922603: hp 39->19 | total wins 152/178
02:12:01 [179/2436] episode 47504780927902: hp 34->18 | total wins 153/179
02:12:01 [180/2436] episode 47504780918702: hp 56->41 | total wins 154/180
02:12:01 [181/2436] episode 47504780923406: hp 38->lost | total wins 154/181
02:12:02 [182/2436] episode 47504780922702: hp 53->23 | total wins 155/182
02:12:03 [183/2436] episode 47504780930406: hp 39->23 | total wins 156/183
02:12:04 [184/2436] episode 47504780921802: hp 75->30 | total wins 157/184
02:12:04 [185/2436] episode 47504780929704: hp 51->31 | total wins 158/185
02:12:05 [186/2436] episode 47504780928402: hp 35->13 | total wins 159/186
02:12:05 episode 47504780931607 skipped: replay diverged from the stored fight: 0, 0, 1, 0, 0, 0, 0, 0, 0, 0, 0, 1, 1, 0], [3, 3, 1, 0, 0, 0, 1, 0, 0, 0, 2, 2], [0, 2, 2, 0, 0, 0, 2, 3, 0, 0, 1, 0, 0, 0, 1, 1, 0, 0, 0], [4, 0, 1, 0, 0, 0, 3, 0, 1, 0, 1, 2, 1], [3, 0, 0, 1, 5, 1, 3], [8], [5, 2, 2, 0, 0, : fight_resample_worker: replayed fight didn't end after its stored actions
02:12:05 [187/2436] episode 47504780924904: hp 56->45 | total wins 160/187
02:12:05 [188/2436] episode 47504780930903: hp 36->20 | total wins 161/188
02:12:05 [189/2436] episode 47504780930805: hp 60->44 | total wins 162/189
02:12:06 [190/2436] episode 47504780927703: hp 42->2 | total wins 163/190
02:12:07 [191/2436] episode 47504780931903: hp 51->29 | total wins 164/191
02:12:08 [192/2436] episode 47504780930402: hp 75->30 | total wins 165/192
02:12:08 [193/2436] episode 47504780933405: hp 25->9 | total wins 166/193
02:12:09 [194/2436] episode 47504780929904: hp 45->20 | total wins 167/194
02:12:09 [195/2436] episode 47504780933604: hp 68->64 | total wins 168/195
02:12:10 [196/2436] episode 47504780927803: hp 44->23 | total wins 169/196
02:12:11 [197/2436] episode 47504780934402: hp 54->22 | total wins 170/197
02:12:11 [198/2436] episode 47504780934804: hp 60->44 | total wins 171/198
02:12:13 [199/2436] episode 47504780921903: hp 70->56 | total wins 172/199
02:12:13 [200/2436] episode 47504780934704: hp 47->31 | total wins 173/200
02:12:13 [201/2436] episode 47504780930603: hp 54->30 | total wins 174/201
02:12:13 episode 47504780937903 skipped: replay diverged from the stored fight: ns": [[1, 0, 0, 0, 0, 1, 0, 0, 0, 1, 0, 0, 0], [0, 3, 0, 0, 2, 1, 1, 0, 1, 0, 0, 0], [0, 0, 1, 0, 1, 0, 1, 1, 0, 1, 1, 2, 0, 1, 1]], "random_potions": true, "samples": [{"episode_id": 47504780937903000, "starting_hp": 15}], "teacher: fight_resample_worker: stored actions don't fit the replayed fight
02:12:16 [202/2436] episode 47504780934903: hp 37->lost | total wins 174/202
02:12:16 [203/2436] episode 47504780934805: hp 36->2 | total wins 175/203
02:12:17 [204/2436] episode 47504780931905: hp 34->18 | total wins 176/204
02:12:17 [205/2436] episode 47504780936805: hp 75->64 | total wins 177/205
02:12:18 [206/2436] episode 47504780927607: hp 41->21 | total wins 178/206
02:12:18 [207/2436] episode 47504780939605: hp 37->37 | total wins 179/207
02:12:19 [208/2436] episode 47504780938604: hp 61->26 | total wins 180/208
02:12:20 [209/2436] episode 47504780934803: hp 60->53 | total wins 181/209
02:12:23 [210/2436] episode 47504780936903: hp 53->18 | total wins 182/210
02:12:23 [211/2436] episode 47504780938803: hp 33->lost | total wins 182/211
02:12:23 [212/2436] episode 47504780935604: hp 42->2 | total wins 183/212
02:12:24 [213/2436] episode 47504780940402: hp 33->lost | total wins 183/213
02:12:25 [214/2436] episode 47504780941804: hp 52->36 | total wins 184/214
02:12:26 [215/2436] episode 47504780939404: hp 52->7 | total wins 185/215
02:12:28 [216/2436] episode 47504780939703: hp 48->28 | total wins 186/216
02:12:29 [217/2436] episode 47504780932902: hp 55->lost | total wins 186/217
02:12:29 [218/2436] episode 47504780938402: hp 68->17 | total wins 187/218
02:12:31 [219/2436] episode 47504780942403: hp 68->42 | total wins 188/219
02:12:32 [220/2436] episode 47504780939804: hp 63->44 | total wins 189/220
02:12:32 [221/2436] episode 47504780944701: hp 64->18 | total wins 190/221
02:12:32 [222/2436] episode 47504780944704: hp 10->lost | total wins 190/222
02:12:32 [223/2436] episode 47504780941404: hp 75->25 | total wins 191/223
02:12:35 [224/2436] episode 47504780934702: hp 75->26 | total wins 192/224
02:12:36 [225/2436] episode 47504780945804: hp 31->15 | total wins 193/225
02:12:36 [226/2436] episode 47504780941406: hp 43->31 | total wins 194/226
02:12:38 [227/2436] episode 47504780944802: hp 63->33 | total wins 195/227
02:12:39 [228/2436] episode 47504780945404: hp 53->46 | total wins 196/228
02:12:42 [229/2436] episode 47504780947805: hp 41->21 | total wins 197/229
02:12:42 [230/2436] episode 47504780947803: hp 69->36 | total wins 198/230
02:12:43 [231/2436] episode 47504780943904: hp 62->40 | total wins 199/231
02:12:45 [232/2436] episode 47504780941904: hp 48->lost | total wins 199/232
02:12:47 [233/2436] episode 47504780945905: hp 65->55 | total wins 200/233
02:12:49 [234/2436] episode 47504780944403: hp 52->lost | total wins 200/234
02:12:49 [235/2436] episode 47504780942604: hp 57->27 | total wins 201/235
02:12:49 [236/2436] episode 47504780950402: hp 75->46 | total wins 202/236
02:12:52 [237/2436] episode 47504780946805: hp 68->29 | total wins 203/237
02:12:54 [238/2436] episode 47504780949805: hp 47->30 | total wins 204/238
02:12:54 episode 47504780954805 skipped: replay diverged from the stored fight: 1, 1, 0, 0, 1, 0, 0, 0, 0, 1, 0, 1, 2], [1, 1, 2, 1, 0, 0, 0, 0, 0, 2, 0], [6], [3, 2, 1, 1, 0, 0, 0, 1, 0, 0, 3, 0, 0], [1, 2, 1, 0, 0, 1, 0, 0, 0, 0, 1, 1, 1, 0, 0, 0, 2, 0, 0, 0, 0, 2, 0, 0]], "random_potions": true, "samp: fight_resample_worker: replayed fight didn't end after its stored actions
02:12:56 [239/2436] episode 47504780948804: hp 46->16 | total wins 205/239
02:12:56 [240/2436] episode 47504780955904: hp 75->64 | total wins 206/240
02:12:59 [241/2436] episode 47504780949701: hp 47->5 | total wins 207/241
02:13:00 [242/2436] episode 47504780945903: hp 59->lost | total wins 207/242
02:13:00 [243/2436] episode 47504780952704: hp 75->75 | total wins 208/243
02:13:01 [244/2436] episode 47504780947903: hp 72->22 | total wins 209/244
02:13:02 [245/2436] episode 47504780957904: hp 75->29 | total wins 210/245
02:13:04 [246/2436] episode 47504780942703: hp 75->lost | total wins 210/246
02:13:04 [247/2436] episode 47504780958906: hp 61->51 | total wins 211/247
02:13:04 [248/2436] episode 47504780956704: hp 35->lost | total wins 211/248
02:13:05 [249/2436] episode 47504780948904: hp 55->21 | total wins 212/249
02:13:05 [250/2436] episode 47504780956604: hp 42->lost | total wins 212/250
02:13:05 [251/2436] episode 47504780960802: hp 72->26 | total wins 213/251
02:13:09 [252/2436] episode 47504780960805: hp 39->14 | total wins 214/252
02:13:10 [253/2436] episode 47504780958604: hp 75->45 | total wins 215/253
02:13:15 [254/2436] episode 47504780950903: hp 55->15 | total wins 216/254
02:13:16 [255/2436] episode 47504780964405: hp 45->31 | total wins 217/255
02:13:19 [256/2436] episode 47504780953802: hp 40->12 | total wins 218/256
02:13:19 [257/2436] episode 47504780961603: hp 75->45 | total wins 219/257
02:13:20 [258/2436] episode 47504780962402: hp 51->lost | total wins 219/258
02:13:22 [259/2436] episode 47504780965603: hp 75->43 | total wins 220/259
02:13:22 [260/2436] episode 47504780965403: hp 61->31 | total wins 221/260
02:13:23 [261/2436] episode 47504780958802: hp 63->lost | total wins 221/261
02:13:23 [262/2436] episode 47504780963805: hp 52->37 | total wins 222/262
02:13:25 [263/2436] episode 47504780968705: hp 47->48 | total wins 223/263
02:13:26 [264/2436] episode 47504780951906: hp 29->3 | total wins 224/264
02:13:26 [265/2436] episode 47504780962702: hp 33->16 | total wins 225/265
02:13:27 [266/2436] episode 47504780966605: hp 65->41 | total wins 226/266
02:13:28 [267/2436] episode 47504780964703: hp 49->36 | total wins 227/267
02:13:28 [268/2436] episode 47504780966705: hp 26->4 | total wins 228/268
02:13:30 [269/2436] episode 47504780971605: hp 64->29 | total wins 229/269
02:13:30 [270/2436] episode 47504780969705: hp 51->3 | total wins 230/270
02:13:31 [271/2436] episode 47504780960903: hp 36->lost | total wins 230/271
02:13:32 [272/2436] episode 47504780969402: hp 59->19 | total wins 231/272
02:13:32 [273/2436] episode 47504780968703: hp 32->10 | total wins 232/273
02:13:33 [274/2436] episode 47504780971905: hp 65->41 | total wins 233/274
02:13:33 episode 47504780974606 skipped: replay diverged from the stored fight: 2, 1, 0, 0, 1, 0, 0, 0, 0, 1, 1, 2, 1, 0, 1, 1], [1, 0, 0, 0, 0, 0, 0, 0, 1, 2, 2, 0], [1, 1, 3, 6, 0, 2, 1, 2, 0, 3, 3, 3, 5, 1, 2, 4, 2, 3], [0, 0, 0, 4, 1, 0, 1, 1, 2, 3, 0, 0, 1, 1, 1, 1, 0, 1, 1, 0, 4, 2, 1, 1, 1, 0, 0, : fight_resample_worker: replayed fight didn't end after its stored actions
02:13:34 [275/2436] episode 47504780960902: hp 82->22 | total wins 234/275
02:13:35 [276/2436] episode 47504780965702: hp 59->11 | total wins 235/276
02:13:35 [277/2436] episode 47504780973403: hp 61->31 | total wins 236/277
02:13:35 [278/2436] episode 47504780969903: hp 61->49 | total wins 237/278
02:13:35 [279/2436] episode 47504780971805: hp 63->51 | total wins 238/279
02:13:37 [280/2436] episode 47504780974702: hp 37->9 | total wins 239/280
02:13:38 [281/2436] episode 47504780973803: hp 23->1 | total wins 240/281
02:13:39 [282/2436] episode 47504780972805: hp 56->36 | total wins 241/282
02:13:39 [283/2436] episode 47504780975906: hp 45->14 | total wins 242/283
02:13:40 [284/2436] episode 47504780978603: hp 51->19 | total wins 243/284
02:13:44 [285/2436] episode 47504780979601: hp 48->16 | total wins 244/285
02:13:44 [286/2436] episode 47504780971702: hp 73->13 | total wins 245/286
02:13:45 [287/2436] episode 47504780973802: hp 39->24 | total wins 246/287
02:13:45 [288/2436] episode 47504780978605: hp 19->lost | total wins 246/288
02:13:47 [289/2436] episode 47504780979703: hp 39->28 | total wins 247/289
02:13:50 [290/2436] episode 47504780975704: hp 75->30 | total wins 248/290
02:13:50 [291/2436] episode 47504780976902: hp 75->46 | total wins 249/291
02:13:50 episode 47504780981604 skipped: replay diverged from the stored fight: 0, 1, 0, 1, 1, 1, 0, 1], [1, 1, 0, 1, 1, 0, 0, 0, 1, 1], [5], [1, 3, 0, 0, 0, 0, 0, 0, 1]], "random_potions": true, "samples": [{"episode_id": 47504780981604000, "starting_hp": 26}], "teacher": {"leaf": "policy_net", "simulat: fight_resample_worker: replayed fight didn't end after its stored actions
02:13:51 [292/2436] episode 47504780975802: hp 62->23 | total wins 250/292
02:13:52 [293/2436] episode 47504780975405: hp 46->31 | total wins 251/293
02:13:54 [294/2436] episode 47504780979602: hp 31->6 | total wins 252/294
02:13:58 [295/2436] episode 47504780975601: hp 57->lost | total wins 252/295
02:13:58 [296/2436] episode 47504780979902: hp 37->17 | total wins 253/296
02:13:58 [297/2436] episode 47504780976404: hp 45->lost | total wins 253/297
02:13:59 [298/2436] episode 47504780981904: hp 66->46 | total wins 254/298
02:13:59 [299/2436] episode 47504780973706: hp 69->42 | total wins 255/299
02:13:59 [300/2436] episode 47504780980601: hp 69->19 | total wins 256/300
02:14:00 [301/2436] episode 47504780980705: hp 48->29 | total wins 257/301
02:14:01 [302/2436] episode 47504780980902: hp 41->lost | total wins 257/302
02:14:01 episode 47504780989604 skipped: replay diverged from the stored fight: ns": [[2, 0, 1, 0, 1, 0, 0, 5, 0], [5, 3, 0, 1, 0, 0, 0, 0, 0, 1, 0], [2, 0, 0, 1, 0, 1, 0, 0, 0, 1, 0, 0, 0, 0, 2, 1], [0, 0, 2, 0, 0, 0, 0, 0, 0, 0, 0, 0, 1, 3]], "random_potions": true, "samples": [{"episode_id": 4750478098960400: fight_resample_worker: stored actions don't fit the replayed fight
02:14:02 [303/2436] episode 47504780984603: hp 68->53 | total wins 258/303
02:14:03 [304/2436] episode 47504780988406: hp 69->53 | total wins 259/304
02:14:03 [305/2436] episode 47504780986603: hp 62->27 | total wins 260/305
02:14:03 [306/2436] episode 47504780986404: hp 48->15 | total wins 261/306
02:14:04 [307/2436] episode 47504780990403: hp 45->43 | total wins 262/307
02:14:05 [308/2436] episode 47504780984902: hp 56->46 | total wins 263/308
02:14:08 [309/2436] episode 47504780983402: hp 75->65 | total wins 264/309
02:14:09 [310/2436] episode 47504780991403: hp 75->44 | total wins 265/310
02:14:09 [311/2436] episode 47504780982803: hp 38->14 | total wins 266/311
02:14:09 [312/2436] episode 47504780993706: hp 51->14 | total wins 267/312
02:14:10 [313/2436] episode 47504780991606: hp 20->lost | total wins 267/313
02:14:11 [314/2436] episode 47504780995402: hp 75->43 | total wins 268/314
02:14:12 [315/2436] episode 47504780982604: hp 48->23 | total wins 269/315
02:14:12 [316/2436] episode 47504780988802: hp 65->62 | total wins 270/316
02:14:13 [317/2436] episode 47504780993704: hp 53->39 | total wins 271/317
02:14:13 [318/2436] episode 47504780995603: hp 81->64 | total wins 272/318
02:14:17 [319/2436] episode 47504780993605: hp 49->29 | total wins 273/319
02:14:18 [320/2436] episode 47504780998903: hp 56->31 | total wins 274/320
02:14:18 episode 47504780999405 skipped: replay diverged from the stored fight: ns": [[1, 2, 1, 0, 1, 1], [1, 1, 2, 1, 0, 1, 1, 1, 1, 2, 1], [2, 3, 0, 1, 1, 0, 0, 1, 2], [10, 10, 1, 2, 2, 1, 1, 1, 0, 2, 0, 1, 0, 3], [0, 4, 0, 3, 1, 2, 2, 1, 1, 1, 2, 2, 1, 2, 2, 0, 1, 1, 2, 3, 0, 3, 3]], "random_potions": true, : fight_resample_worker: stored actions don't fit the replayed fight
02:14:18 [321/2436] episode 47504780996802: hp 67->45 | total wins 275/321
02:14:19 [322/2436] episode 47504780996404: hp 60->46 | total wins 276/322
02:14:19 [323/2436] episode 47504780995701: hp 49->23 | total wins 277/323
02:14:20 [324/2436] episode 47504780999705: hp 36->24 | total wins 278/324
02:14:20 [325/2436] episode 47504780998904: hp 75->59 | total wins 279/325
02:14:21 [326/2436] episode 47504780999804: hp 75->64 | total wins 280/326
02:14:22 [327/2436] episode 47504780996403: hp 74->39 | total wins 281/327
02:14:23 [328/2436] episode 47504781002605: hp 41->19 | total wins 282/328
02:14:25 [329/2436] episode 47504780995403: hp 51->36 | total wins 283/329
02:14:25 [330/2436] episode 47504780999806: hp 54->42 | total wins 284/330
02:14:26 [331/2436] episode 47504780994803: hp 60->29 | total wins 285/331
02:14:26 [332/2436] episode 47504781001603: hp 67->42 | total wins 286/332
02:14:28 [333/2436] episode 47504780989803: hp 75->60 | total wins 287/333
02:14:28 [334/2436] episode 47504780986902: hp 43->31 | total wins 288/334
02:14:29 [335/2436] episode 47504781005702: hp 72->58 | total wins 289/335
02:14:29 episode 47504781006803 skipped: replay diverged from the stored fight: 2, 2, 2, 0, 1], [4], [3, 0, 1, 1, 0, 0, 0, 0, 1]], "random_potions": true, "samples": [{"episode_id": 47504781006803000, "starting_hp": 55}], "teacher": {"leaf": "policy_net", "simulations": 20000, "oracle": false, "random_mo: fight_resample_worker: replayed fight didn't end after its stored actions
02:14:29 [336/2436] episode 47504781000905: hp 43->33 | total wins 290/336
02:14:31 [337/2436] episode 47504781003802: hp 59->34 | total wins 291/337
02:14:31 [338/2436] episode 47504781004404: hp 21->lost | total wins 291/338
02:14:31 [339/2436] episode 47504781003702: hp 49->8 | total wins 292/339
02:14:32 [340/2436] episode 47504781000402: hp 74->53 | total wins 293/340
02:14:32 [341/2436] episode 47504781003404: hp 75->60 | total wins 294/341
02:14:32 [342/2436] episode 47504781007905: hp 30->2 | total wins 295/342
02:14:36 [343/2436] episode 47504781011602: hp 53->20 | total wins 296/343
02:14:37 [344/2436] episode 47504781000805: hp 75->37 | total wins 297/344
02:14:38 [345/2436] episode 47504781013404: hp 32->22 | total wins 298/345
02:14:38 [346/2436] episode 47504781008903: hp 70->45 | total wins 299/346
02:14:39 [347/2436] episode 47504780997702: hp 67->lost | total wins 299/347
02:14:40 [348/2436] episode 47504781011805: hp 29->16 | total wins 300/348
02:14:41 [349/2436] episode 47504781005703: hp 59->39 | total wins 301/349
02:14:44 [350/2436] episode 47504781016702: hp 69->37 | total wins 302/350
02:14:44 [351/2436] episode 47504781006403: hp 28->3 | total wins 303/351
02:14:45 [352/2436] episode 47504781013705: hp 65->53 | total wins 304/352
02:14:46 [353/2436] episode 47504781007804: hp 47->7 | total wins 305/353
02:14:46 [354/2436] episode 47504781017703: hp 75->55 | total wins 306/354
02:14:47 [355/2436] episode 47504781011402: hp 34->lost | total wins 306/355
02:14:48 [356/2436] episode 47504781017801: hp 60->55 | total wins 307/356
02:14:49 [357/2436] episode 47504781009902: hp 51->lost | total wins 307/357
02:14:52 [358/2436] episode 47504781019902: hp 41->13 | total wins 308/358
02:14:52 [359/2436] episode 47504781011807: hp 44->32 | total wins 309/359
02:14:53 [360/2436] episode 47504781017803: hp 42->27 | total wins 310/360
02:14:54 [361/2436] episode 47504781014404: hp 58->lost | total wins 310/361
02:14:54 episode 47504781022405 skipped: replay diverged from the stored fight: ns": [[0, 1, 1, 0, 0, 1, 0, 0, 1, 2, 0, 0], [1, 0, 0, 1, 2, 0, 0, 0, 1, 1, 4, 2], [1, 0, 1, 3, 0, 1, 1, 1, 4, 0], [0, 2, 0, 0, 1, 0, 0, 1, 1, 0, 1, 0, 0], [0, 1, 0, 0, 1, 0, 1, 2, 2, 0, 1, 1, 0]], "random_potions": true, "samples": : fight_resample_worker: stored actions don't fit the replayed fight
02:14:55 [362/2436] episode 47504781007806: hp 45->16 | total wins 311/362
02:14:57 [363/2436] episode 47504781022703: hp 37->34 | total wins 312/363
02:14:58 [364/2436] episode 47504781018603: hp 60->38 | total wins 313/364
02:14:59 [365/2436] episode 47504781020405: hp 52->32 | total wins 314/365
02:14:59 [366/2436] episode 47504781019404: hp 75->51 | total wins 315/366
02:15:00 [367/2436] episode 47504781019604: hp 58->36 | total wins 316/367
02:15:00 [368/2436] episode 47504781023402: hp 45->13 | total wins 317/368
02:15:01 [369/2436] episode 47504781019805: hp 30->20 | total wins 318/369
02:15:01 [370/2436] episode 47504781020605: hp 60->40 | total wins 319/370
02:15:01 [371/2436] episode 47504781023701: hp 64->28 | total wins 320/371
02:15:02 [372/2436] episode 47504781019904: hp 58->23 | total wins 321/372
02:15:03 [373/2436] episode 47504781023904: hp 66->52 | total wins 322/373
02:15:04 [374/2436] episode 47504781021905: hp 52->22 | total wins 323/374
02:15:05 [375/2436] episode 47504781024602: hp 53->21 | total wins 324/375
02:15:07 [376/2436] episode 47504781027802: hp 59->32 | total wins 325/376
02:15:08 [377/2436] episode 47504781014703: hp 70->lost | total wins 325/377
02:15:09 [378/2436] episode 47504781024903: hp 75->40 | total wins 326/378
02:15:10 [379/2436] episode 47504781023602: hp 75->43 | total wins 327/379
02:15:12 [380/2436] episode 47504781022802: hp 57->37 | total wins 328/380
02:15:12 [381/2436] episode 47504781028804: hp 27->23 | total wins 329/381
02:15:12 [382/2436] episode 47504781024405: hp 60->42 | total wins 330/382
02:15:15 [383/2436] episode 47504781028701: hp 35->lost | total wins 330/383
02:15:16 [384/2436] episode 47504781022704: hp 41->18 | total wins 331/384
02:15:16 [385/2436] episode 47504781026803: hp 52->42 | total wins 332/385
02:15:16 [386/2436] episode 47504781027404: hp 15->lost | total wins 332/386
02:15:16 [387/2436] episode 47504781026904: hp 75->39 | total wins 333/387
02:15:19 [388/2436] episode 47504781030802: hp 55->31 | total wins 334/388
02:15:19 [389/2436] episode 47504781025803: hp 64->33 | total wins 335/389
02:15:21 [390/2436] episode 47504781030602: hp 75->59 | total wins 336/390
02:15:22 [391/2436] episode 47504781031602: hp 71->51 | total wins 337/391
02:15:22 [392/2436] episode 47504781030702: hp 72->30 | total wins 338/392
02:15:26 [393/2436] episode 47504781032804: hp 31->15 | total wins 339/393
02:15:26 [394/2436] episode 47504781032403: hp 75->59 | total wins 340/394
02:15:26 episode 47504781032906 skipped: replay diverged from the stored fight: 1, 0, 1, 0, 0, 1, 0, 3, 0, 0, 2, 2], [3, 0, 0, 0, 3, 0], [3, 3, 0, 0, 1, 1, 0, 1, 1, 0, 1, 1, 0, 0, 0], [4, 0, 1, 0, 3, 0, 0, 1, 0, 0, 0, 1, 2, 0, 4], [0, 0, 1, 2, 0, 0, 0, 0], [1, 0, 0, 0, 0, 1]], "random_potions": true, "sa: fight_resample_worker: replayed fight didn't end after its stored actions
02:15:27 [395/2436] episode 47504781029404: hp 60->39 | total wins 341/395
02:15:28 [396/2436] episode 47504781028904: hp 40->5 | total wins 342/396
02:15:30 [397/2436] episode 47504781031805: hp 54->24 | total wins 343/397
02:15:30 [398/2436] episode 47504781034406: hp 50->45 | total wins 344/398
02:15:31 [399/2436] episode 47504781034903: hp 42->10 | total wins 345/399
02:15:32 [400/2436] episode 47504781027903: hp 59->41 | total wins 346/400
02:15:33 [401/2436] episode 47504781035402: hp 65->35 | total wins 347/401
02:15:33 [402/2436] episode 47504781029806: hp 18->10 | total wins 348/402
02:15:33 [403/2436] episode 47504781037403: hp 65->65 | total wins 349/403
02:15:36 [404/2436] episode 47504781031403: hp 57->47 | total wins 350/404
02:15:36 [405/2436] episode 47504781036803: hp 67->37 | total wins 351/405
02:15:37 [406/2436] episode 47504781038405: hp 58->43 | total wins 352/406
02:15:38 [407/2436] episode 47504781038406: hp 43->2 | total wins 353/407
02:15:38 [408/2436] episode 47504781035801: hp 39->4 | total wins 354/408
02:15:41 [409/2436] episode 47504781039605: hp 64->40 | total wins 355/409
02:15:42 [410/2436] episode 47504781030703: hp 28->lost | total wins 355/410
02:15:42 [411/2436] episode 47504781039705: hp 35->5 | total wins 356/411
02:15:43 [412/2436] episode 47504781040902: hp 1->lost | total wins 356/412
02:15:44 [413/2436] episode 47504781038603: hp 58->30 | total wins 357/413
02:15:46 [414/2436] episode 47504781043904: hp 75->54 | total wins 358/414
02:15:46 [415/2436] episode 47504781042406: hp 33->10 | total wins 359/415
02:15:47 [416/2436] episode 47504781040603: hp 56->16 | total wins 360/416
02:15:48 [417/2436] episode 47504781036704: hp 60->20 | total wins 361/417
02:15:48 [418/2436] episode 47504781038602: hp 68->38 | total wins 362/418
02:15:49 [419/2436] episode 47504781044404: hp 28->31 | total wins 363/419
02:15:50 [420/2436] episode 47504781029803: hp 69->55 | total wins 364/420
02:15:51 [421/2436] episode 47504781045404: hp 53->25 | total wins 365/421
02:15:52 [422/2436] episode 47504781042605: hp 1->lost | total wins 365/422
02:15:53 [423/2436] episode 47504781045704: hp 66->49 | total wins 366/423
02:15:53 [424/2436] episode 47504781044604: hp 89->51 | total wins 367/424
02:15:54 [425/2436] episode 47504781032602: hp 75->43 | total wins 368/425
02:15:55 [426/2436] episode 47504781045605: hp 29->lost | total wins 368/426
02:15:56 [427/2436] episode 47504781047703: hp 49->17 | total wins 369/427
02:15:57 [428/2436] episode 47504781036601: hp 75->lost | total wins 369/428
02:16:00 [429/2436] episode 47504781044803: hp 76->43 | total wins 370/429
02:16:01 [430/2436] episode 47504781044603: hp 31->11 | total wins 371/430
02:16:01 [431/2436] episode 47504781039806: hp 58->48 | total wins 372/431
02:16:01 [432/2436] episode 47504781045803: hp 58->39 | total wins 373/432
02:16:05 [433/2436] episode 47504781043906: hp 49->19 | total wins 374/433
02:16:05 [434/2436] episode 47504781051404: hp 39->24 | total wins 375/434
02:16:05 [435/2436] episode 47504781051605: hp 61->36 | total wins 376/435
02:16:08 [436/2436] episode 47504781045602: hp 61->lost | total wins 376/436
02:16:09 [437/2436] episode 47504781050806: hp 48->32 | total wins 377/437
02:16:10 [438/2436] episode 47504781048903: hp 66->31 | total wins 378/438
02:16:10 [439/2436] episode 47504781049802: hp 59->27 | total wins 379/439
02:16:10 [440/2436] episode 47504781050404: hp 22->lost | total wins 379/440
02:16:10 [441/2436] episode 47504781051702: hp 68->54 | total wins 380/441
02:16:12 [442/2436] episode 47504781046604: hp 53->38 | total wins 381/442
02:16:12 [443/2436] episode 47504781053704: hp 22->13 | total wins 382/443
02:16:14 [444/2436] episode 47504781052904: hp 25->6 | total wins 383/444
02:16:14 [445/2436] episode 47504781053703: hp 72->48 | total wins 384/445
02:16:17 [446/2436] episode 47504781057402: hp 41->13 | total wins 385/446
02:16:18 [447/2436] episode 47504781058404: hp 52->32 | total wins 386/447
02:16:20 [448/2436] episode 47504781059404: hp 73->57 | total wins 387/448
02:16:20 [449/2436] episode 47504781057405: hp 10->lost | total wins 387/449
02:16:21 [450/2436] episode 47504781053402: hp 54->27 | total wins 388/450
02:16:21 [451/2436] episode 47504781056404: hp 39->17 | total wins 389/451
02:16:22 [452/2436] episode 47504781055705: hp 61->60 | total wins 390/452
02:16:22 [453/2436] episode 47504781055903: hp 53->lost | total wins 390/453
02:16:23 [454/2436] episode 47504781059703: hp 45->45 | total wins 391/454
02:16:25 [455/2436] episode 47504781060703: hp 52->33 | total wins 392/455
02:16:26 [456/2436] episode 47504781060603: hp 45->13 | total wins 393/456
02:16:26 [457/2436] episode 47504781061601: hp 28->4 | total wins 394/457
02:16:28 [458/2436] episode 47504781059702: hp 75->35 | total wins 395/458
02:16:28 [459/2436] episode 47504781060705: hp 34->14 | total wins 396/459
02:16:29 [460/2436] episode 47504781058605: hp 28->23 | total wins 397/460
02:16:30 [461/2436] episode 47504781064804: hp 25->lost | total wins 397/461
02:16:30 [462/2436] episode 47504781058701: hp 60->10 | total wins 398/462
02:16:31 [463/2436] episode 47504781052703: hp 66->lost | total wins 398/463
02:16:32 [464/2436] episode 47504781059402: hp 74->20 | total wins 399/464
02:16:34 [465/2436] episode 47504781062402: hp 52->30 | total wins 400/465
02:16:35 [466/2436] episode 47504781055702: hp 57->31 | total wins 401/466
02:16:37 [467/2436] episode 47504781059603: hp 37->32 | total wins 402/467
02:16:39 [468/2436] episode 47504781068703: hp 51->46 | total wins 403/468
02:16:40 [469/2436] episode 47504781063704: hp 75->20 | total wins 404/469
02:16:42 [470/2436] episode 47504781061704: hp 52->28 | total wins 405/470
02:16:42 episode 47504781070604 skipped: replay diverged from the stored fight: ns": [[0, 0, 0, 0, 2, 0, 0, 0], [0, 0, 0, 0, 2], [3, 1, 1, 0, 0, 1, 1], [0, 0, 0, 4, 0, 1, 0, 0, 0, 0, 0, 1, 4, 0, 0, 1, 0, 0, 0, 0, 0]], "random_potions": true, "samples": [{"episode_id": 47504781070604000, "starting_hp": 64}], "te: fight_resample_worker: stored actions don't fit the replayed fight
02:16:44 [471/2436] episode 47504781066904: hp 62->3 | total wins 406/471
02:16:44 [472/2436] episode 47504781068401: hp 23->lost | total wins 406/472
02:16:45 [473/2436] episode 47504781067904: hp 63->41 | total wins 407/473
02:16:45 [474/2436] episode 47504781070803: hp 65->33 | total wins 408/474
02:16:46 [475/2436] episode 47504781065901: hp 63->48 | total wins 409/475
02:16:47 [476/2436] episode 47504781071702: hp 12->lost | total wins 409/476
02:16:47 [477/2436] episode 47504781066804: hp 58->13 | total wins 410/477
02:16:48 [478/2436] episode 47504781065804: hp 50->22 | total wins 411/478
02:16:49 [479/2436] episode 47504781069403: hp 36->16 | total wins 412/479
02:16:49 [480/2436] episode 47504781069401: hp 49->9 | total wins 413/480
02:16:49 [481/2436] episode 47504781072905: hp 41->25 | total wins 414/481
02:16:52 [482/2436] episode 47504781073403: hp 67->51 | total wins 415/482
02:16:53 [483/2436] episode 47504781074403: hp 58->33 | total wins 416/483
02:16:53 [484/2436] episode 47504781065702: hp 75->lost | total wins 416/484
02:16:53 episode 47504781076404 skipped: replay diverged from the stored fight: ns": [[1, 0, 0, 1, 1, 1, 0, 3, 3, 2, 1, 2, 2], [2, 0, 0, 0, 0, 1, 1], [2, 1, 1, 0, 1, 1, 1, 1, 1, 0], [2, 0, 2, 1, 7, 3, 1, 0, 0, 1, 0, 0, 1, 2, 0, 1, 2, 2, 3, 0, 1, 1, 0, 1, 2, 1]], "random_potions": true, "samples": [{"episode_id": fight_resample_worker: stored actions don't fit the replayed fight
02:16:54 [485/2436] episode 47504781071804: hp 31->44 | total wins 417/485
02:16:57 [486/2436] episode 47504781075402: hp 35->35 | total wins 418/486
02:16:57 [487/2436] episode 47504781072702: hp 47->15 | total wins 419/487
02:16:57 [488/2436] episode 47504781073704: hp 49->14 | total wins 420/488
02:16:58 [489/2436] episode 47504781071402: hp 61->40 | total wins 421/489
02:16:59 [490/2436] episode 47504781072804: hp 55->43 | total wins 422/490
02:16:59 [491/2436] episode 47504781062802: hp 60->lost | total wins 422/491
02:17:00 [492/2436] episode 47504781075602: hp 75->39 | total wins 423/492
02:17:02 [493/2436] episode 47504781078701: hp 75->57 | total wins 424/493
02:17:04 [494/2436] episode 47504781080902: hp 49->1 | total wins 425/494
02:17:04 [495/2436] episode 47504781077904: hp 41->18 | total wins 426/495
02:17:05 [496/2436] episode 47504781076902: hp 75->30 | total wins 427/496
02:17:08 [497/2436] episode 47504781074408: hp 58->33 | total wins 428/497
02:17:08 [498/2436] episode 47504781082704: hp 41->27 | total wins 429/498
02:17:12 [499/2436] episode 47504781072603: hp 75->lost | total wins 429/499
02:17:12 [500/2436] episode 47504781080404: hp 75->60 | total wins 430/500
02:17:12 [501/2436] episode 47504781079604: hp 42->lost | total wins 430/501
02:17:13 [502/2436] episode 47504781081804: hp 39->3 | total wins 431/502
02:17:13 [503/2436] episode 47504781079905: hp 47->23 | total wins 432/503
02:17:14 [504/2436] episode 47504781083605: hp 50->34 | total wins 433/504
02:17:14 [505/2436] episode 47504781082403: hp 46->11 | total wins 434/505
02:17:15 [506/2436] episode 47504781079805: hp 19->7 | total wins 435/506
02:17:16 [507/2436] episode 47504781082802: hp 60->34 | total wins 436/507
02:17:17 [508/2436] episode 47504781079403: hp 59->14 | total wins 437/508
02:17:17 [509/2436] episode 47504781084804: hp 72->56 | total wins 438/509
02:17:19 [510/2436] episode 47504781083703: hp 50->18 | total wins 439/510
02:17:22 [511/2436] episode 47504781086603: hp 65->54 | total wins 440/511
02:17:23 [512/2436] episode 47504781085702: hp 62->32 | total wins 441/512
02:17:23 [513/2436] episode 47504781083604: hp 58->33 | total wins 442/513
02:17:23 [514/2436] episode 47504781084904: hp 56->36 | total wins 443/514
02:17:23 [515/2436] episode 47504781085704: hp 57->36 | total wins 444/515
02:17:24 [516/2436] episode 47504781087605: hp 56->49 | total wins 445/516
02:17:24 [517/2436] episode 47504781083404: hp 39->48 | total wins 446/517
02:17:24 [518/2436] episode 47504781086704: hp 75->52 | total wins 447/518
02:17:24 [519/2436] episode 47504781084403: hp 60->30 | total wins 448/519
02:17:28 [520/2436] episode 47504781086606: hp 75->52 | total wins 449/520
02:17:29 [521/2436] episode 47504781087703: hp 75->60 | total wins 450/521
02:17:29 [522/2436] episode 47504781088604: hp 56->20 | total wins 451/522
02:17:32 [523/2436] episode 47504781090804: hp 50->11 | total wins 452/523
02:17:33 [524/2436] episode 47504781087406: hp 31->16 | total wins 453/524
02:17:35 [525/2436] episode 47504781090403: hp 59->19 | total wins 454/525
02:17:35 episode 47504781093904 skipped: replay diverged from the stored fight: 4, 4, 1, 0, 1, 1, 0, 0, 1, 0, 0, 0, 0, 1], [8], [1, 1, 0, 1, 1, 1, 0, 0, 0, 1, 1], [4, 1, 0, 0, 0, 0, 3, 4, 1, 0, 0, 1, 1, 0, 3, 2]], "random_potions": true, "samples": [{"episode_id": 47504781093904000, "starting_hp": 45}], : fight_resample_worker: replayed fight didn't end after its stored actions
02:17:35 [526/2436] episode 47504781087804: hp 40->5 | total wins 455/526
02:17:35 [527/2436] episode 47504781089402: hp 64->39 | total wins 456/527
02:17:38 [528/2436] episode 47504781094902: hp 43->11 | total wins 457/528
02:17:38 [529/2436] episode 47504781090803: hp 75->62 | total wins 458/529
02:17:39 [530/2436] episode 47504781095404: hp 65->43 | total wins 459/530
02:17:40 [531/2436] episode 47504781091404: hp 73->61 | total wins 460/531
02:17:42 [532/2436] episode 47504781093705: hp 45->45 | total wins 461/532
02:17:42 [533/2436] episode 47504781095803: hp 57->23 | total wins 462/533
02:17:43 [534/2436] episode 47504781095705: hp 48->14 | total wins 463/534
02:17:43 [535/2436] episode 47504781084603: hp 75->48 | total wins 464/535
02:17:45 [536/2436] episode 47504781095902: hp 75->52 | total wins 465/536
02:17:45 [537/2436] episode 47504781095905: hp 19->12 | total wins 466/537
02:17:45 [538/2436] episode 47504781094706: hp 75->54 | total wins 467/538
02:17:47 [539/2436] episode 47504781097604: hp 63->54 | total wins 468/539
02:17:47 [540/2436] episode 47504781092606: hp 48->19 | total wins 469/540
02:17:48 [541/2436] episode 47504781095804: hp 61->27 | total wins 470/541
02:17:48 [542/2436] episode 47504781093805: hp 80->50 | total wins 471/542
02:17:50 [543/2436] episode 47504781095605: hp 55->55 | total wins 472/543
02:17:50 [544/2436] episode 47504781095903: hp 71->41 | total wins 473/544
02:17:51 [545/2436] episode 47504781098802: hp 30->lost | total wins 473/545
02:17:51 [546/2436] episode 47504781101605: hp 63->44 | total wins 474/546
02:17:51 [547/2436] episode 47504781093603: hp 61->44 | total wins 475/547
02:17:51 [548/2436] episode 47504781100404: hp 74->39 | total wins 476/548
02:17:55 [549/2436] episode 47504781098604: hp 46->lost | total wins 476/549
02:17:55 [550/2436] episode 47504781102701: hp 66->22 | total wins 477/550
02:17:56 [551/2436] episode 47504781103601: hp 43->3 | total wins 478/551
02:17:56 [552/2436] episode 47504781103803: hp 75->65 | total wins 479/552
02:17:57 [553/2436] episode 47504781105804: hp 40->36 | total wins 480/553
02:17:58 [554/2436] episode 47504781081802: hp 49->10 | total wins 481/554
02:18:00 [555/2436] episode 47504781107802: hp 18->lost | total wins 481/555
02:18:01 [556/2436] episode 47504781105703: hp 73->53 | total wins 482/556
02:18:02 [557/2436] episode 47504781104802: hp 63->38 | total wins 483/557
02:18:04 [558/2436] episode 47504781110702: hp 75->63 | total wins 484/558
02:18:05 [559/2436] episode 47504781100903: hp 63->38 | total wins 485/559
02:18:05 episode 47504781111705 skipped: replay diverged from the stored fight: 3, 5, 1, 1, 1, 0, 0, 1, 0, 0, 0, 0, 0], [0, 4, 0, 0, 0, 0, 0, 0, 1, 3, 1], [1, 0, 0, 0, 1, 1, 0, 0, 0, 0, 0], [3, 4, 2, 0, 0, 0, 0, 0, 0, 1], [4, 1, 0, 4, 0, 1, 9, 1, 0, 3, 0, 1, 1, 4, 1, 2, 1, 0, 0, 3, 1, 0]], "random_potion: fight_resample_worker: replayed fight didn't end after its stored actions
02:18:05 [560/2436] episode 47504781106703: hp 75->40 | total wins 486/560
02:18:06 [561/2436] episode 47504781100602: hp 50->30 | total wins 487/561
02:18:08 [562/2436] episode 47504781111902: hp 69->53 | total wins 488/562
02:18:12 [563/2436] episode 47504781107902: hp 39->15 | total wins 489/563
02:18:12 [564/2436] episode 47504781108403: hp 73->11 | total wins 490/564
02:18:13 [565/2436] episode 47504781098603: hp 75->35 | total wins 491/565
02:18:13 [566/2436] episode 47504781112405: hp 34->19 | total wins 492/566
02:18:16 [567/2436] episode 47504781113804: hp 60->44 | total wins 493/567
02:18:17 [568/2436] episode 47504781112403: hp 75->33 | total wins 494/568
02:18:22 [569/2436] episode 47504781109402: hp 71->30 | total wins 495/569
02:18:22 [570/2436] episode 47504781107404: hp 75->50 | total wins 496/570
02:18:22 [571/2436] episode 47504781111804: hp 46->21 | total wins 497/571
02:18:23 [572/2436] episode 47504781112802: hp 65->35 | total wins 498/572
02:18:23 [573/2436] episode 47504781109705: hp 42->40 | total wins 499/573
02:18:23 [574/2436] episode 47504781115702: hp 53->37 | total wins 500/574
02:18:27 [575/2436] episode 47504781114803: hp 75->53 | total wins 501/575
02:18:27 [576/2436] episode 47504781116405: hp 55->35 | total wins 502/576
02:18:27 episode 47504781117804 skipped: replay diverged from the stored fight: ns": [[0, 0, 0, 1, 2, 2, 1, 1, 1], [4, 4, 3, 0, 0, 0, 1, 1, 1], [1, 1, 0, 1, 1, 1, 1], [0, 2, 3, 2, 3, 1, 1, 1, 1, 6, 6]], "random_potions": true, "samples": [{"episode_id": 47504781117804000, "starting_hp": 49}], "teacher": {"leaf": fight_resample_worker: stored actions don't fit the replayed fight
02:18:27 episode 47504781117808 skipped: replay diverged from the stored fight: ns": [[0, 0, 0, 1, 2, 2, 1, 1, 1], [4, 4, 3, 0, 0, 0, 1, 1, 1], [1, 1, 0, 1, 1, 1, 1], [0, 2, 3, 2, 3, 1, 1, 1, 1, 6, 6], [2, 1, 0, 1, 1, 0, 1, 2, 1, 1, 1, 0, 1, 2, 3, 0], [0, 2, 0, 0, 0, 0, 0, 0, 0, 4, 2, 0, 0, 0, 0, 0, 2, 0, 0, 0,: fight_resample_worker: stored actions don't fit the replayed fight
02:18:28 [577/2436] episode 47504781111402: hp 60->15 | total wins 503/577
02:18:29 [578/2436] episode 47504781114903: hp 64->33 | total wins 504/578
02:18:29 [579/2436] episode 47504781117402: hp 64->34 | total wins 505/579
02:18:31 [580/2436] episode 47504781116402: hp 60->18 | total wins 506/580
02:18:31 [581/2436] episode 47504781116804: hp 75->51 | total wins 507/581
02:18:31 episode 47504781120904 skipped: replay diverged from the stored fight: 0, 1, 1, 0, 0, 0, 0, 0], [0, 1, 0, 1, 1, 0], [9], [2, 0, 0, 1, 0, 1, 0]], "random_potions": true, "samples": [{"episode_id": 47504781120904000, "starting_hp": 75}], "teacher": {"leaf": "policy_net", "simulations": 20000, "ora: fight_resample_worker: replayed fight didn't end after its stored actions
02:18:32 [582/2436] episode 47504781105803: hp 66->29 | total wins 508/582
02:18:32 [583/2436] episode 47504781119605: hp 75->61 | total wins 509/583
02:18:34 [584/2436] episode 47504781112604: hp 49->11 | total wins 510/584
02:18:36 [585/2436] episode 47504781118602: hp 75->45 | total wins 511/585
02:18:38 [586/2436] episode 47504781122804: hp 55->39 | total wins 512/586
02:18:39 [587/2436] episode 47504781113604: hp 65->36 | total wins 513/587
02:18:39 [588/2436] episode 47504781119703: hp 57->32 | total wins 514/588
02:18:39 [589/2436] episode 47504781117604: hp 73->46 | total wins 515/589
02:18:39 [590/2436] episode 47504781117707: hp 36->16 | total wins 516/590
02:18:39 episode 47504781125704 skipped: replay diverged from the stored fight: 0, 1, 0, 0, 1, 0, 0, 1, 0], [1, 1, 1, 1, 0, 0, 1, 0, 0], [0, 1, 0, 1, 1, 1, 1, 1, 1], [10, 4, 2, 0, 2, 2, 0, 1, 0, 0, 4, 1, 0, 1, 0, 5, 2, 0, 2, 1, 0, 0, 0, 0, 2, 1]], "random_potions": true, "samples": [{"episode_id": 475047: fight_resample_worker: replayed fight didn't end after its stored actions
02:18:39 [591/2436] episode 47504781123802: hp 69->49 | total wins 517/591
02:18:41 [592/2436] episode 47504781121403: hp 59->53 | total wins 518/592
02:18:41 [593/2436] episode 47504781125802: hp 66->39 | total wins 519/593
02:18:42 [594/2436] episode 47504781118702: hp 69->39 | total wins 520/594
02:18:43 [595/2436] episode 47504781122904: hp 52->24 | total wins 521/595
02:18:45 [596/2436] episode 47504781120602: hp 38->lost | total wins 521/596
02:18:46 [597/2436] episode 47504781126805: hp 35->15 | total wins 522/597
02:18:46 [598/2436] episode 47504781125403: hp 49->3 | total wins 523/598
02:18:46 [599/2436] episode 47504781122802: hp 58->30 | total wins 524/599
02:18:51 [600/2436] episode 47504781124403: hp 61->15 | total wins 525/600
02:18:51 [601/2436] episode 47504781128804: hp 75->50 | total wins 526/601
02:18:53 [602/2436] episode 47504781131605: hp 50->40 | total wins 527/602
02:18:55 [603/2436] episode 47504781133903: hp 56->30 | total wins 528/603
02:18:57 [604/2436] episode 47504781124702: hp 66->13 | total wins 529/604
02:18:57 [605/2436] episode 47504781130404: hp 32->lost | total wins 529/605
02:18:58 [606/2436] episode 47504781125604: hp 49->39 | total wins 530/606
02:18:59 [607/2436] episode 47504781130607: hp 43->5 | total wins 531/607
02:18:59 [608/2436] episode 47504781129704: hp 75->51 | total wins 532/608
02:18:59 [609/2436] episode 47504781134704: hp 75->59 | total wins 533/609
02:19:00 [610/2436] episode 47504781135806: hp 67->51 | total wins 534/610
02:19:01 [611/2436] episode 47504781131706: hp 55->42 | total wins 535/611
02:19:02 [612/2436] episode 47504781127402: hp 75->55 | total wins 536/612
02:19:03 [613/2436] episode 47504781134804: hp 68->6 | total wins 537/613
02:19:04 [614/2436] episode 47504781136603: hp 75->68 | total wins 538/614
02:19:04 [615/2436] episode 47504781136404: hp 19->lost | total wins 538/615
02:19:05 [616/2436] episode 47504781137604: hp 75->43 | total wins 539/616
02:19:06 [617/2436] episode 47504781132703: hp 64->30 | total wins 540/617
02:19:07 [618/2436] episode 47504781127703: hp 58->40 | total wins 541/618
02:19:07 [619/2436] episode 47504781134603: hp 75->55 | total wins 542/619
02:19:07 [620/2436] episode 47504781138405: hp 49->34 | total wins 543/620
02:19:07 [621/2436] episode 47504781136605: hp 37->5 | total wins 544/621
02:19:07 [622/2436] episode 47504781137703: hp 57->22 | total wins 545/622
02:19:09 [623/2436] episode 47504781140803: hp 54->38 | total wins 546/623
02:19:09 [624/2436] episode 47504781139401: hp 65->32 | total wins 547/624
02:19:09 [625/2436] episode 47504781137902: hp 56->24 | total wins 548/625
02:19:10 [626/2436] episode 47504781136606: hp 44->35 | total wins 549/626
02:19:10 [627/2436] episode 47504781140401: hp 75->27 | total wins 550/627
02:19:11 [628/2436] episode 47504781143406: hp 36->28 | total wins 551/628
02:19:16 [629/2436] episode 47504781143602: hp 62->27 | total wins 552/629
02:19:16 [630/2436] episode 47504781135903: hp 36->lost | total wins 552/630
02:19:17 [631/2436] episode 47504781130604: hp 63->43 | total wins 553/631
02:19:18 [632/2436] episode 47504781144605: hp 36->lost | total wins 553/632
02:19:20 [633/2436] episode 47504781147806: hp 75->59 | total wins 554/633
02:19:20 [634/2436] episode 47504781146805: hp 42->1 | total wins 555/634
02:19:21 [635/2436] episode 47504781142606: hp 61->46 | total wins 556/635
02:19:21 episode 47504781149702 skipped: replay diverged from the stored fight: ns": [[0, 1, 0, 1, 1, 1], [0, 1, 2, 1, 1, 1, 0, 1, 1]], "random_potions": true, "samples": [{"episode_id": 47504781149702000, "starting_hp": 59}], "teacher": {"leaf": "policy_net", "simulations": 20000, "oracle": false, "random_move: fight_resample_worker: stored actions don't fit the replayed fight
02:19:21 [636/2436] episode 47504781147701: hp 47->17 | total wins 557/636
02:19:22 [637/2436] episode 47504781142404: hp 75->48 | total wins 558/637
02:19:24 [638/2436] episode 47504781148905: hp 43->43 | total wins 559/638
02:19:24 episode 47504781151403 skipped: replay diverged from the stored fight: 1, 0, 1, 0, 3, 0], [6, 5, 0, 0, 1, 1, 0, 1, 0, 0, 0], [8]], "random_potions": true, "samples": [{"episode_id": 47504781151403000, "starting_hp": 35}], "teacher": {"leaf": "policy_net", "simulations": 20000, "oracle": false, ": fight_resample_worker: replayed fight didn't end after its stored actions
02:19:25 [639/2436] episode 47504781142804: hp 54->40 | total wins 560/639
02:19:26 [640/2436] episode 47504781149606: hp 71->57 | total wins 561/640
02:19:26 [641/2436] episode 47504781139602: hp 46->lost | total wins 561/641
02:19:27 [642/2436] episode 47504781150904: hp 51->45 | total wins 562/642
02:19:29 [643/2436] episode 47504781145404: hp 65->27 | total wins 563/643
02:19:29 [644/2436] episode 47504781150902: hp 54->32 | total wins 564/644
02:19:32 [645/2436] episode 47504781147904: hp 52->lost | total wins 564/645
02:19:33 [646/2436] episode 47504781141704: hp 59->12 | total wins 565/646
02:19:36 [647/2436] episode 47504781155703: hp 38->16 | total wins 566/647
02:19:36 [648/2436] episode 47504781155701: hp 56->36 | total wins 567/648
02:19:37 [649/2436] episode 47504781156902: hp 75->42 | total wins 568/649
02:19:37 [650/2436] episode 47504781152704: hp 75->55 | total wins 569/650
02:19:37 [651/2436] episode 47504781151906: hp 55->39 | total wins 570/651
02:19:38 [652/2436] episode 47504781161605: hp 57->49 | total wins 571/652
02:19:39 [653/2436] episode 47504781157804: hp 27->15 | total wins 572/653
02:19:40 [654/2436] episode 47504781162804: hp 50->50 | total wins 573/654
02:19:42 [655/2436] episode 47504781145602: hp 75->lost | total wins 573/655
02:19:42 [656/2436] episode 47504781151706: hp 44->16 | total wins 574/656
02:19:42 [657/2436] episode 47504781161802: hp 75->45 | total wins 575/657
02:19:43 [658/2436] episode 47504781156403: hp 52->29 | total wins 576/658
02:19:43 [659/2436] episode 47504781150402: hp 48->11 | total wins 577/659
02:19:44 [660/2436] episode 47504781156705: hp 42->6 | total wins 578/660
02:19:44 [661/2436] episode 47504781161604: hp 75->59 | total wins 579/661
02:19:45 [662/2436] episode 47504781163405: hp 60->24 | total wins 580/662
02:19:45 [663/2436] episode 47504781164602: hp 56->39 | total wins 581/663
02:19:48 [664/2436] episode 47504781156804: hp 59->40 | total wins 582/664
02:19:48 [665/2436] episode 47504781163802: hp 67->42 | total wins 583/665
02:19:49 [666/2436] episode 47504781166401: hp 43->11 | total wins 584/666
02:19:51 [667/2436] episode 47504781162604: hp 64->38 | total wins 585/667
02:19:51 [668/2436] episode 47504781165606: hp 71->46 | total wins 586/668
02:19:52 [669/2436] episode 47504781164805: hp 56->36 | total wins 587/669
02:19:52 [670/2436] episode 47504781166606: hp 38->22 | total wins 588/670
02:19:55 [671/2436] episode 47504781166804: hp 72->66 | total wins 589/671
02:19:56 [672/2436] episode 47504781166702: hp 66->36 | total wins 590/672
02:19:59 [673/2436] episode 47504781167904: hp 41->29 | total wins 591/673
02:20:00 [674/2436] episode 47504781165602: hp 75->20 | total wins 592/674
02:20:01 [675/2436] episode 47504781166402: hp 39->9 | total wins 593/675
02:20:02 [676/2436] episode 47504781163903: hp 39->lost | total wins 593/676
02:20:02 [677/2436] episode 47504781166706: hp 16->lost | total wins 593/677
02:20:03 [678/2436] episode 47504781168404: hp 50->18 | total wins 594/678
02:20:03 [679/2436] episode 47504781166605: hp 55->15 | total wins 595/679
02:20:05 [680/2436] episode 47504781167704: hp 43->31 | total wins 596/680
02:20:08 [681/2436] episode 47504781171805: hp 33->22 | total wins 597/681
02:20:09 [682/2436] episode 47504781167701: hp 37->lost | total wins 597/682
02:20:09 [683/2436] episode 47504781165804: hp 49->19 | total wins 598/683
02:20:09 [684/2436] episode 47504781167903: hp 57->8 | total wins 599/684
02:20:10 [685/2436] episode 47504781168406: hp 59->39 | total wins 600/685
02:20:10 [686/2436] episode 47504781170902: hp 60->40 | total wins 601/686
02:20:11 [687/2436] episode 47504781173903: hp 54->27 | total wins 602/687
02:20:13 [688/2436] episode 47504781174703: hp 35->2 | total wins 603/688
02:20:13 [689/2436] episode 47504781174402: hp 51->18 | total wins 604/689
02:20:13 [690/2436] episode 47504781174601: hp 57->25 | total wins 605/690
02:20:14 [691/2436] episode 47504781173704: hp 42->36 | total wins 606/691
02:20:14 [692/2436] episode 47504781170702: hp 62->22 | total wins 607/692
02:20:16 [693/2436] episode 47504781175802: hp 71->61 | total wins 608/693
02:20:16 episode 47504781180603 skipped: replay diverged from the stored fight: 0, 0, 0, 1, 0, 0, 0, 1, 2, 1], [0, 0, 0, 1, 1, 1, 0, 2, 2, 0, 0, 0, 0], [6]], "random_potions": true, "samples": [{"episode_id": 47504781180603000, "starting_hp": 72}], "teacher": {"leaf": "policy_net", "simulations": 20000, : fight_resample_worker: replayed fight didn't end after its stored actions
02:20:17 [694/2436] episode 47504781168802: hp 75->11 | total wins 609/694
02:20:18 [695/2436] episode 47504781160602: hp 60->48 | total wins 610/695
02:20:20 [696/2436] episode 47504781177702: hp 28->3 | total wins 611/696
02:20:21 [697/2436] episode 47504781182802: hp 61->43 | total wins 612/697
02:20:21 [698/2436] episode 47504781172604: hp 30->2 | total wins 613/698
02:20:24 [699/2436] episode 47504781169904: hp 72->50 | total wins 614/699
02:20:25 [700/2436] episode 47504781184703: hp 60->36 | total wins 615/700
02:20:25 [701/2436] episode 47504781184406: hp 30->24 | total wins 616/701
02:20:25 [702/2436] episode 47504781181905: hp 75->62 | total wins 617/702
02:20:26 [703/2436] episode 47504781185402: hp 75->41 | total wins 618/703
02:20:28 [704/2436] episode 47504781185704: hp 51->35 | total wins 619/704
02:20:29 [705/2436] episode 47504781172903: hp 52->32 | total wins 620/705
02:20:29 [706/2436] episode 47504781179903: hp 75->30 | total wins 621/706
02:20:30 [707/2436] episode 47504781175902: hp 64->39 | total wins 622/707
02:20:30 [708/2436] episode 47504781186604: hp 62->34 | total wins 623/708
02:20:33 [709/2436] episode 47504781189403: hp 35->3 | total wins 624/709
02:20:33 [710/2436] episode 47504781186803: hp 60->44 | total wins 625/710
02:20:33 [711/2436] episode 47504781181402: hp 37->lost | total wins 625/711
02:20:33 [712/2436] episode 47504781188606: hp 40->40 | total wins 626/712
02:20:34 [713/2436] episode 47504781185405: hp 73->46 | total wins 627/713
02:20:36 [714/2436] episode 47504781175402: hp 46->6 | total wins 628/714
02:20:36 [715/2436] episode 47504781168403: hp 75->10 | total wins 629/715
02:20:37 [716/2436] episode 47504781185804: hp 41->11 | total wins 630/716
02:20:38 [717/2436] episode 47504781191804: hp 67->37 | total wins 631/717
02:20:38 [718/2436] episode 47504781190802: hp 75->56 | total wins 632/718
02:20:40 [719/2436] episode 47504781189904: hp 65->35 | total wins 633/719
02:20:40 [720/2436] episode 47504781190703: hp 25->lost | total wins 633/720
02:20:40 [721/2436] episode 47504781191603: hp 22->lost | total wins 633/721
02:20:40 episode 47504781195705 skipped: replay diverged from the stored fight: ns": [[0, 1, 0, 0, 0, 1, 0, 0], [2, 2, 1, 1, 4, 2, 0, 0, 1, 1, 1, 3, 2], [0, 1, 0, 1, 1, 1, 1, 1, 1, 0, 2, 5, 1, 1], [3, 3, 0, 0, 1, 2, 2, 0, 1, 1, 0, 1], [0, 1, 0, 0, 1, 1, 0, 0, 0, 0, 2, 0, 1, 0, 1, 0, 2, 0]], "random_potions": tr: fight_resample_worker: stored actions don't fit the replayed fight
02:20:40 episode 47504781195804 skipped: replay diverged from the stored fight: 2, 2, 1, 0, 1, 4, 1, 0, 1, 0, 0, 0, 0, 0, 0, 0], [1, 0, 0, 1, 1, 1, 0, 1, 1, 0, 0, 1, 1], [5], [1, 1, 1, 0, 0, 1]], "random_potions": true, "samples": [{"episode_id": 47504781195804000, "starting_hp": 74}], "teacher": {"leaf": fight_resample_worker: replayed fight didn't end after its stored actions
02:20:42 [722/2436] episode 47504781192703: hp 72->54 | total wins 634/722
02:20:42 [723/2436] episode 47504781195404: hp 65->49 | total wins 635/723
02:20:43 [724/2436] episode 47504781190902: hp 49->29 | total wins 636/724
02:20:45 [725/2436] episode 47504781198704: hp 39->23 | total wins 637/725
02:20:47 [726/2436] episode 47504781197705: hp 53->37 | total wins 638/726
02:20:48 [727/2436] episode 47504781183704: hp 45->lost | total wins 638/727
02:20:50 [728/2436] episode 47504781191403: hp 75->55 | total wins 639/728
02:20:53 [729/2436] episode 47504781187905: hp 46->25 | total wins 640/729
02:20:53 [730/2436] episode 47504781192604: hp 75->40 | total wins 641/730
02:20:53 [731/2436] episode 47504781200602: hp 75->55 | total wins 642/731
02:20:53 [732/2436] episode 47504781200801: hp 32->16 | total wins 643/732
02:20:53 [733/2436] episode 47504781200403: hp 48->30 | total wins 644/733
02:20:54 [734/2436] episode 47504781200604: hp 48->32 | total wins 645/734
02:20:57 [735/2436] episode 47504781196701: hp 69->lost | total wins 645/735
02:20:57 [736/2436] episode 47504781201704: hp 54->24 | total wins 646/736
02:20:57 [737/2436] episode 47504781192705: hp 41->lost | total wins 646/737
02:20:58 [738/2436] episode 47504781189803: hp 74->42 | total wins 647/738
02:21:00 [739/2436] episode 47504781201904: hp 53->23 | total wins 648/739
02:21:00 [740/2436] episode 47504781198706: hp 59->58 | total wins 649/740
02:21:00 [741/2436] episode 47504781198804: hp 36->23 | total wins 650/741
02:21:00 [742/2436] episode 47504781203403: hp 63->51 | total wins 651/742
02:21:00 episode 47504781205804 skipped: replay diverged from the stored fight: ns": [[0, 1, 1, 0, 0, 0, 0, 1, 0, 0], [0, 1, 0, 0, 0, 1, 0, 0], [0], [0, 0, 1, 0, 0, 1, 6, 0, 4, 0, 1, 0, 0, 3, 1]], "random_potions": true, "samples": [{"episode_id": 47504781205804000, "starting_hp": 48}], "teacher": {"leaf": "pol: fight_resample_worker: stored actions don't fit the replayed fight
02:21:01 [743/2436] episode 47504781202804: hp 56->33 | total wins 652/743
02:21:03 [744/2436] episode 47504781204901: hp 20->lost | total wins 652/744
02:21:03 [745/2436] episode 47504781205403: hp 35->7 | total wins 653/745
02:21:04 [746/2436] episode 47504781206803: hp 37->lost | total wins 653/746
02:21:07 [747/2436] episode 47504781193702: hp 71->21 | total wins 654/747
02:21:09 [748/2436] episode 47504781202602: hp 75->51 | total wins 655/748
02:21:09 [749/2436] episode 47504781206604: hp 55->20 | total wins 656/749
02:21:10 [750/2436] episode 47504781202904: hp 63->31 | total wins 657/750
02:21:10 [751/2436] episode 47504781207605: hp 27->20 | total wins 658/751
02:21:12 [752/2436] episode 47504781209702: hp 75->45 | total wins 659/752
02:21:13 [753/2436] episode 47504781203607: hp 55->40 | total wins 660/753
02:21:13 [754/2436] episode 47504781209704: hp 45->29 | total wins 661/754
02:21:15 [755/2436] episode 47504781201402: hp 59->10 | total wins 662/755
02:21:15 [756/2436] episode 47504781204603: hp 33->11 | total wins 663/756
02:21:15 [757/2436] episode 47504781204703: hp 35->10 | total wins 664/757
02:21:16 [758/2436] episode 47504781208401: hp 64->37 | total wins 665/758
02:21:17 [759/2436] episode 47504781210606: hp 46->42 | total wins 666/759
02:21:17 [760/2436] episode 47504781209405: hp 63->33 | total wins 667/760
02:21:18 [761/2436] episode 47504781213605: hp 75->63 | total wins 668/761
02:21:18 [762/2436] episode 47504781209803: hp 60->24 | total wins 669/762
02:21:19 [763/2436] episode 47504781207606: hp 19->12 | total wins 670/763
02:21:21 [764/2436] episode 47504781210704: hp 57->47 | total wins 671/764
02:21:22 [765/2436] episode 47504781213904: hp 66->56 | total wins 672/765
02:21:23 [766/2436] episode 47504781215703: hp 63->14 | total wins 673/766
02:21:23 [767/2436] episode 47504781217403: hp 60->50 | total wins 674/767
02:21:24 [768/2436] episode 47504781215901: hp 69->37 | total wins 675/768
02:21:25 [769/2436] episode 47504781214605: hp 65->36 | total wins 676/769
02:21:25 [770/2436] episode 47504781208703: hp 47->7 | total wins 677/770
02:21:28 [771/2436] episode 47504781215404: hp 31->lost | total wins 677/771
02:21:29 [772/2436] episode 47504781214802: hp 45->23 | total wins 678/772
02:21:30 [773/2436] episode 47504781214403: hp 75->40 | total wins 679/773
02:21:31 [774/2436] episode 47504781209605: hp 65->45 | total wins 680/774
02:21:31 [775/2436] episode 47504781214805: hp 69->45 | total wins 681/775
02:21:31 [776/2436] episode 47504781220803: hp 66->26 | total wins 682/776
02:21:32 [777/2436] episode 47504781221602: hp 58->28 | total wins 683/777
02:21:32 [778/2436] episode 47504781219903: hp 48->16 | total wins 684/778
02:21:33 [779/2436] episode 47504781223605: hp 34->3 | total wins 685/779
02:21:34 [780/2436] episode 47504781223803: hp 75->59 | total wins 686/780
02:21:34 [781/2436] episode 47504781208804: hp 39->19 | total wins 687/781
02:21:37 [782/2436] episode 47504781223702: hp 51->3 | total wins 688/782
02:21:38 [783/2436] episode 47504781218706: hp 42->23 | total wins 689/783
02:21:38 [784/2436] episode 47504781223704: hp 17->lost | total wins 689/784
02:21:41 [785/2436] episode 47504781224402: hp 67->51 | total wins 690/785
02:21:43 [786/2436] episode 47504781224907: hp 47->23 | total wins 691/786
02:21:44 [787/2436] episode 47504781219603: hp 75->46 | total wins 692/787
02:21:44 episode 47504781227605 skipped: replay diverged from the stored fight: 3, 3, 0, 0, 2, 0, 1, 0, 0, 1, 0, 0, 1, 1, 0, 0, 0, 0, 0, 0, 0], [7], [1, 0, 1, 0, 1, 1, 1, 0, 1, 0, 0, 0, 0], [1, 1, 0, 0, 0, 0, 0, 0, 0, 0, 0, 0, 0, 0, 1, 0, 0], [10, 10, 1, 0, 1]], "random_potions": true, "samples": [{"epis: fight_resample_worker: replayed fight didn't end after its stored actions
02:21:45 [788/2436] episode 47504781223904: hp 72->46 | total wins 693/788
02:21:45 episode 47504781227806 skipped: replay diverged from the stored fight: ns": [[0, 1, 0, 0, 1, 1, 0, 0, 1, 0, 0, 1, 0], [2, 3, 0, 0, 1, 0, 0, 0, 0], [0, 0, 1, 1, 1, 1, 3, 1], [1, 1, 0, 0, 1, 1, 0, 1, 4, 0, 1, 1, 1, 0], [3, 0, 4, 0, 0, 0, 1, 0, 1, 1, 0, 2, 1, 0], [1, 0, 1, 0, 2, 0, 2, 0, 1, 0, 0, 1, 0]], : fight_resample_worker: stored actions don't fit the replayed fight
02:21:45 episode 47504781227903 skipped: replay diverged from the stored fight: ns": [[1, 0, 0, 1, 1, 0, 0, 1, 0, 0, 0, 0], [2, 2, 2, 0, 1, 1, 0, 1, 1, 0, 0, 4, 2, 2, 1], [3, 0, 0, 2, 0, 1, 1, 1, 1, 0, 2, 0, 1, 1, 1, 0, 2, 1, 1]], "random_potions": true, "samples": [{"episode_id": 47504781227903000, "starting_h: fight_resample_worker: stored actions don't fit the replayed fight
02:21:45 [789/2436] episode 47504781222605: hp 43->38 | total wins 694/789
02:21:46 [790/2436] episode 47504781217603: hp 63->29 | total wins 695/790
02:21:47 [791/2436] episode 47504781228403: hp 55->36 | total wins 696/791
02:21:47 [792/2436] episode 47504781220905: hp 32->5 | total wins 697/792
02:21:48 [793/2436] episode 47504781229804: hp 73->41 | total wins 698/793
02:21:48 [794/2436] episode 47504781224602: hp 46->22 | total wins 699/794
02:21:49 [795/2436] episode 47504781228602: hp 75->43 | total wins 700/795
02:21:50 [796/2436] episode 47504781225602: hp 48->lost | total wins 700/796
02:21:51 [797/2436] episode 47504781229604: hp 62->42 | total wins 701/797
02:21:51 [798/2436] episode 47504781225905: hp 43->18 | total wins 702/798
02:21:51 [799/2436] episode 47504781230804: hp 51->39 | total wins 703/799
02:21:52 [800/2436] episode 47504781224905: hp 62->52 | total wins 704/800
02:21:54 [801/2436] episode 47504781227704: hp 59->34 | total wins 705/801
02:21:56 [802/2436] episode 47504781232404: hp 43->21 | total wins 706/802
02:21:56 [803/2436] episode 47504781219607: hp 50->49 | total wins 707/803
02:21:58 [804/2436] episode 47504781226803: hp 66->66 | total wins 708/804
02:21:59 [805/2436] episode 47504781235602: hp 75->27 | total wins 709/805
02:22:01 [806/2436] episode 47504781229906: hp 31->20 | total wins 710/806
02:22:04 [807/2436] episode 47504781232803: hp 63->38 | total wins 711/807
02:22:04 [808/2436] episode 47504781237703: hp 65->27 | total wins 712/808
02:22:05 [809/2436] episode 47504781232804: hp 74->59 | total wins 713/809
02:22:07 [810/2436] episode 47504781233606: hp 64->44 | total wins 714/810
02:22:08 [811/2436] episode 47504781231603: hp 55->lost | total wins 714/811
02:22:08 [812/2436] episode 47504781230603: hp 75->64 | total wins 715/812
02:22:09 [813/2436] episode 47504781230605: hp 71->43 | total wins 716/813
02:22:09 [814/2436] episode 47504781239403: hp 43->29 | total wins 717/814
02:22:09 [815/2436] episode 47504781237706: hp 47->37 | total wins 718/815
02:22:10 [816/2436] episode 47504781237804: hp 62->53 | total wins 719/816
02:22:12 [817/2436] episode 47504781241804: hp 75->59 | total wins 720/817
02:22:15 [818/2436] episode 47504781233604: hp 71->55 | total wins 721/818
02:22:18 [819/2436] episode 47504781233403: hp 37->12 | total wins 722/819
02:22:18 [820/2436] episode 47504781242802: hp 55->23 | total wins 723/820
02:22:18 [821/2436] episode 47504781240602: hp 37->lost | total wins 723/821
02:22:20 [822/2436] episode 47504781241403: hp 64->34 | total wins 724/822
02:22:20 [823/2436] episode 47504781237902: hp 61->34 | total wins 725/823
02:22:21 [824/2436] episode 47504781238607: hp 33->lost | total wins 725/824
02:22:22 [825/2436] episode 47504781246402: hp 62->22 | total wins 726/825
02:22:22 episode 47504781246905 skipped: replay diverged from the stored fight: ns": [[0, 1, 0, 1, 1, 0, 0, 0], [0, 0, 0, 0, 0, 0, 0, 1, 2, 0, 0, 1, 0, 0], [0, 0, 1, 0, 3, 4, 1, 0, 4, 3, 1, 0, 0, 2, 2, 0, 0, 0, 1, 1], [0, 0, 0, 1, 1, 1, 0, 3, 0, 0, 0, 1, 1], [2, 0, 0, 1, 2, 3, 1, 0, 0, 1, 2, 0, 0, 0, 0, 0]], "r: fight_resample_worker: stored actions don't fit the replayed fight
02:22:25 [826/2436] episode 47504781246602: hp 68->4 | total wins 727/826
02:22:26 [827/2436] episode 47504781243802: hp 61->20 | total wins 728/827
02:22:26 [828/2436] episode 47504781247408: hp 21->9 | total wins 729/828
02:22:26 [829/2436] episode 47504781245704: hp 57->37 | total wins 730/829
02:22:28 [830/2436] episode 47504781240702: hp 39->lost | total wins 730/830
02:22:30 [831/2436] episode 47504781247704: hp 75->59 | total wins 731/831
02:22:30 [832/2436] episode 47504781240903: hp 75->65 | total wins 732/832
02:22:31 [833/2436] episode 47504781247603: hp 66->56 | total wins 733/833
02:22:32 [834/2436] episode 47504781241905: hp 64->40 | total wins 734/834
02:22:34 [835/2436] episode 47504781249802: hp 60->17 | total wins 735/835
02:22:36 [836/2436] episode 47504781245604: hp 51->13 | total wins 736/836
02:22:37 [837/2436] episode 47504781249701: hp 75->35 | total wins 737/837
02:22:37 [838/2436] episode 47504781250804: hp 68->28 | total wins 738/838
02:22:37 [839/2436] episode 47504781250603: hp 46->20 | total wins 739/839
02:22:37 [840/2436] episode 47504781239402: hp 75->30 | total wins 740/840
02:22:37 [841/2436] episode 47504781251804: hp 75->67 | total wins 741/841
02:22:37 episode 47504781257807 skipped: replay diverged from the stored fight: ns": [[2, 2, 1, 1, 1, 0, 1, 1, 0, 0, 1, 1, 0], [0, 3, 0, 0, 0, 1, 0, 0, 1, 1, 0, 0, 0, 1], [0, 0, 1, 1, 7, 0, 0], [1, 5, 30, 1, 0, 0, 2, 2, 0, 1, 0, 1, 1, 0, 1, 1, 0, 1, 1, 0, 0, 2, 3, 1, 0, 0, 0], [3, 3, 0, 5, 0, 0, 7, 4, 1, 1, 1, : fight_resample_worker: stored actions don't fit the replayed fight
02:22:37 [842/2436] episode 47504781246801: hp 47->17 | total wins 742/842
02:22:39 [843/2436] episode 47504781252902: hp 70->33 | total wins 743/843
02:22:39 [844/2436] episode 47504781253703: hp 65->27 | total wins 744/844
02:22:39 [845/2436] episode 47504781257901: hp 63->44 | total wins 745/845
02:22:40 [846/2436] episode 47504781242704: hp 59->56 | total wins 746/846
02:22:42 [847/2436] episode 47504781261703: hp 61->49 | total wins 747/847
02:22:42 [848/2436] episode 47504781247902: hp 56->lost | total wins 747/848
02:22:43 [849/2436] episode 47504781262404: hp 71->24 | total wins 748/849
02:22:44 [850/2436] episode 47504781258606: hp 49->24 | total wins 749/850
02:22:49 [851/2436] episode 47504781264703: hp 67->27 | total wins 750/851
02:22:51 [852/2436] episode 47504781257404: hp 58->42 | total wins 751/852
02:22:53 [853/2436] episode 47504781254903: hp 67->3 | total wins 752/853
02:22:53 [854/2436] episode 47504781251902: hp 52->17 | total wins 753/854
02:22:53 episode 47504781267405 skipped: replay diverged from the stored fight: 0, 0, 0, 0, 0, 3, 0, 0, 0, 0, 0], [0, 1, 0, 1, 0, 1, 3, 1, 1, 0, 1, 2, 0], [6], [2, 0, 2, 1, 1, 0, 1, 1, 0, 0, 1, 1, 2], [2, 1, 2, 6, 0, 3, 5, 2, 0, 3, 1, 2, 1]], "random_potions": true, "samples": [{"episode_id": 47504781267: fight_resample_worker: replayed fight didn't end after its stored actions
02:22:54 [855/2436] episode 47504781267703: hp 75->61 | total wins 754/855
02:22:55 [856/2436] episode 47504781258903: hp 50->20 | total wins 755/856
02:22:55 [857/2436] episode 47504781266903: hp 64->18 | total wins 756/857
02:22:55 episode 47504781269803 skipped: replay diverged from the stored fight: 1, 1, 1, 0, 0, 1, 0, 2, 1], [6], [1, 1, 0, 2, 0, 2, 2, 0]], "random_potions": true, "samples": [{"episode_id": 47504781269803000, "starting_hp": 36}], "teacher": {"leaf": "policy_net", "simulations": 20000, "oracle": false, ": fight_resample_worker: replayed fight didn't end after its stored actions
02:22:55 episode 47504781269904 skipped: replay diverged from the stored fight: ns": [[0, 1, 0, 0, 0, 0, 1, 1, 1], [1, 1, 1, 1, 0, 0, 1, 1, 0], [0, 0, 0, 2, 0, 0, 1, 1, 0, 0, 1, 0], [0, 3, 1, 1, 4, 3, 1, 4, 0, 1, 0, 0, 1, 1, 1, 1, 1, 2, 1, 1, 3, 0, 0, 1, 0]], "random_potions": true, "samples": [{"episode_id": 4: fight_resample_worker: stored actions don't fit the replayed fight
02:22:55 [858/2436] episode 47504781257606: hp 41->lost | total wins 756/858
02:22:57 [859/2436] episode 47504781265903: hp 26->lost | total wins 756/859
02:22:57 [860/2436] episode 47504781250903: hp 57->12 | total wins 757/860
02:22:58 [861/2436] episode 47504781264402: hp 53->3 | total wins 758/861
02:22:58 [862/2436] episode 47504781266802: hp 53->7 | total wins 759/862
02:22:59 [863/2436] episode 47504781268903: hp 68->48 | total wins 760/863
02:23:00 [864/2436] episode 47504781263706: hp 73->51 | total wins 761/864
02:23:00 [865/2436] episode 47504781271701: hp 75->32 | total wins 762/865
02:23:03 [866/2436] episode 47504781273605: hp 71->43 | total wins 763/866
02:23:05 [867/2436] episode 47504781270602: hp 49->2 | total wins 764/867
02:23:06 [868/2436] episode 47504781273807: hp 42->43 | total wins 765/868
02:23:08 [869/2436] episode 47504781264803: hp 69->29 | total wins 766/869
02:23:09 [870/2436] episode 47504781268605: hp 66->60 | total wins 767/870
02:23:10 [871/2436] episode 47504781272902: hp 46->lost | total wins 767/871
02:23:10 [872/2436] episode 47504781273402: hp 68->43 | total wins 768/872
02:23:11 [873/2436] episode 47504781272606: hp 40->14 | total wins 769/873
02:23:11 [874/2436] episode 47504781275602: hp 75->64 | total wins 770/874
02:23:13 [875/2436] episode 47504781276902: hp 61->45 | total wins 771/875
02:23:13 [876/2436] episode 47504781270404: hp 38->27 | total wins 772/876
02:23:13 [877/2436] episode 47504781274705: hp 26->15 | total wins 773/877
02:23:13 [878/2436] episode 47504781277603: hp 70->43 | total wins 774/878
02:23:14 [879/2436] episode 47504781264706: hp 47->22 | total wins 775/879
02:23:15 [880/2436] episode 47504781275604: hp 57->29 | total wins 776/880
02:23:16 [881/2436] episode 47504781273904: hp 46->31 | total wins 777/881
02:23:19 [882/2436] episode 47504781280405: hp 62->45 | total wins 778/882
02:23:24 [883/2436] episode 47504781279604: hp 13->lost | total wins 778/883
02:23:25 [884/2436] episode 47504781274405: hp 30->2 | total wins 779/884
02:23:25 [885/2436] episode 47504781280604: hp 34->4 | total wins 780/885
02:23:27 [886/2436] episode 47504781270802: hp 69->35 | total wins 781/886
02:23:28 [887/2436] episode 47504781280407: hp 33->31 | total wins 782/887
02:23:28 [888/2436] episode 47504781274905: hp 36->14 | total wins 783/888
02:23:33 [889/2436] episode 47504781283603: hp 55->16 | total wins 784/889
02:23:34 [890/2436] episode 47504781276704: hp 47->lost | total wins 784/890
02:23:35 [891/2436] episode 47504781284702: hp 27->lost | total wins 784/891
02:23:36 [892/2436] episode 47504781278803: hp 68->lost | total wins 784/892
02:23:37 [893/2436] episode 47504781282903: hp 47->27 | total wins 785/893
02:23:37 [894/2436] episode 47504781284803: hp 39->19 | total wins 786/894
02:23:38 [895/2436] episode 47504781285702: hp 72->40 | total wins 787/895
02:23:40 [896/2436] episode 47504781286904: hp 33->19 | total wins 788/896
02:23:40 [897/2436] episode 47504781285803: hp 53->12 | total wins 789/897
02:23:41 [898/2436] episode 47504781286804: hp 67->37 | total wins 790/898
02:23:43 [899/2436] episode 47504781278402: hp 75->68 | total wins 791/899
02:23:43 [900/2436] episode 47504781281803: hp 68->28 | total wins 792/900
02:23:44 [901/2436] episode 47504781287404: hp 32->12 | total wins 793/901
02:23:44 [902/2436] episode 47504781281903: hp 71->65 | total wins 794/902
02:23:48 [903/2436] episode 47504781279603: hp 49->19 | total wins 795/903
02:23:49 [904/2436] episode 47504781290901: hp 62->46 | total wins 796/904
02:23:49 [905/2436] episode 47504781282802: hp 53->lost | total wins 796/905
02:23:50 [906/2436] episode 47504781288603: hp 46->12 | total wins 797/906
02:23:52 [907/2436] episode 47504781292606: hp 53->39 | total wins 798/907
02:23:54 [908/2436] episode 47504781293406: hp 64->54 | total wins 799/908
02:23:58 [909/2436] episode 47504781280905: hp 53->10 | total wins 800/909
02:23:58 [910/2436] episode 47504781289704: hp 52->19 | total wins 801/910
02:23:58 [911/2436] episode 47504781290705: hp 58->33 | total wins 802/911
02:23:58 [912/2436] episode 47504781291402: hp 55->37 | total wins 803/912
02:24:00 [913/2436] episode 47504781288403: hp 62->37 | total wins 804/913
02:24:01 [914/2436] episode 47504781294403: hp 67->32 | total wins 805/914
02:24:01 [915/2436] episode 47504781294603: hp 66->50 | total wins 806/915
02:24:02 [916/2436] episode 47504781285604: hp 49->lost | total wins 806/916
02:24:04 [917/2436] episode 47504781291405: hp 40->20 | total wins 807/917
02:24:06 [918/2436] episode 47504781299403: hp 75->43 | total wins 808/918
02:24:07 [919/2436] episode 47504781296903: hp 64->34 | total wins 809/919
02:24:07 [920/2436] episode 47504781297701: hp 75->43 | total wins 810/920
02:24:07 [921/2436] episode 47504781291903: hp 68->3 | total wins 811/921
02:24:11 [922/2436] episode 47504781288902: hp 43->5 | total wins 812/922
02:24:12 [923/2436] episode 47504781299603: hp 61->13 | total wins 813/923
02:24:14 [924/2436] episode 47504781298904: hp 46->17 | total wins 814/924
02:24:14 [925/2436] episode 47504781294405: hp 65->33 | total wins 815/925
02:24:15 [926/2436] episode 47504781295903: hp 74->59 | total wins 816/926
02:24:15 [927/2436] episode 47504781287702: hp 75->30 | total wins 817/927
02:24:16 [928/2436] episode 47504781302803: hp 59->40 | total wins 818/928
02:24:16 [929/2436] episode 47504781302905: hp 58->42 | total wins 819/929
02:24:19 [930/2436] episode 47504781299404: hp 75->35 | total wins 820/930
02:24:20 [931/2436] episode 47504781295604: hp 73->3 | total wins 821/931
02:24:21 [932/2436] episode 47504781299804: hp 74->48 | total wins 822/932
02:24:21 [933/2436] episode 47504781301905: hp 65->44 | total wins 823/933
02:24:23 [934/2436] episode 47504781306901: hp 75->56 | total wins 824/934
02:24:25 [935/2436] episode 47504781301706: hp 75->58 | total wins 825/935
02:24:26 [936/2436] episode 47504781301404: hp 75->43 | total wins 826/936
02:24:27 [937/2436] episode 47504781307403: hp 70->38 | total wins 827/937
02:24:27 [938/2436] episode 47504781307902: hp 25->1 | total wins 828/938
02:24:28 [939/2436] episode 47504781303603: hp 52->22 | total wins 829/939
02:24:29 [940/2436] episode 47504781305606: hp 37->22 | total wins 830/940
02:24:31 [941/2436] episode 47504781307904: hp 11->lost | total wins 830/941
02:24:33 [942/2436] episode 47504781304803: hp 37->2 | total wins 831/942
02:24:34 [943/2436] episode 47504781304905: hp 59->37 | total wins 832/943
02:24:35 [944/2436] episode 47504781305805: hp 70->40 | total wins 833/944
02:24:37 [945/2436] episode 47504781308705: hp 42->32 | total wins 834/945
02:24:40 [946/2436] episode 47504781307804: hp 66->53 | total wins 835/946
02:24:40 [947/2436] episode 47504781308404: hp 51->11 | total wins 836/947
02:24:42 [948/2436] episode 47504781308904: hp 56->21 | total wins 837/948
02:24:43 [949/2436] episode 47504781293605: hp 50->13 | total wins 838/949
02:24:45 [950/2436] episode 47504781313402: hp 34->22 | total wins 839/950
02:24:45 [951/2436] episode 47504781299904: hp 41->41 | total wins 840/951
02:24:45 [952/2436] episode 47504781312704: hp 1->lost | total wins 840/952
02:24:46 [953/2436] episode 47504781309803: hp 59->40 | total wins 841/953
02:24:47 [954/2436] episode 47504781304805: hp 36->14 | total wins 842/954
02:24:47 [955/2436] episode 47504781314703: hp 75->43 | total wins 843/955
02:24:48 [956/2436] episode 47504781311404: hp 22->9 | total wins 844/956
02:24:49 [957/2436] episode 47504781315702: hp 42->21 | total wins 845/957
02:24:50 [958/2436] episode 47504781312904: hp 63->47 | total wins 846/958
02:24:52 [959/2436] episode 47504781309705: hp 39->22 | total wins 847/959
02:24:52 episode 47504781317904 skipped: replay diverged from the stored fight: ns": [[1, 2, 0, 2, 1, 0, 1, 0, 0, 0], [0, 1, 0, 0, 1, 2, 1, 0, 0, 4], [0, 0, 0, 1, 1, 1, 2, 1, 0, 0, 2, 3, 0, 0, 3], [3, 0, 1, 0, 0, 0, 2, 2, 4, 2, 2, 0, 0, 1, 2, 0, 4, 1, 2]], "random_potions": true, "samples": [{"episode_id": 4750: fight_resample_worker: stored actions don't fit the replayed fight
02:24:55 [960/2436] episode 47504781310602: hp 72->37 | total wins 848/960
02:24:55 [961/2436] episode 47504781314804: hp 75->65 | total wins 849/961
02:24:56 [962/2436] episode 47504781317803: hp 58->42 | total wins 850/962
02:24:57 [963/2436] episode 47504781319403: hp 50->18 | total wins 851/963
02:24:58 [964/2436] episode 47504781318603: hp 57->41 | total wins 852/964
02:24:59 [965/2436] episode 47504781319602: hp 59->29 | total wins 853/965
02:24:59 [966/2436] episode 47504781317605: hp 31->3 | total wins 854/966
02:24:59 [967/2436] episode 47504781315803: hp 42->21 | total wins 855/967
02:25:01 [968/2436] episode 47504781321804: hp 75->59 | total wins 856/968
02:25:02 [969/2436] episode 47504781319803: hp 58->58 | total wins 857/969
02:25:02 [970/2436] episode 47504781319703: hp 61->38 | total wins 858/970
02:25:03 [971/2436] episode 47504781314705: hp 38->23 | total wins 859/971
02:25:07 [972/2436] episode 47504781320403: hp 55->21 | total wins 860/972
02:25:07 [973/2436] episode 47504781319904: hp 28->lost | total wins 860/973
02:25:07 episode 47504781324604 skipped: replay diverged from the stored fight: 0, 1, 1, 1, 2, 0, 1, 2, 1], [8, 4, 6, 1, 0, 1, 1, 0, 0, 3, 0, 0, 0, 1, 4, 2], [0, 1, 1, 0], [5]], "random_potions": true, "samples": [{"episode_id": 47504781324604000, "starting_hp": 31}], "teacher": {"leaf": "policy_net", "s: fight_resample_worker: replayed fight didn't end after its stored actions
02:25:08 [974/2436] episode 47504781313902: hp 75->20 | total wins 861/974
02:25:08 [975/2436] episode 47504781313804: hp 52->32 | total wins 862/975
02:25:08 [976/2436] episode 47504781323605: hp 63->39 | total wins 863/976
02:25:10 [977/2436] episode 47504781317704: hp 56->41 | total wins 864/977
02:25:12 [978/2436] episode 47504781326903: hp 75->75 | total wins 865/978
02:25:12 episode 47504781328606 skipped: replay diverged from the stored fight: 2, 1, 0, 0, 0, 0, 0, 0, 0, 0, 1, 0], [0, 3, 2, 1, 3, 0, 1, 1, 0, 0, 0, 0, 0], [0, 0, 0, 0, 0, 4, 0, 1, 0, 0, 1, 0], [1, 0, 1, 2, 1, 1, 1, 3, 3, 0, 0, 2, 0, 0, 0, 1, 2, 0, 0, 0], [0, 1, 3, 0, 0, 0, 2, 0, 3, 0, 0, 0, 2, 0, 0, 2: fight_resample_worker: replayed fight didn't end after its stored actions
02:25:12 [979/2436] episode 47504781321602: hp 55->8 | total wins 866/979
02:25:14 [980/2436] episode 47504781329803: hp 29->13 | total wins 867/980
02:25:14 [981/2436] episode 47504781312701: hp 75->25 | total wins 868/981
02:25:15 [982/2436] episode 47504781330804: hp 54->22 | total wins 869/982
02:25:16 [983/2436] episode 47504781322604: hp 55->55 | total wins 870/983
02:25:17 [984/2436] episode 47504781326602: hp 75->35 | total wins 871/984
02:25:17 [985/2436] episode 47504781331902: hp 43->27 | total wins 872/985
02:25:18 [986/2436] episode 47504781328402: hp 55->23 | total wins 873/986
02:25:21 [987/2436] episode 47504781321904: hp 73->44 | total wins 874/987
02:25:21 [988/2436] episode 47504781323703: hp 66->32 | total wins 875/988
02:25:22 [989/2436] episode 47504781323803: hp 75->38 | total wins 876/989
02:25:22 [990/2436] episode 47504781329704: hp 28->13 | total wins 877/990
02:25:24 [991/2436] episode 47504781329903: hp 72->53 | total wins 878/991
02:25:25 [992/2436] episode 47504781325402: hp 57->32 | total wins 879/992
02:25:25 [993/2436] episode 47504781339403: hp 55->25 | total wins 880/993
02:25:26 [994/2436] episode 47504781333403: hp 75->33 | total wins 881/994
02:25:29 [995/2436] episode 47504781332404: hp 31->23 | total wins 882/995
02:25:29 [996/2436] episode 47504781339902: hp 66->30 | total wins 883/996
02:25:29 [997/2436] episode 47504781339402: hp 53->38 | total wins 884/997
02:25:30 [998/2436] episode 47504781331903: hp 52->2 | total wins 885/998
02:25:31 [999/2436] episode 47504781341403: hp 48->19 | total wins 886/999
02:25:32 [1000/2436] episode 47504781342802: hp 44->12 | total wins 887/1000
02:25:34 [1001/2436] episode 47504781342601: hp 75->30 | total wins 888/1001
02:25:37 [1002/2436] episode 47504781340804: hp 57->22 | total wins 889/1002
02:25:40 [1003/2436] episode 47504781341804: hp 42->26 | total wins 890/1003
02:25:40 [1004/2436] episode 47504781333601: hp 73->6 | total wins 891/1004
02:25:41 [1005/2436] episode 47504781335804: hp 54->14 | total wins 892/1005
02:25:42 [1006/2436] episode 47504781326403: hp 37->27 | total wins 893/1006
02:25:43 [1007/2436] episode 47504781344905: hp 56->42 | total wins 894/1007
02:25:44 [1008/2436] episode 47504781343403: hp 74->39 | total wins 895/1008
02:25:45 [1009/2436] episode 47504781347403: hp 66->38 | total wins 896/1009
02:25:45 [1010/2436] episode 47504781343903: hp 63->33 | total wins 897/1010
02:25:46 [1011/2436] episode 47504781347802: hp 31->lost | total wins 897/1011
02:25:50 [1012/2436] episode 47504781335604: hp 56->24 | total wins 898/1012
02:25:52 [1013/2436] episode 47504781341903: hp 75->22 | total wins 899/1013
02:25:53 [1014/2436] episode 47504781347601: hp 75->45 | total wins 900/1014
02:25:54 [1015/2436] episode 47504781344701: hp 56->24 | total wins 901/1015
02:25:54 [1016/2436] episode 47504781345605: hp 43->2 | total wins 902/1016
02:25:55 [1017/2436] episode 47504781345404: hp 49->20 | total wins 903/1017
02:25:55 [1018/2436] episode 47504781345703: hp 66->49 | total wins 904/1018
02:25:56 [1019/2436] episode 47504781349703: hp 68->38 | total wins 905/1019
02:25:57 [1020/2436] episode 47504781352802: hp 68->36 | total wins 906/1020
02:25:57 [1021/2436] episode 47504781350604: hp 66->52 | total wins 907/1021
02:26:00 [1022/2436] episode 47504781342803: hp 52->10 | total wins 908/1022
02:26:00 [1023/2436] episode 47504781349402: hp 67->36 | total wins 909/1023
02:26:02 [1024/2436] episode 47504781349803: hp 71->43 | total wins 910/1024
02:26:02 [1025/2436] episode 47504781347902: hp 41->lost | total wins 910/1025
02:26:04 [1026/2436] episode 47504781355805: hp 42->22 | total wins 911/1026
02:26:06 [1027/2436] episode 47504781351604: hp 48->24 | total wins 912/1027
02:26:07 [1028/2436] episode 47504781355405: hp 55->17 | total wins 913/1028
02:26:07 [1029/2436] episode 47504781348706: hp 14->lost | total wins 913/1029
02:26:07 [1030/2436] episode 47504781353604: hp 54->44 | total wins 914/1030
02:26:08 [1031/2436] episode 47504781357802: hp 51->35 | total wins 915/1031
02:26:08 [1032/2436] episode 47504781356802: hp 58->48 | total wins 916/1032
02:26:09 [1033/2436] episode 47504781358402: hp 54->22 | total wins 917/1033
02:26:09 [1034/2436] episode 47504781356902: hp 64->39 | total wins 918/1034
02:26:11 [1035/2436] episode 47504781352902: hp 72->12 | total wins 919/1035
02:26:11 [1036/2436] episode 47504781360403: hp 67->26 | total wins 920/1036
02:26:11 [1037/2436] episode 47504781353404: hp 80->42 | total wins 921/1037
02:26:15 [1038/2436] episode 47504781352704: hp 75->57 | total wins 922/1038
02:26:15 [1039/2436] episode 47504781351803: hp 67->lost | total wins 922/1039
02:26:16 [1040/2436] episode 47504781358403: hp 46->36 | total wins 923/1040
02:26:16 [1041/2436] episode 47504781360405: hp 51->33 | total wins 924/1041
02:26:20 [1042/2436] episode 47504781362805: hp 33->5 | total wins 925/1042
02:26:20 [1043/2436] episode 47504781364402: hp 58->15 | total wins 926/1043
02:26:23 [1044/2436] episode 47504781364805: hp 70->50 | total wins 927/1044
02:26:23 [1045/2436] episode 47504781365906: hp 17->17 | total wins 928/1045
02:26:25 [1046/2436] episode 47504781361404: hp 31->16 | total wins 929/1046
02:26:26 [1047/2436] episode 47504781368903: hp 32->16 | total wins 930/1047
02:26:26 [1048/2436] episode 47504781354604: hp 63->34 | total wins 931/1048
02:26:26 [1049/2436] episode 47504781357602: hp 71->41 | total wins 932/1049
02:26:26 [1050/2436] episode 47504781358901: hp 67->24 | total wins 933/1050
02:26:27 [1051/2436] episode 47504781360404: hp 38->lost | total wins 933/1051
02:26:28 [1052/2436] episode 47504781371803: hp 67->51 | total wins 934/1052
02:26:29 [1053/2436] episode 47504781361904: hp 40->20 | total wins 935/1053
02:26:29 episode 47504781372604 skipped: replay diverged from the stored fight: ns": [[2, 0, 0, 3, 1, 1, 0, 0, 2, 0], [1, 1, 1, 0, 0, 0, 0, 0], [0, 0, 2, 1, 1, 2], [2, 0, 1, 1, 1, 7, 2, 0, 1, 0, 2, 1, 0, 0]], "random_potions": true, "samples": [{"episode_id": 47504781372604000, "starting_hp": 68}], "teacher": {: fight_resample_worker: stored actions don't fit the replayed fight
02:26:31 [1054/2436] episode 47504781363702: hp 75->18 | total wins 936/1054
02:26:32 [1055/2436] episode 47504781369904: hp 52->22 | total wins 937/1055
02:26:35 [1056/2436] episode 47504781373703: hp 38->2 | total wins 938/1056
02:26:39 [1057/2436] episode 47504781371404: hp 65->48 | total wins 939/1057
02:26:40 [1058/2436] episode 47504781358703: hp 46->4 | total wins 940/1058
02:26:42 [1059/2436] episode 47504781373604: hp 58->9 | total wins 941/1059
02:26:42 episode 47504781375404 skipped: replay diverged from the stored fight: ns": [[1, 0, 0, 0, 0, 0, 0, 1, 1, 1, 1, 1, 2, 0, 0, 0, 1, 0], [0, 1, 2, 1, 0, 0, 1, 0, 0, 0, 0, 1, 1, 0, 0, 2, 3, 1, 2], [4, 0, 0, 1, 1, 0, 4, 3, 5, 0, 3, 0, 0, 1], [0, 0, 1, 1, 1, 2, 2, 2, 5, 1, 2, 1, 1, 0, 1, 1, 0]], "random_potio: fight_resample_worker: stored actions don't fit the replayed fight
02:26:44 [1060/2436] episode 47504781371805: hp 44->lost | total wins 941/1060
02:26:47 [1061/2436] episode 47504781374902: hp 69->28 | total wins 942/1061
02:26:48 [1062/2436] episode 47504781369705: hp 23->7 | total wins 943/1062
02:26:48 [1063/2436] episode 47504781374702: hp 42->lost | total wins 943/1063
02:26:49 [1064/2436] episode 47504781365602: hp 61->17 | total wins 944/1064
02:26:51 [1065/2436] episode 47504781369804: hp 59->24 | total wins 945/1065
02:26:53 [1066/2436] episode 47504781376706: hp 75->72 | total wins 946/1066
02:26:54 [1067/2436] episode 47504781367703: hp 51->22 | total wins 947/1067
02:26:54 [1068/2436] episode 47504781373802: hp 75->59 | total wins 948/1068
02:26:54 [1069/2436] episode 47504781375604: hp 53->14 | total wins 949/1069
02:26:56 [1070/2436] episode 47504781379802: hp 58->12 | total wins 950/1070
02:26:58 [1071/2436] episode 47504781374805: hp 65->52 | total wins 951/1071
02:27:00 [1072/2436] episode 47504781375801: hp 60->20 | total wins 952/1072
02:27:01 [1073/2436] episode 47504781381603: hp 53->21 | total wins 953/1073
02:27:01 [1074/2436] episode 47504781377704: hp 44->24 | total wins 954/1074
02:27:01 [1075/2436] episode 47504781379705: hp 75->55 | total wins 955/1075
02:27:03 [1076/2436] episode 47504781382606: hp 1->lost | total wins 955/1076
02:27:04 [1077/2436] episode 47504781376606: hp 24->6 | total wins 956/1077
02:27:06 [1078/2436] episode 47504781379804: hp 38->23 | total wins 957/1078
02:27:07 [1079/2436] episode 47504781372403: hp 68->lost | total wins 957/1079
02:27:08 [1080/2436] episode 47504781384705: hp 29->19 | total wins 958/1080
02:27:09 [1081/2436] episode 47504781378605: hp 75->42 | total wins 959/1081
02:27:09 [1082/2436] episode 47504781381904: hp 47->27 | total wins 960/1082
02:27:10 [1083/2436] episode 47504781377603: hp 53->23 | total wins 961/1083
02:27:10 episode 47504781386905 skipped: replay diverged from the stored fight: ns": [[2, 2, 0, 0, 1, 0, 0, 1, 1, 0, 0, 1], [1, 1, 0, 0, 0, 0, 1, 0, 0, 0, 0], [0, 1, 3, 1, 0, 0, 2, 2, 2, 0, 1, 0, 0, 2], [1, 4, 0, 1, 0, 1, 0, 0, 0, 0, 0, 0, 0], [1, 0, 0, 1]], "random_potions": true, "samples": [{"episode_id": 47: fight_resample_worker: stored actions don't fit the replayed fight
02:27:11 [1084/2436] episode 47504781377906: hp 51->16 | total wins 962/1084
02:27:12 [1085/2436] episode 47504781387904: hp 50->48 | total wins 963/1085
02:27:13 [1086/2436] episode 47504781382704: hp 49->43 | total wins 964/1086
02:27:13 [1087/2436] episode 47504781382406: hp 40->10 | total wins 965/1087
02:27:13 [1088/2436] episode 47504781385406: hp 47->31 | total wins 966/1088
02:27:13 [1089/2436] episode 47504781385905: hp 67->48 | total wins 967/1089
02:27:14 [1090/2436] episode 47504781380602: hp 70->20 | total wins 968/1090
02:27:15 [1091/2436] episode 47504781387906: hp 58->51 | total wins 969/1091
02:27:15 episode 47504781391805 skipped: replay diverged from the stored fight: ns": [[1, 0, 0, 0, 0, 1, 0, 0], [8, 2, 0, 0, 0, 0, 0, 0], [1, 1, 1, 1], [4, 1, 8, 5, 4, 1, 2, 4, 1, 0, 3, 1, 1, 1, 5, 0, 2, 1, 0, 4, 2], [2, 6, 2, 0, 1, 1, 1, 2, 2]], "random_potions": true, "samples": [{"episode_id": 47504781391805: fight_resample_worker: stored actions don't fit the replayed fight
02:27:17 [1092/2436] episode 47504781382405: hp 66->46 | total wins 970/1092
02:27:17 [1093/2436] episode 47504781389602: hp 58->26 | total wins 971/1093
02:27:18 [1094/2436] episode 47504781386403: hp 63->28 | total wins 972/1094
02:27:18 [1095/2436] episode 47504781389804: hp 72->57 | total wins 973/1095
02:27:18 [1096/2436] episode 47504781388403: hp 75->35 | total wins 974/1096
02:27:19 [1097/2436] episode 47504781392403: hp 44->9 | total wins 975/1097
02:27:21 [1098/2436] episode 47504781396401: hp 61->45 | total wins 976/1098
02:27:22 [1099/2436] episode 47504781386703: hp 64->36 | total wins 977/1099
02:27:22 [1100/2436] episode 47504781387405: hp 21->lost | total wins 977/1100
02:27:23 [1101/2436] episode 47504781395905: hp 42->18 | total wins 978/1101
02:27:24 [1102/2436] episode 47504781382802: hp 75->50 | total wins 979/1102
02:27:24 [1103/2436] episode 47504781396403: hp 57->35 | total wins 980/1103
02:27:25 [1104/2436] episode 47504781393704: hp 46->21 | total wins 981/1104
02:27:25 [1105/2436] episode 47504781388602: hp 43->16 | total wins 982/1105
02:27:27 [1106/2436] episode 47504781397803: hp 24->22 | total wins 983/1106
02:27:28 [1107/2436] episode 47504781397702: hp 66->36 | total wins 984/1107
02:27:30 [1108/2436] episode 47504781389403: hp 63->56 | total wins 985/1108
02:27:30 [1109/2436] episode 47504781402603: hp 54->38 | total wins 986/1109
02:27:33 [1110/2436] episode 47504781396906: hp 72->67 | total wins 987/1110
02:27:33 [1111/2436] episode 47504781400604: hp 49->19 | total wins 988/1111
02:27:33 [1112/2436] episode 47504781396704: hp 25->16 | total wins 989/1112
02:27:36 [1113/2436] episode 47504781392903: hp 37->12 | total wins 990/1113
02:27:37 [1114/2436] episode 47504781402903: hp 52->1 | total wins 991/1114
02:27:39 [1115/2436] episode 47504781396805: hp 69->58 | total wins 992/1115
02:27:40 [1116/2436] episode 47504781405605: hp 75->65 | total wins 993/1116
02:27:41 [1117/2436] episode 47504781397403: hp 75->40 | total wins 994/1117
02:27:42 [1118/2436] episode 47504781401903: hp 75->50 | total wins 995/1118
02:27:44 [1119/2436] episode 47504781404403: hp 80->50 | total wins 996/1119
02:27:45 [1120/2436] episode 47504781404604: hp 39->12 | total wins 997/1120
02:27:46 [1121/2436] episode 47504781406704: hp 75->60 | total wins 998/1121
02:27:46 [1122/2436] episode 47504781405805: hp 28->3 | total wins 999/1122
02:27:49 [1123/2436] episode 47504781403705: hp 60->28 | total wins 1000/1123
02:27:51 [1124/2436] episode 47504781395603: hp 73->33 | total wins 1001/1124
02:27:51 [1125/2436] episode 47504781411903: hp 61->29 | total wins 1002/1125
02:27:52 [1126/2436] episode 47504781408802: hp 75->36 | total wins 1003/1126
02:27:52 [1127/2436] episode 47504781409902: hp 72->52 | total wins 1004/1127
02:27:52 [1128/2436] episode 47504781405903: hp 41->22 | total wins 1005/1128
02:27:55 [1129/2436] episode 47504781410604: hp 75->25 | total wins 1006/1129
02:27:56 [1130/2436] episode 47504781412803: hp 54->29 | total wins 1007/1130
02:27:57 [1131/2436] episode 47504781414404: hp 65->45 | total wins 1008/1131
02:27:57 [1132/2436] episode 47504781416403: hp 66->49 | total wins 1009/1132
02:27:58 [1133/2436] episode 47504781417704: hp 43->11 | total wins 1010/1133
02:27:59 [1134/2436] episode 47504781408602: hp 35->lost | total wins 1010/1134
02:28:02 [1135/2436] episode 47504781415403: hp 75->35 | total wins 1011/1135
02:28:04 [1136/2436] episode 47504781418903: hp 43->28 | total wins 1012/1136
02:28:06 [1137/2436] episode 47504781412402: hp 64->5 | total wins 1013/1137
02:28:08 [1138/2436] episode 47504781420403: hp 56->26 | total wins 1014/1138
02:28:09 [1139/2436] episode 47504781421903: hp 53->36 | total wins 1015/1139
02:28:14 [1140/2436] episode 47504781419606: hp 55->37 | total wins 1016/1140
02:28:15 [1141/2436] episode 47504781419804: hp 37->lost | total wins 1016/1141
02:28:15 [1142/2436] episode 47504781421404: hp 44->24 | total wins 1017/1142
02:28:16 [1143/2436] episode 47504781420602: hp 49->23 | total wins 1018/1143
02:28:18 [1144/2436] episode 47504781421802: hp 67->37 | total wins 1019/1144
02:28:19 [1145/2436] episode 47504781425602: hp 75->48 | total wins 1020/1145
02:28:20 [1146/2436] episode 47504781424403: hp 68->38 | total wins 1021/1146
02:28:20 [1147/2436] episode 47504781424604: hp 52->37 | total wins 1022/1147
02:28:22 [1148/2436] episode 47504781424704: hp 54->39 | total wins 1023/1148
02:28:22 [1149/2436] episode 47504781421704: hp 47->21 | total wins 1024/1149
02:28:22 [1150/2436] episode 47504781408702: hp 53->24 | total wins 1025/1150
02:28:24 [1151/2436] episode 47504781424803: hp 67->15 | total wins 1026/1151
02:28:24 [1152/2436] episode 47504781427603: hp 41->29 | total wins 1027/1152
02:28:25 [1153/2436] episode 47504781427404: hp 48->21 | total wins 1028/1153
02:28:26 [1154/2436] episode 47504781423604: hp 57->22 | total wins 1029/1154
02:28:27 [1155/2436] episode 47504781429903: hp 72->53 | total wins 1030/1155
02:28:30 [1156/2436] episode 47504781427802: hp 55->7 | total wins 1031/1156
02:28:32 [1157/2436] episode 47504781428905: hp 57->36 | total wins 1032/1157
02:28:32 [1158/2436] episode 47504781430404: hp 75->43 | total wins 1033/1158
02:28:33 [1159/2436] episode 47504781430408: hp 53->34 | total wins 1034/1159
02:28:34 [1160/2436] episode 47504781430904: hp 56->38 | total wins 1035/1160
02:28:34 [1161/2436] episode 47504781427702: hp 47->2 | total wins 1036/1161
02:28:35 [1162/2436] episode 47504781425802: hp 45->5 | total wins 1037/1162
02:28:36 [1163/2436] episode 47504781431403: hp 59->39 | total wins 1038/1163
02:28:37 [1164/2436] episode 47504781424902: hp 75->59 | total wins 1039/1164
02:28:37 [1165/2436] episode 47504781432905: hp 26->15 | total wins 1040/1165
02:28:39 [1166/2436] episode 47504781429603: hp 75->59 | total wins 1041/1166
02:28:40 [1167/2436] episode 47504781425403: hp 75->44 | total wins 1042/1167
02:28:42 [1168/2436] episode 47504781430704: hp 26->24 | total wins 1043/1168
02:28:44 [1169/2436] episode 47504781433704: hp 75->40 | total wins 1044/1169
02:28:44 [1170/2436] episode 47504781432903: hp 60->35 | total wins 1045/1170
02:28:45 [1171/2436] episode 47504781434602: hp 75->59 | total wins 1046/1171
02:28:46 [1172/2436] episode 47504781431802: hp 75->23 | total wins 1047/1172
02:28:46 [1173/2436] episode 47504781428404: hp 57->38 | total wins 1048/1173
02:28:48 [1174/2436] episode 47504781434803: hp 73->61 | total wins 1049/1174
02:28:48 [1175/2436] episode 47504781435901: hp 28->lost | total wins 1049/1175
02:28:48 [1176/2436] episode 47504781433802: hp 30->lost | total wins 1049/1176
02:28:49 [1177/2436] episode 47504781434904: hp 39->24 | total wins 1050/1177
02:28:49 [1178/2436] episode 47504781431604: hp 51->26 | total wins 1051/1178
02:28:49 [1179/2436] episode 47504781431703: hp 73->58 | total wins 1052/1179
02:28:51 [1180/2436] episode 47504781429904: hp 53->18 | total wins 1053/1180
02:28:53 [1181/2436] episode 47504781440904: hp 66->48 | total wins 1054/1181
02:28:54 [1182/2436] episode 47504781438905: hp 31->31 | total wins 1055/1182
02:28:55 [1183/2436] episode 47504781440703: hp 75->36 | total wins 1056/1183
02:28:55 [1184/2436] episode 47504781437803: hp 75->42 | total wins 1057/1184
02:28:55 [1185/2436] episode 47504781432404: hp 69->54 | total wins 1058/1185
02:28:58 [1186/2436] episode 47504781440405: hp 34->1 | total wins 1059/1186
02:28:58 [1187/2436] episode 47504781443603: hp 30->lost | total wins 1059/1187
02:29:04 [1188/2436] episode 47504781442903: hp 55->17 | total wins 1060/1188
02:29:05 [1189/2436] episode 47504781436603: hp 64->31 | total wins 1061/1189
02:29:05 [1190/2436] episode 47504781438402: hp 44->lost | total wins 1061/1190
02:29:06 [1191/2436] episode 47504781443706: hp 37->27 | total wins 1062/1191
02:29:06 [1192/2436] episode 47504781439706: hp 45->6 | total wins 1063/1192
02:29:06 [1193/2436] episode 47504781439904: hp 48->lost | total wins 1063/1193
02:29:07 [1194/2436] episode 47504781444604: hp 37->4 | total wins 1064/1194
02:29:10 [1195/2436] episode 47504781442402: hp 65->46 | total wins 1065/1195
02:29:11 [1196/2436] episode 47504781443903: hp 58->26 | total wins 1066/1196
02:29:11 [1197/2436] episode 47504781444902: hp 63->33 | total wins 1067/1197
02:29:12 [1198/2436] episode 47504781446609: hp 70->54 | total wins 1068/1198
02:29:15 [1199/2436] episode 47504781446703: hp 64->27 | total wins 1069/1199
02:29:15 [1200/2436] episode 47504781444708: hp 7->lost | total wins 1069/1200
02:29:17 [1201/2436] episode 47504781444704: hp 72->34 | total wins 1070/1201
02:29:18 [1202/2436] episode 47504781438603: hp 38->lost | total wins 1070/1202
02:29:19 [1203/2436] episode 47504781448403: hp 75->64 | total wins 1071/1203
02:29:20 [1204/2436] episode 47504781442802: hp 66->42 | total wins 1072/1204
02:29:20 [1205/2436] episode 47504781445903: hp 20->lost | total wins 1072/1205
02:29:21 [1206/2436] episode 47504781445805: hp 77->52 | total wins 1073/1206
02:29:23 [1207/2436] episode 47504781444805: hp 75->61 | total wins 1074/1207
02:29:23 [1208/2436] episode 47504781449602: hp 59->41 | total wins 1075/1208
02:29:24 [1209/2436] episode 47504781450802: hp 47->28 | total wins 1076/1209
02:29:24 [1210/2436] episode 47504781451602: hp 75->72 | total wins 1077/1210
02:29:25 episode 47504781452803 skipped: replay diverged from the stored fight: 1, 1, 0, 1, 0, 1, 0, 0, 1, 0, 1, 1], [0, 0, 0, 1, 0, 0, 0, 2, 1], [6]], "random_potions": true, "samples": [{"episode_id": 47504781452803000, "starting_hp": 45}], "teacher": {"leaf": "policy_net", "simulations": 20000, "oracl: fight_resample_worker: replayed fight didn't end after its stored actions
02:29:26 [1211/2436] episode 47504781450805: hp 44->16 | total wins 1078/1211
02:29:26 [1212/2436] episode 47504781448905: hp 51->26 | total wins 1079/1212
02:29:27 [1213/2436] episode 47504781446903: hp 51->1 | total wins 1080/1213
02:29:27 [1214/2436] episode 47504781448903: hp 58->33 | total wins 1081/1214
02:29:27 [1215/2436] episode 47504781448703: hp 62->32 | total wins 1082/1215
02:29:27 episode 47504781458807 skipped: replay diverged from the stored fight: ns": [[2, 1, 1, 0, 0, 0, 0, 1, 2], [1, 0, 0, 1, 0, 0, 0, 0], [2, 1, 3, 5, 2, 3, 0], [0, 4, 1, 1, 4, 1, 0, 1, 1, 1, 1, 0, 0, 1, 1, 0, 0, 1, 1, 1, 2, 0, 1, 1, 1, 2, 2, 0], [3, 3, 1, 1, 2, 1, 3, 2, 0, 0, 0, 0, 0], [3, 4, 4, 3, 5, 0], [: fight_resample_worker: stored actions don't fit the replayed fight
02:29:27 episode 47504781458903 skipped: replay diverged from the stored fight: 0, 1, 0, 0, 0, 0, 2, 2, 0, 0, 0, 0], [5], [0, 0, 0, 1, 0, 0, 1, 2, 5, 0, 4, 0]], "random_potions": true, "samples": [{"episode_id": 47504781458903000, "starting_hp": 75}], "teacher": {"leaf": "policy_net", "simulations": 2000: fight_resample_worker: replayed fight didn't end after its stored actions
02:29:29 [1216/2436] episode 47504781453604: hp 75->38 | total wins 1083/1216
02:29:30 [1217/2436] episode 47504781456602: hp 53->18 | total wins 1084/1217
02:29:30 [1218/2436] episode 47504781455603: hp 72->40 | total wins 1085/1218
02:29:30 [1219/2436] episode 47504781447605: hp 58->18 | total wins 1086/1219
02:29:32 [1220/2436] episode 47504781452602: hp 36->1 | total wins 1087/1220
02:29:33 [1221/2436] episode 47504781460607: hp 66->50 | total wins 1088/1221
02:29:38 [1222/2436] episode 47504781449705: hp 26->19 | total wins 1089/1222
02:29:38 [1223/2436] episode 47504781459603: hp 68->53 | total wins 1090/1223
02:29:39 [1224/2436] episode 47504781460705: hp 75->62 | total wins 1091/1224
02:29:43 [1225/2436] episode 47504781460903: hp 75->50 | total wins 1092/1225
02:29:44 [1226/2436] episode 47504781441603: hp 75->25 | total wins 1093/1226
02:29:45 [1227/2436] episode 47504781460905: hp 20->lost | total wins 1093/1227
02:29:46 [1228/2436] episode 47504781463801: hp 68->48 | total wins 1094/1228
02:29:46 [1229/2436] episode 47504781460804: hp 47->31 | total wins 1095/1229
02:29:46 [1230/2436] episode 47504781453803: hp 66->43 | total wins 1096/1230
02:29:46 episode 47504781466604 skipped: replay diverged from the stored fight: 0, 0, 0, 2, 1, 0, 0, 0], [7], [2, 1, 0, 0, 1, 0, 0, 1, 1, 0, 0], [1, 1, 0, 1, 0, 0, 2, 1, 0, 0, 0]], "random_potions": true, "samples": [{"episode_id": 47504781466604000, "starting_hp": 62}], "teacher": {"leaf": "policy_net",: fight_resample_worker: replayed fight didn't end after its stored actions
02:29:48 [1231/2436] episode 47504781464907: hp 32->16 | total wins 1097/1231
02:29:49 [1232/2436] episode 47504781459906: hp 9->lost | total wins 1097/1232
02:29:50 [1233/2436] episode 47504781464702: hp 60->30 | total wins 1098/1233
02:29:50 [1234/2436] episode 47504781456604: hp 52->41 | total wins 1099/1234
02:29:51 [1235/2436] episode 47504781461404: hp 60->5 | total wins 1100/1235
02:29:51 [1236/2436] episode 47504781468402: hp 39->23 | total wins 1101/1236
02:29:52 [1237/2436] episode 47504781466703: hp 75->44 | total wins 1102/1237
02:29:54 [1238/2436] episode 47504781464608: hp 21->1 | total wins 1103/1238
02:29:54 [1239/2436] episode 47504781469903: hp 75->43 | total wins 1104/1239
02:29:55 [1240/2436] episode 47504781468407: hp 51->23 | total wins 1105/1240
02:29:55 [1241/2436] episode 47504781466402: hp 70->35 | total wins 1106/1241
02:29:58 [1242/2436] episode 47504781466805: hp 50->23 | total wins 1107/1242
02:29:58 [1243/2436] episode 47504781471901: hp 75->29 | total wins 1108/1243
02:30:00 [1244/2436] episode 47504781460703: hp 75->51 | total wins 1109/1244
02:30:01 [1245/2436] episode 47504781472403: hp 75->43 | total wins 1110/1245
02:30:01 [1246/2436] episode 47504781464804: hp 55->25 | total wins 1111/1246
02:30:03 [1247/2436] episode 47504781471805: hp 29->1 | total wins 1112/1247
02:30:03 [1248/2436] episode 47504781471903: hp 69->37 | total wins 1113/1248
02:30:03 [1249/2436] episode 47504781468703: hp 52->29 | total wins 1114/1249
02:30:05 [1250/2436] episode 47504781473702: hp 57->37 | total wins 1115/1250
02:30:06 [1251/2436] episode 47504781470804: hp 64->58 | total wins 1116/1251
02:30:06 episode 47504781475404 skipped: replay diverged from the stored fight: 2, 2, 1, 0, 4, 1, 0, 0, 0], [4], [0, 2, 0, 0, 0, 0, 0], [1, 1, 0, 0]], "random_potions": true, "samples": [{"episode_id": 47504781475404000, "starting_hp": 44}], "teacher": {"leaf": "policy_net", "simulations": 20000, "oracle: fight_resample_worker: replayed fight didn't end after its stored actions
02:30:06 [1252/2436] episode 47504781473904: hp 50->22 | total wins 1117/1252
02:30:07 [1253/2436] episode 47504781474602: hp 55->39 | total wins 1118/1253
02:30:12 [1254/2436] episode 47504781476701: hp 16->lost | total wins 1118/1254
02:30:13 [1255/2436] episode 47504781471405: hp 68->48 | total wins 1119/1255
02:30:14 [1256/2436] episode 47504781473906: hp 46->11 | total wins 1120/1256
02:30:15 [1257/2436] episode 47504781469803: hp 75->35 | total wins 1121/1257
02:30:16 [1258/2436] episode 47504781473404: hp 75->62 | total wins 1122/1258
02:30:17 [1259/2436] episode 47504781469702: hp 47->30 | total wins 1123/1259
02:30:17 [1260/2436] episode 47504781477605: hp 60->44 | total wins 1124/1260
02:30:18 [1261/2436] episode 47504781473804: hp 57->32 | total wins 1125/1261
02:30:18 [1262/2436] episode 47504781478406: hp 41->lost | total wins 1125/1262
02:30:19 [1263/2436] episode 47504781479804: hp 59->45 | total wins 1126/1263
02:30:20 [1264/2436] episode 47504781450603: hp 40->35 | total wins 1127/1264
02:30:22 [1265/2436] episode 47504781477403: hp 64->41 | total wins 1128/1265
02:30:22 episode 47504781482404 skipped: replay diverged from the stored fight: ns": [[2, 2, 1, 0, 2, 0, 0, 0, 0], [5, 3, 0, 1, 1, 1, 1, 1, 3, 1, 0, 1, 1, 0], [0, 0, 0, 1, 1, 1, 1, 1, 1], [2, 1, 1, 2, 1, 4, 0, 0, 1, 1, 2, 1, 1, 0, 2, 3, 0, 1, 0, 0]], "random_potions": true, "samples": [{"episode_id": 4750478148: fight_resample_worker: stored actions don't fit the replayed fight
02:30:22 [1266/2436] episode 47504781475702: hp 37->lost | total wins 1128/1266
02:30:22 [1267/2436] episode 47504781478804: hp 57->37 | total wins 1129/1267
02:30:22 [1268/2436] episode 47504781478902: hp 48->9 | total wins 1130/1268
02:30:22 [1269/2436] episode 47504781478604: hp 52->40 | total wins 1131/1269
02:30:25 [1270/2436] episode 47504781476404: hp 35->19 | total wins 1132/1270
02:30:27 [1271/2436] episode 47504781485902: hp 75->43 | total wins 1133/1271
02:30:28 [1272/2436] episode 47504781480603: hp 72->42 | total wins 1134/1272
02:30:28 [1273/2436] episode 47504781485804: hp 45->16 | total wins 1135/1273
02:30:30 [1274/2436] episode 47504781483802: hp 31->6 | total wins 1136/1274
02:30:30 [1275/2436] episode 47504781472804: hp 45->14 | total wins 1137/1275
02:30:31 [1276/2436] episode 47504781488605: hp 36->24 | total wins 1138/1276
02:30:31 [1277/2436] episode 47504781481804: hp 30->lost | total wins 1138/1277
02:30:34 [1278/2436] episode 47504781489903: hp 67->43 | total wins 1139/1278
02:30:35 [1279/2436] episode 47504781483404: hp 48->33 | total wins 1140/1279
02:30:35 [1280/2436] episode 47504781485402: hp 55->26 | total wins 1141/1280
02:30:35 [1281/2436] episode 47504781490704: hp 75->52 | total wins 1142/1281
02:30:36 [1282/2436] episode 47504781490801: hp 53->21 | total wins 1143/1282
02:30:36 [1283/2436] episode 47504781480403: hp 63->60 | total wins 1144/1283
02:30:36 [1284/2436] episode 47504781489702: hp 66->41 | total wins 1145/1284
02:30:46 [1285/2436] episode 47504781491603: hp 66->46 | total wins 1146/1285
02:30:46 [1286/2436] episode 47504781485702: hp 44->27 | total wins 1147/1286
02:30:46 [1287/2436] episode 47504781494605: hp 38->34 | total wins 1148/1287
02:30:48 [1288/2436] episode 47504781495602: hp 73->59 | total wins 1149/1288
02:30:48 [1289/2436] episode 47504781490706: hp 39->18 | total wins 1150/1289
02:30:49 [1290/2436] episode 47504781480803: hp 55->35 | total wins 1151/1290
02:30:50 [1291/2436] episode 47504781492603: hp 55->30 | total wins 1152/1291
02:30:50 [1292/2436] episode 47504781497903: hp 44->17 | total wins 1153/1292
02:30:50 episode 47504781498404 skipped: replay diverged from the stored fight: 1, 1, 2, 0, 0, 0, 2, 2, 0, 0, 1], [3, 3, 0, 0, 2, 2, 0, 0, 0, 1, 0, 1], [10, 0, 2, 1], [9, 2, 0, 0, 3, 3, 3, 1, 0, 0, 1, 3, 3, 1]], "random_potions": true, "samples": [{"episode_id": 47504781498404000, "starting_hp": 51}], "t: fight_resample_worker: replayed fight didn't end after its stored actions
02:30:51 [1293/2436] episode 47504781493906: hp 67->53 | total wins 1154/1293
02:30:54 [1294/2436] episode 47504781498701: hp 70->24 | total wins 1155/1294
02:30:55 [1295/2436] episode 47504781489603: hp 75->42 | total wins 1156/1295
02:30:56 [1296/2436] episode 47504781486703: hp 70->16 | total wins 1157/1296
02:30:58 [1297/2436] episode 47504781493903: hp 75->35 | total wins 1158/1297
02:30:58 [1298/2436] episode 47504781500703: hp 54->26 | total wins 1159/1298
02:30:59 [1299/2436] episode 47504781499703: hp 48->40 | total wins 1160/1299
02:30:59 [1300/2436] episode 47504781499803: hp 59->33 | total wins 1161/1300
02:30:59 [1301/2436] episode 47504781502903: hp 73->46 | total wins 1162/1301
02:31:00 [1302/2436] episode 47504781502403: hp 68->44 | total wins 1163/1302
02:31:02 [1303/2436] episode 47504781497402: hp 36->lost | total wins 1163/1303
02:31:02 [1304/2436] episode 47504781496804: hp 67->43 | total wins 1164/1304
02:31:03 [1305/2436] episode 47504781503706: hp 73->58 | total wins 1165/1305
02:31:03 [1306/2436] episode 47504781486705: hp 66->16 | total wins 1166/1306
02:31:03 episode 47504781506404 skipped: replay diverged from the stored fight: ns": [[1, 1, 1, 1, 1, 1, 0, 0, 0], [0, 3, 3, 7, 0, 0, 2, 2, 0, 0, 6, 2], [0, 1, 5, 0, 0, 1, 0, 1, 0, 1, 0], [5, 2, 3, 3, 0, 0, 1, 1, 2, 0, 2, 1, 0, 0, 3, 0, 1, 0, 0, 2]], "random_potions": true, "samples": [{"episode_id": 4750478150: fight_resample_worker: stored actions don't fit the replayed fight
02:31:04 [1307/2436] episode 47504781497604: hp 54->36 | total wins 1167/1307
02:31:04 [1308/2436] episode 47504781504602: hp 75->47 | total wins 1168/1308
02:31:05 [1309/2436] episode 47504781504404: hp 73->61 | total wins 1169/1309
02:31:05 episode 47504781508902 skipped: replay diverged from the stored fight: 0, 3, 0, 0, 3, 1, 1, 0, 3, 1, 0, 0, 2, 1, 1], [5]], "random_potions": true, "samples": [{"episode_id": 47504781508902000, "starting_hp": 48}], "teacher": {"leaf": "policy_net", "simulations": 20000, "oracle": false, "random_m: fight_resample_worker: replayed fight didn't end after its stored actions
02:31:06 [1310/2436] episode 47504781497904: hp 51->35 | total wins 1170/1310
02:31:06 [1311/2436] episode 47504781505604: hp 75->45 | total wins 1171/1311
02:31:06 [1312/2436] episode 47504781494803: hp 66->9 | total wins 1172/1312
02:31:08 [1313/2436] episode 47504781509702: hp 35->19 | total wins 1173/1313
02:31:08 [1314/2436] episode 47504781506605: hp 43->23 | total wins 1174/1314
02:31:09 [1315/2436] episode 47504781505603: hp 58->40 | total wins 1175/1315
02:31:11 [1316/2436] episode 47504781499702: hp 75->46 | total wins 1176/1316
02:31:12 [1317/2436] episode 47504781507905: hp 37->15 | total wins 1177/1317
02:31:12 [1318/2436] episode 47504781504403: hp 72->43 | total wins 1178/1318
02:31:13 [1319/2436] episode 47504781505403: hp 59->34 | total wins 1179/1319
02:31:15 [1320/2436] episode 47504781511402: hp 75->59 | total wins 1180/1320
02:31:15 [1321/2436] episode 47504781510603: hp 69->35 | total wins 1181/1321
02:31:18 [1322/2436] episode 47504781513405: hp 56->42 | total wins 1182/1322
02:31:21 [1323/2436] episode 47504781510404: hp 64->17 | total wins 1183/1323
02:31:22 [1324/2436] episode 47504781513806: hp 32->20 | total wins 1184/1324
02:31:24 [1325/2436] episode 47504781513802: hp 62->35 | total wins 1185/1325
02:31:26 [1326/2436] episode 47504781511804: hp 74->49 | total wins 1186/1326
02:31:26 [1327/2436] episode 47504781512705: hp 61->48 | total wins 1187/1327
02:31:27 [1328/2436] episode 47504781506704: hp 46->39 | total wins 1188/1328
02:31:27 [1329/2436] episode 47504781511905: hp 59->55 | total wins 1189/1329
02:31:28 [1330/2436] episode 47504781515903: hp 61->26 | total wins 1190/1330
02:31:29 [1331/2436] episode 47504781516805: hp 64->64 | total wins 1191/1331
02:31:30 [1332/2436] episode 47504781521603: hp 75->67 | total wins 1192/1332
02:31:32 [1333/2436] episode 47504781512804: hp 56->40 | total wins 1193/1333
02:31:32 [1334/2436] episode 47504781510605: hp 41->6 | total wins 1194/1334
02:31:33 [1335/2436] episode 47504781515705: hp 80->50 | total wins 1195/1335
02:31:33 [1336/2436] episode 47504781509802: hp 62->lost | total wins 1195/1336
02:31:34 [1337/2436] episode 47504781509904: hp 75->20 | total wins 1196/1337
02:31:34 [1338/2436] episode 47504781522802: hp 57->57 | total wins 1197/1338
02:31:34 [1339/2436] episode 47504781518402: hp 42->10 | total wins 1198/1339
02:31:35 [1340/2436] episode 47504781521803: hp 74->33 | total wins 1199/1340
02:31:35 [1341/2436] episode 47504781522705: hp 46->40 | total wins 1200/1341
02:31:37 [1342/2436] episode 47504781519403: hp 37->1 | total wins 1201/1342
02:31:40 [1343/2436] episode 47504781520706: hp 34->6 | total wins 1202/1343
02:31:40 [1344/2436] episode 47504781525902: hp 61->40 | total wins 1203/1344
02:31:42 [1345/2436] episode 47504781524702: hp 50->2 | total wins 1204/1345
02:31:44 [1346/2436] episode 47504781517803: hp 75->52 | total wins 1205/1346
02:31:45 [1347/2436] episode 47504781522804: hp 48->38 | total wins 1206/1347
02:31:45 [1348/2436] episode 47504781521903: hp 71->31 | total wins 1207/1348
02:31:45 [1349/2436] episode 47504781528703: hp 65->45 | total wins 1208/1349
02:31:46 [1350/2436] episode 47504781527707: hp 34->16 | total wins 1209/1350
02:31:46 [1351/2436] episode 47504781514605: hp 55->lost | total wins 1209/1351
02:31:46 [1352/2436] episode 47504781523803: hp 27->lost | total wins 1209/1352
02:31:48 [1353/2436] episode 47504781529707: hp 43->27 | total wins 1210/1353
02:31:49 [1354/2436] episode 47504781530903: hp 52->40 | total wins 1211/1354
02:31:51 [1355/2436] episode 47504781532704: hp 31->27 | total wins 1212/1355
02:31:54 [1356/2436] episode 47504781529604: hp 72->32 | total wins 1213/1356
02:31:55 [1357/2436] episode 47504781530802: hp 75->39 | total wins 1214/1357
02:31:55 [1358/2436] episode 47504781524802: hp 45->lost | total wins 1214/1358
02:31:55 [1359/2436] episode 47504781532703: hp 57->36 | total wins 1215/1359
02:31:56 [1360/2436] episode 47504781527903: hp 45->9 | total wins 1216/1360
02:31:56 [1361/2436] episode 47504781527902: hp 69->61 | total wins 1217/1361
02:31:56 [1362/2436] episode 47504781532804: hp 51->41 | total wins 1218/1362
02:31:57 [1363/2436] episode 47504781534802: hp 60->37 | total wins 1219/1363
02:32:00 [1364/2436] episode 47504781523703: hp 34->lost | total wins 1219/1364
02:32:03 [1365/2436] episode 47504781529706: hp 38->23 | total wins 1220/1365
02:32:03 [1366/2436] episode 47504781533604: hp 50->18 | total wins 1221/1366
02:32:05 [1367/2436] episode 47504781533603: hp 59->36 | total wins 1222/1367
02:32:09 [1368/2436] episode 47504781534902: hp 55->21 | total wins 1223/1368
02:32:10 [1369/2436] episode 47504781537703: hp 70->53 | total wins 1224/1369
02:32:11 [1370/2436] episode 47504781533606: hp 69->60 | total wins 1225/1370
02:32:13 [1371/2436] episode 47504781535902: hp 49->38 | total wins 1226/1371
02:32:13 [1372/2436] episode 47504781541404: hp 33->23 | total wins 1227/1372
02:32:14 [1373/2436] episode 47504781542803: hp 57->41 | total wins 1228/1373
02:32:15 [1374/2436] episode 47504781535404: hp 75->49 | total wins 1229/1374
02:32:16 [1375/2436] episode 47504781538604: hp 32->14 | total wins 1230/1375
02:32:16 [1376/2436] episode 47504781539404: hp 75->71 | total wins 1231/1376
02:32:16 [1377/2436] episode 47504781536803: hp 64->4 | total wins 1232/1377
02:32:16 [1378/2436] episode 47504781543703: hp 61->29 | total wins 1233/1378
02:32:16 [1379/2436] episode 47504781528705: hp 57->42 | total wins 1234/1379
02:32:17 [1380/2436] episode 47504781538803: hp 73->38 | total wins 1235/1380
02:32:18 [1381/2436] episode 47504781546701: hp 71->39 | total wins 1236/1381
02:32:18 [1382/2436] episode 47504781545405: hp 9->lost | total wins 1236/1382
02:32:18 episode 47504781547404 skipped: replay diverged from the stored fight: ns": [[2, 0, 0, 0, 0, 2, 0, 0, 0, 1, 1], [1, 0, 0, 1, 2, 0, 0, 1, 1, 1, 1], [0, 1, 1, 3, 0, 0, 2, 1, 0, 0, 0, 0, 0], [2, 1, 1, 2, 1, 0, 1, 1]], "random_potions": true, "samples": [{"episode_id": 47504781547404000, "starting_hp": 47}: fight_resample_worker: stored actions don't fit the replayed fight
02:32:20 [1383/2436] episode 47504781545404: hp 51->14 | total wins 1237/1383
02:32:21 [1384/2436] episode 47504781544406: hp 71->55 | total wins 1238/1384
02:32:21 [1385/2436] episode 47504781547402: hp 75->50 | total wins 1239/1385
02:32:22 [1386/2436] episode 47504781548603: hp 56->31 | total wins 1240/1386
02:32:24 [1387/2436] episode 47504781539702: hp 46->22 | total wins 1241/1387
02:32:25 [1388/2436] episode 47504781542602: hp 36->13 | total wins 1242/1388
02:32:25 [1389/2436] episode 47504781538701: hp 59->4 | total wins 1243/1389
02:32:25 episode 47504781551403 skipped: replay diverged from the stored fight: 1, 0, 2, 0, 2, 2, 0, 0, 1, 1], [5, 6], [0, 2, 0, 0, 1, 0, 0, 0, 0]], "random_potions": true, "samples": [{"episode_id": 47504781551403000, "starting_hp": 43}], "teacher": {"leaf": "policy_net", "simulations": 20000, "oracle":: fight_resample_worker: replayed fight didn't end after its stored actions
02:32:26 [1390/2436] episode 47504781551803: hp 40->24 | total wins 1244/1390
02:32:29 [1391/2436] episode 47504781545805: hp 69->55 | total wins 1245/1391
02:32:30 [1392/2436] episode 47504781547603: hp 48->24 | total wins 1246/1392
02:32:31 [1393/2436] episode 47504781552802: hp 49->17 | total wins 1247/1393
02:32:31 [1394/2436] episode 47504781546806: hp 36->26 | total wins 1248/1394
02:32:34 [1395/2436] episode 47504781553805: hp 45->33 | total wins 1249/1395
02:32:37 [1396/2436] episode 47504781555904: hp 48->36 | total wins 1250/1396
02:32:38 [1397/2436] episode 47504781551802: hp 61->34 | total wins 1251/1397
02:32:39 [1398/2436] episode 47504781555704: hp 51->13 | total wins 1252/1398
02:32:41 [1399/2436] episode 47504781550401: hp 53->8 | total wins 1253/1399
02:32:41 [1400/2436] episode 47504781544603: hp 62->31 | total wins 1254/1400
02:32:42 [1401/2436] episode 47504781552803: hp 38->4 | total wins 1255/1401
02:32:44 [1402/2436] episode 47504781549804: hp 55->46 | total wins 1256/1402
02:32:44 [1403/2436] episode 47504781549704: hp 44->30 | total wins 1257/1403
02:32:45 [1404/2436] episode 47504781555705: hp 28->lost | total wins 1257/1404
02:32:47 [1405/2436] episode 47504781557405: hp 60->70 | total wins 1258/1405
02:32:47 episode 47504781561804 skipped: replay diverged from the stored fight: ns": [[2, 2, 1, 2, 2, 0, 0, 0, 0, 0, 1, 1], [2, 2, 1, 1, 0, 1, 0, 1, 0, 1, 1, 2, 0], [3, 1, 1, 4, 1, 1, 2, 2, 0, 0, 1, 1, 1, 0, 1, 1, 2, 1, 1, 0, 0], [3, 0, 0, 1, 2, 2, 2, 2, 1, 0, 2, 1, 1, 1, 1, 2, 2, 0]], "random_potions": true, ": fight_resample_worker: stored actions don't fit the replayed fight
02:32:48 [1406/2436] episode 47504781559404: hp 46->12 | total wins 1259/1406
02:32:50 [1407/2436] episode 47504781561404: hp 59->33 | total wins 1260/1407
02:32:52 [1408/2436] episode 47504781549703: hp 71->41 | total wins 1261/1408
02:32:52 [1409/2436] episode 47504781543404: hp 70->34 | total wins 1262/1409
02:32:53 [1410/2436] episode 47504781558605: hp 73->67 | total wins 1263/1410
02:32:53 [1411/2436] episode 47504781556803: hp 41->21 | total wins 1264/1411
02:32:53 [1412/2436] episode 47504781563704: hp 62->47 | total wins 1265/1412
02:32:54 [1413/2436] episode 47504781564402: hp 65->35 | total wins 1266/1413
02:32:56 [1414/2436] episode 47504781559407: hp 61->54 | total wins 1267/1414
02:32:56 [1415/2436] episode 47504781560902: hp 60->42 | total wins 1268/1415
02:32:57 [1416/2436] episode 47504781562803: hp 53->18 | total wins 1269/1416
02:32:58 [1417/2436] episode 47504781556704: hp 44->19 | total wins 1270/1417
02:32:58 [1418/2436] episode 47504781565403: hp 70->66 | total wins 1271/1418
02:33:00 [1419/2436] episode 47504781564903: hp 78->56 | total wins 1272/1419
02:33:02 [1420/2436] episode 47504781567901: hp 61->41 | total wins 1273/1420
02:33:03 [1421/2436] episode 47504781566907: hp 72->42 | total wins 1274/1421
02:33:03 [1422/2436] episode 47504781563802: hp 36->lost | total wins 1274/1422
02:33:04 [1423/2436] episode 47504781565904: hp 43->28 | total wins 1275/1423
02:33:06 [1424/2436] episode 47504781571902: hp 31->3 | total wins 1276/1424
02:33:06 [1425/2436] episode 47504781565605: hp 35->18 | total wins 1277/1425
02:33:07 [1426/2436] episode 47504781558402: hp 60->3 | total wins 1278/1426
02:33:11 [1427/2436] episode 47504781571703: hp 75->54 | total wins 1279/1427
02:33:12 [1428/2436] episode 47504781573404: hp 75->51 | total wins 1280/1428
02:33:14 [1429/2436] episode 47504781574903: hp 34->18 | total wins 1281/1429
02:33:17 [1430/2436] episode 47504781572801: hp 63->28 | total wins 1282/1430
02:33:20 [1431/2436] episode 47504781571904: hp 66->46 | total wins 1283/1431
02:33:22 [1432/2436] episode 47504781576906: hp 29->10 | total wins 1284/1432
02:33:22 [1433/2436] episode 47504781575402: hp 38->13 | total wins 1285/1433
02:33:22 [1434/2436] episode 47504781573806: hp 35->37 | total wins 1286/1434
02:33:23 [1435/2436] episode 47504781574604: hp 75->54 | total wins 1287/1435
02:33:23 [1436/2436] episode 47504781563603: hp 41->1 | total wins 1288/1436
02:33:25 [1437/2436] episode 47504781572705: hp 75->46 | total wins 1289/1437
02:33:26 [1438/2436] episode 47504781568604: hp 45->22 | total wins 1290/1438
02:33:27 [1439/2436] episode 47504781578702: hp 70->34 | total wins 1291/1439
02:33:28 [1440/2436] episode 47504781576904: hp 64->46 | total wins 1292/1440
02:33:30 [1441/2436] episode 47504781576603: hp 57->lost | total wins 1292/1441
02:33:33 [1442/2436] episode 47504781580904: hp 42->12 | total wins 1293/1442
02:33:37 [1443/2436] episode 47504781577702: hp 40->lost | total wins 1293/1443
02:33:37 [1444/2436] episode 47504781566605: hp 30->lost | total wins 1293/1444
02:33:39 [1445/2436] episode 47504781577404: hp 44->lost | total wins 1293/1445
02:33:39 [1446/2436] episode 47504781583603: hp 47->31 | total wins 1294/1446
02:33:39 [1447/2436] episode 47504781577402: hp 65->18 | total wins 1295/1447
02:33:40 [1448/2436] episode 47504781582803: hp 55->28 | total wins 1296/1448
02:33:40 [1449/2436] episode 47504781573804: hp 57->17 | total wins 1297/1449
02:33:41 [1450/2436] episode 47504781583903: hp 11->lost | total wins 1297/1450
02:33:43 [1451/2436] episode 47504781579601: hp 75->lost | total wins 1297/1451
02:33:43 [1452/2436] episode 47504781582905: hp 69->29 | total wins 1298/1452
02:33:44 [1453/2436] episode 47504781585803: hp 63->43 | total wins 1299/1453
02:33:45 [1454/2436] episode 47504781580802: hp 57->22 | total wins 1300/1454
02:33:46 [1455/2436] episode 47504781586407: hp 50->34 | total wins 1301/1455
02:33:47 [1456/2436] episode 47504781582906: hp 35->20 | total wins 1302/1456
02:33:47 episode 47504781592604 skipped: replay diverged from the stored fight: ns": [[1, 2, 1, 2, 2, 0, 0, 0, 0, 0, 0], [5, 5, 3, 0, 0, 1, 0, 4, 1, 1, 0, 3, 0, 0, 0, 0, 1, 1, 2, 1], [4, 4, 1, 0, 0, 4, 1, 4, 0, 4, 2, 1, 0, 1, 1, 1, 0, 3, 0, 0, 0, 1, 0, 0, 0, 0, 0, 7, 0, 1, 1, 0], [0, 1, 0, 0, 4, 1, 2, 1, 0, 0, : fight_resample_worker: stored actions don't fit the replayed fight
02:33:47 [1457/2436] episode 47504781580903: hp 71->21 | total wins 1303/1457
02:33:47 episode 47504781593403 skipped: replay diverged from the stored fight: 3, 1, 0, 0, 1, 2, 0, 0, 0, 3, 1, 1, 1, 0, 1, 0, 1, 0, 1, 0, 0, 0, 1], [1, 1, 0, 1, 2, 0, 1, 1], [4]], "random_potions": true, "samples": [{"episode_id": 47504781593403000, "starting_hp": 66}], "teacher": {"leaf": "policy_net": fight_resample_worker: replayed fight didn't end after its stored actions
02:33:48 episode 47504781593406 skipped: replay diverged from the stored fight: 3, 1, 0, 0, 1, 2, 0, 0, 0, 3, 1, 1, 1, 0, 1, 0, 1, 0, 1, 0, 0, 0, 1], [1, 1, 0, 1, 2, 0, 1, 1], [4], [0, 1, 0, 0, 1, 1, 1, 1, 2, 3, 1, 0, 0, 0, 0], [4, 2, 3, 1, 4, 1, 0, 1, 0, 0, 0, 0, 1, 1, 4], [5, 5, 3, 1, 3, 0, 3, 0, 1, 0,: fight_resample_worker: replayed fight didn't end after its stored actions
02:33:48 [1458/2436] episode 47504781582405: hp 39->lost | total wins 1303/1458
02:33:49 [1459/2436] episode 47504781589704: hp 73->49 | total wins 1304/1459
02:33:49 [1460/2436] episode 47504781588904: hp 45->15 | total wins 1305/1460
02:33:49 [1461/2436] episode 47504781593802: hp 55->39 | total wins 1306/1461
02:33:50 [1462/2436] episode 47504781592903: hp 64->36 | total wins 1307/1462
02:33:53 [1463/2436] episode 47504781588804: hp 52->27 | total wins 1308/1463
02:33:53 [1464/2436] episode 47504781594603: hp 53->15 | total wins 1309/1464
02:33:54 [1465/2436] episode 47504781595704: hp 75->59 | total wins 1310/1465
02:33:54 [1466/2436] episode 47504781584403: hp 50->20 | total wins 1311/1466
02:33:55 [1467/2436] episode 47504781593905: hp 51->38 | total wins 1312/1467
02:33:55 [1468/2436] episode 47504781597403: hp 66->31 | total wins 1313/1468
02:33:55 [1469/2436] episode 47504781595802: hp 27->lost | total wins 1313/1469
02:33:56 [1470/2436] episode 47504781585903: hp 62->22 | total wins 1314/1470
02:33:57 [1471/2436] episode 47504781588602: hp 54->34 | total wins 1315/1471
02:33:59 [1472/2436] episode 47504781586404: hp 75->66 | total wins 1316/1472
02:34:00 [1473/2436] episode 47504781598903: hp 68->58 | total wins 1317/1473
02:34:02 [1474/2436] episode 47504781600902: hp 70->40 | total wins 1318/1474
02:34:02 [1475/2436] episode 47504781591805: hp 51->30 | total wins 1319/1475
02:34:03 [1476/2436] episode 47504781599903: hp 23->18 | total wins 1320/1476
02:34:04 [1477/2436] episode 47504781600704: hp 66->26 | total wins 1321/1477
02:34:05 [1478/2436] episode 47504781601801: hp 72->40 | total wins 1322/1478
02:34:06 [1479/2436] episode 47504781597703: hp 75->43 | total wins 1323/1479
02:34:06 [1480/2436] episode 47504781598406: hp 72->62 | total wins 1324/1480
02:34:13 [1481/2436] episode 47504781602905: hp 42->42 | total wins 1325/1481
02:34:14 [1482/2436] episode 47504781600903: hp 60->45 | total wins 1326/1482
02:34:14 [1483/2436] episode 47504781602404: hp 56->46 | total wins 1327/1483
02:34:14 [1484/2436] episode 47504781598403: hp 38->1 | total wins 1328/1484
02:34:15 [1485/2436] episode 47504781602604: hp 63->39 | total wins 1329/1485
02:34:16 [1486/2436] episode 47504781598705: hp 68->45 | total wins 1330/1486
02:34:17 [1487/2436] episode 47504781604805: hp 49->45 | total wins 1331/1487
02:34:17 episode 47504781605605 skipped: replay diverged from the stored fight: ns": [[0, 0, 0, 2, 2, 1, 0, 0, 0, 1], [4, 1, 0, 1, 1, 0, 1, 1, 2, 0, 0, 1, 0], [1, 1, 1, 0, 1, 1, 4, 0, 0, 4, 1, 1, 1, 0, 0, 2, 0, 0, 0], [1], [10, 2, 0, 1, 0]], "random_potions": true, "samples": [{"episode_id": 47504781605605000, : fight_resample_worker: stored actions don't fit the replayed fight
02:34:18 [1488/2436] episode 47504781604903: hp 65->34 | total wins 1332/1488
02:34:19 [1489/2436] episode 47504781601903: hp 51->lost | total wins 1332/1489
02:34:20 [1490/2436] episode 47504781607703: hp 45->45 | total wins 1333/1490
02:34:21 [1491/2436] episode 47504781605403: hp 63->25 | total wins 1334/1491
02:34:21 [1492/2436] episode 47504781602801: hp 58->lost | total wins 1334/1492
02:34:21 [1493/2436] episode 47504781600401: hp 69->29 | total wins 1335/1493
02:34:22 [1494/2436] episode 47504781605703: hp 75->40 | total wins 1336/1494
02:34:23 [1495/2436] episode 47504781609803: hp 75->47 | total wins 1337/1495
02:34:24 [1496/2436] episode 47504781598405: hp 49->27 | total wins 1338/1496
02:34:25 [1497/2436] episode 47504781611903: hp 75->45 | total wins 1339/1497
02:34:26 [1498/2436] episode 47504781611402: hp 50->18 | total wins 1340/1498
02:34:26 [1499/2436] episode 47504781604703: hp 75->35 | total wins 1341/1499
02:34:31 [1500/2436] episode 47504781613604: hp 27->7 | total wins 1342/1500
02:34:31 [1501/2436] episode 47504781609704: hp 19->lost | total wins 1342/1501
02:34:31 [1502/2436] episode 47504781610403: hp 40->22 | total wins 1343/1502
02:34:32 [1503/2436] episode 47504781615404: hp 55->39 | total wins 1344/1503
02:34:32 [1504/2436] episode 47504781613802: hp 75->45 | total wins 1345/1504
02:34:32 [1505/2436] episode 47504781604603: hp 52->22 | total wins 1346/1505
02:34:34 [1506/2436] episode 47504781614804: hp 41->17 | total wins 1347/1506
02:34:39 [1507/2436] episode 47504781598604: hp 61->38 | total wins 1348/1507
02:34:40 [1508/2436] episode 47504781615607: hp 54->48 | total wins 1349/1508
02:34:42 [1509/2436] episode 47504781607801: hp 54->lost | total wins 1349/1509
02:34:42 [1510/2436] episode 47504781603904: hp 75->59 | total wins 1350/1510
02:34:42 [1511/2436] episode 47504781615603: hp 75->50 | total wins 1351/1511
02:34:45 [1512/2436] episode 47504781616605: hp 58->46 | total wins 1352/1512
02:34:46 [1513/2436] episode 47504781616702: hp 75->60 | total wins 1353/1513
02:34:46 [1514/2436] episode 47504781615705: hp 45->34 | total wins 1354/1514
02:34:49 [1515/2436] episode 47504781617904: hp 75->55 | total wins 1355/1515
02:34:50 [1516/2436] episode 47504781613804: hp 57->36 | total wins 1356/1516
02:34:50 [1517/2436] episode 47504781617906: hp 32->20 | total wins 1357/1517
02:34:50 [1518/2436] episode 47504781617804: hp 34->12 | total wins 1358/1518
02:34:51 [1519/2436] episode 47504781618402: hp 48->32 | total wins 1359/1519
02:34:51 episode 47504781618704 skipped: replay diverged from the stored fight: ns": [[0, 4, 1, 0, 1, 1, 0, 0, 1, 1], [0, 0, 0, 0, 1, 0, 0, 1, 1, 1, 0, 0], [3, 3, 0, 0, 0, 0, 0, 0, 3, 1, 0, 1, 1, 0, 0, 1, 0, 0, 0, 0, 0, 0, 0, 0], [1, 2, 1, 0, 0, 1, 1, 1, 1, 0]], "random_potions": true, "samples": [{"episode_id": fight_resample_worker: stored actions don't fit the replayed fight
02:34:52 [1520/2436] episode 47504781610703: hp 62->14 | total wins 1360/1520
02:34:53 [1521/2436] episode 47504781614803: hp 55->22 | total wins 1361/1521
02:34:54 [1522/2436] episode 47504781619402: hp 56->24 | total wins 1362/1522
02:34:56 [1523/2436] episode 47504781618902: hp 75->43 | total wins 1363/1523
02:34:57 [1524/2436] episode 47504781617704: hp 50->23 | total wins 1364/1524
02:34:57 [1525/2436] episode 47504781618604: hp 46->16 | total wins 1365/1525
02:34:57 [1526/2436] episode 47504781615803: hp 73->lost | total wins 1365/1526
02:34:58 [1527/2436] episode 47504781615703: hp 61->35 | total wins 1366/1527
02:34:59 [1528/2436] episode 47504781619403: hp 49->32 | total wins 1367/1528
02:34:59 [1529/2436] episode 47504781615903: hp 39->7 | total wins 1368/1529
02:35:01 [1530/2436] episode 47504781618603: hp 75->35 | total wins 1369/1530
02:35:01 episode 47504781623604 skipped: replay diverged from the stored fight: ns": [[1, 2, 2, 0, 2, 0, 0, 0, 0, 0, 0, 0, 0], [1, 0, 0, 0, 0, 0, 0, 1, 1], [6, 2, 0, 0, 4, 4, 0, 4, 2, 2, 0, 0, 0, 0, 2, 1, 0, 2, 0, 0, 0, 0, 1, 0, 0, 0, 0, 1, 0, 0, 0, 0, 1, 1, 0, 0, 0], [2, 1, 0, 0, 6, 0, 0, 1, 3, 0, 0]], "random: fight_resample_worker: stored actions don't fit the replayed fight
02:35:02 [1531/2436] episode 47504781621602: hp 65->38 | total wins 1370/1531
02:35:04 [1532/2436] episode 47504781617405: hp 27->lost | total wins 1370/1532
02:35:07 [1533/2436] episode 47504781620807: hp 30->lost | total wins 1370/1533
02:35:07 [1534/2436] episode 47504781617603: hp 67->50 | total wins 1371/1534
02:35:08 [1535/2436] episode 47504781624901: hp 25->5 | total wins 1372/1535
02:35:09 [1536/2436] episode 47504781619604: hp 75->60 | total wins 1373/1536
02:35:10 [1537/2436] episode 47504781619803: hp 56->lost | total wins 1373/1537
02:35:12 [1538/2436] episode 47504781625403: hp 70->49 | total wins 1374/1538
02:35:12 [1539/2436] episode 47504781625906: hp 56->56 | total wins 1375/1539
02:35:12 [1540/2436] episode 47504781623602: hp 59->21 | total wins 1376/1540
02:35:13 [1541/2436] episode 47504781621604: hp 54->40 | total wins 1377/1541
02:35:14 [1542/2436] episode 47504781624803: hp 32->2 | total wins 1378/1542
02:35:19 [1543/2436] episode 47504781627903: hp 20->lost | total wins 1378/1543
02:35:19 [1544/2436] episode 47504781628904: hp 58->43 | total wins 1379/1544
02:35:20 [1545/2436] episode 47504781625405: hp 40->28 | total wins 1380/1545
02:35:20 episode 47504781631403 skipped: replay diverged from the stored fight: 2, 0, 0, 0, 2, 1, 0, 0, 0, 1, 0, 1], [0, 0, 0, 0, 0, 0], [6]], "random_potions": true, "samples": [{"episode_id": 47504781631403000, "starting_hp": 73}], "teacher": {"leaf": "policy_net", "simulations": 20000, "oracle": false: fight_resample_worker: replayed fight didn't end after its stored actions
02:35:21 [1546/2436] episode 47504781622805: hp 33->5 | total wins 1381/1546
02:35:22 [1547/2436] episode 47504781626603: hp 49->14 | total wins 1382/1547
02:35:24 [1548/2436] episode 47504781628803: hp 75->60 | total wins 1383/1548
02:35:25 [1549/2436] episode 47504781629403: hp 62->15 | total wins 1384/1549
02:35:25 [1550/2436] episode 47504781628605: hp 29->lost | total wins 1384/1550
02:35:27 [1551/2436] episode 47504781620405: hp 75->53 | total wins 1385/1551
02:35:27 [1552/2436] episode 47504781633406: hp 45->29 | total wins 1386/1552
02:35:29 [1553/2436] episode 47504781626403: hp 29->lost | total wins 1386/1553
02:35:29 [1554/2436] episode 47504781636604: hp 68->52 | total wins 1387/1554
02:35:31 [1555/2436] episode 47504781636703: hp 32->7 | total wins 1388/1555
02:35:33 [1556/2436] episode 47504781627803: hp 65->29 | total wins 1389/1556
02:35:34 [1557/2436] episode 47504781635905: hp 51->21 | total wins 1390/1557
02:35:35 [1558/2436] episode 47504781637904: hp 48->21 | total wins 1391/1558
02:35:35 [1559/2436] episode 47504781628804: hp 41->1 | total wins 1392/1559
02:35:36 [1560/2436] episode 47504781629603: hp 57->27 | total wins 1393/1560
02:35:37 [1561/2436] episode 47504781639402: hp 75->51 | total wins 1394/1561
02:35:38 [1562/2436] episode 47504781631704: hp 35->10 | total wins 1395/1562
02:35:38 [1563/2436] episode 47504781637802: hp 75->45 | total wins 1396/1563
02:35:39 [1564/2436] episode 47504781639905: hp 35->3 | total wins 1397/1564
02:35:41 [1565/2436] episode 47504781640702: hp 75->48 | total wins 1398/1565
02:35:41 [1566/2436] episode 47504781635704: hp 38->10 | total wins 1399/1566
02:35:42 [1567/2436] episode 47504781638405: hp 62->41 | total wins 1400/1567
02:35:42 [1568/2436] episode 47504781640406: hp 41->31 | total wins 1401/1568
02:35:43 [1569/2436] episode 47504781635604: hp 65->40 | total wins 1402/1569
02:35:44 [1570/2436] episode 47504781641907: hp 53->47 | total wins 1403/1570
02:35:44 [1571/2436] episode 47504781636806: hp 52->38 | total wins 1404/1571
02:35:46 [1572/2436] episode 47504781643804: hp 49->32 | total wins 1405/1572
02:35:47 [1573/2436] episode 47504781644702: hp 57->17 | total wins 1406/1573
02:35:47 [1574/2436] episode 47504781642602: hp 58->28 | total wins 1407/1574
02:35:47 [1575/2436] episode 47504781637403: hp 57->lost | total wins 1407/1575
02:35:47 [1576/2436] episode 47504781644902: hp 60->24 | total wins 1408/1576
02:35:48 [1577/2436] episode 47504781641702: hp 69->11 | total wins 1409/1577
02:35:53 [1578/2436] episode 47504781640704: hp 46->22 | total wins 1410/1578
02:35:53 [1579/2436] episode 47504781641403: hp 49->26 | total wins 1411/1579
02:35:54 [1580/2436] episode 47504781646904: hp 75->71 | total wins 1412/1580
02:35:56 [1581/2436] episode 47504781642802: hp 59->16 | total wins 1413/1581
02:35:57 [1582/2436] episode 47504781645702: hp 51->lost | total wins 1413/1582
02:35:57 [1583/2436] episode 47504781648405: hp 47->17 | total wins 1414/1583
02:36:00 [1584/2436] episode 47504781647705: hp 45->9 | total wins 1415/1584
02:36:01 [1585/2436] episode 47504781646405: hp 36->2 | total wins 1416/1585
02:36:03 [1586/2436] episode 47504781649903: hp 68->20 | total wins 1417/1586
02:36:04 [1587/2436] episode 47504781647605: hp 40->20 | total wins 1418/1587
02:36:04 [1588/2436] episode 47504781653903: hp 75->41 | total wins 1419/1588
02:36:05 [1589/2436] episode 47504781650801: hp 67->37 | total wins 1420/1589
02:36:06 [1590/2436] episode 47504781654802: hp 63->31 | total wins 1421/1590
02:36:07 [1591/2436] episode 47504781649802: hp 75->40 | total wins 1422/1591
02:36:09 [1592/2436] episode 47504781651602: hp 33->lost | total wins 1422/1592
02:36:11 [1593/2436] episode 47504781650704: hp 35->19 | total wins 1423/1593
02:36:11 [1594/2436] episode 47504781655406: hp 27->7 | total wins 1424/1594
02:36:12 [1595/2436] episode 47504781654903: hp 63->23 | total wins 1425/1595
02:36:12 episode 47504781659804 skipped: replay diverged from the stored fight: ns": [[1, 1, 0, 0, 0, 2, 1, 0, 0, 0, 2, 3], [6, 2, 0, 0, 0, 1, 0, 0, 0, 0, 1, 1, 1], [4, 1, 3, 1, 1, 4, 1, 1], [0, 2, 1, 0, 2, 0, 0, 0, 1, 1]], "random_potions": true, "samples": [{"episode_id": 47504781659804000, "starting_hp": 47}: fight_resample_worker: stored actions don't fit the replayed fight
02:36:12 [1596/2436] episode 47504781649603: hp 75->3 | total wins 1426/1596
02:36:12 [1597/2436] episode 47504781653905: hp 15->lost | total wins 1426/1597
02:36:13 [1598/2436] episode 47504781653604: hp 63->4 | total wins 1427/1598
02:36:14 [1599/2436] episode 47504781638702: hp 75->61 | total wins 1428/1599
02:36:14 [1600/2436] episode 47504781659408: hp 71->71 | total wins 1429/1600
02:36:14 [1601/2436] episode 47504781645603: hp 66->12 | total wins 1430/1601
02:36:15 [1602/2436] episode 47504781656907: hp 44->24 | total wins 1431/1602
02:36:15 episode 47504781664806 skipped: replay diverged from the stored fight: ns": [[1, 1, 1, 1, 0, 1, 0, 1, 1, 0, 0, 1], [0, 2, 1, 0, 0, 1, 1], [1, 2, 1, 1, 4, 1, 2, 2, 0, 1, 0], [5, 0, 0, 1, 0, 1, 0, 1, 0, 1, 1, 0, 0, 0, 2, 1, 1, 1, 0, 0, 1], [1, 1, 0, 0, 0, 3, 1, 1, 1], [5, 2, 1, 0, 2, 0, 0, 1, 1]], "rando: fight_resample_worker: stored actions don't fit the replayed fight
02:36:16 [1603/2436] episode 47504781661604: hp 62->55 | total wins 1432/1603
02:36:21 [1604/2436] episode 47504781659705: hp 70->51 | total wins 1433/1604
02:36:22 [1605/2436] episode 47504781657603: hp 75->41 | total wins 1434/1605
02:36:25 [1606/2436] episode 47504781665802: hp 29->lost | total wins 1434/1606
02:36:28 [1607/2436] episode 47504781663804: hp 34->28 | total wins 1435/1607
02:36:28 [1608/2436] episode 47504781666805: hp 16->lost | total wins 1435/1608
02:36:29 [1609/2436] episode 47504781662805: hp 66->62 | total wins 1436/1609
02:36:30 [1610/2436] episode 47504781660705: hp 26->12 | total wins 1437/1610
02:36:32 [1611/2436] episode 47504781661605: hp 46->38 | total wins 1438/1611
02:36:35 [1612/2436] episode 47504781667903: hp 54->43 | total wins 1439/1612
02:36:35 [1613/2436] episode 47504781666903: hp 70->49 | total wins 1440/1613
02:36:36 [1614/2436] episode 47504781665902: hp 47->23 | total wins 1441/1614
02:36:37 [1615/2436] episode 47504781660703: hp 56->lost | total wins 1441/1615
02:36:38 [1616/2436] episode 47504781666406: hp 59->24 | total wins 1442/1616
02:36:39 [1617/2436] episode 47504781662403: hp 62->38 | total wins 1443/1617
02:36:39 [1618/2436] episode 47504781668805: hp 62->44 | total wins 1444/1618
02:36:39 episode 47504781672905 skipped: replay diverged from the stored fight: ns": [[3, 3, 0, 0, 1, 1, 1, 0, 0, 0, 0, 1], [0, 0, 1, 4, 0, 1, 1, 0, 0], [0, 1, 2, 0, 0, 0, 0, 0, 1, 0, 0, 0, 0], [1, 2, 2, 1, 1, 0, 1, 1, 0, 1, 1, 1, 1, 1, 2], [9, 0, 1, 0, 4, 0, 1, 12, 13, 3, 6]], "random_potions": true, "samples": fight_resample_worker: stored actions don't fit the replayed fight
02:36:39 episode 47504781672906 skipped: replay diverged from the stored fight: ns": [[3, 3, 0, 0, 1, 1, 1, 0, 0, 0, 0, 1], [0, 0, 1, 4, 0, 1, 1, 0, 0], [0, 1, 2, 0, 0, 0, 0, 0, 1, 0, 0, 0, 0], [1, 2, 2, 1, 1, 0, 1, 1, 0, 1, 1, 1, 1, 1, 2], [9, 0, 1, 0, 4, 0, 1, 12, 13, 3, 6], [0, 7, 10, 3, 0, 1, 3, 0, 3, 1, 3,: fight_resample_worker: stored actions don't fit the replayed fight
02:36:41 [1619/2436] episode 47504781670403: hp 72->48 | total wins 1445/1619
02:36:43 [1620/2436] episode 47504781672803: hp 75->61 | total wins 1446/1620
02:36:44 [1621/2436] episode 47504781667702: hp 47->1 | total wins 1447/1621
02:36:44 [1622/2436] episode 47504781669705: hp 31->11 | total wins 1448/1622
02:36:45 [1623/2436] episode 47504781673704: hp 75->54 | total wins 1449/1623
02:36:46 [1624/2436] episode 47504781669803: hp 42->32 | total wins 1450/1624
02:36:46 [1625/2436] episode 47504781666902: hp 63->17 | total wins 1451/1625
02:36:47 [1626/2436] episode 47504781673803: hp 55->27 | total wins 1452/1626
02:36:47 [1627/2436] episode 47504781674402: hp 75->43 | total wins 1453/1627
02:36:48 [1628/2436] episode 47504781670804: hp 57->33 | total wins 1454/1628
02:36:49 [1629/2436] episode 47504781658807: hp 38->36 | total wins 1455/1629
02:36:49 episode 47504781677405 skipped: replay diverged from the stored fight: ns": [[0, 0, 0, 0, 0, 0, 0, 0, 0, 0, 0], [0, 1, 1, 0, 1, 1, 0, 0, 1, 0], [8, 1, 3, 0, 1, 0, 0, 2, 1], [4, 0, 1, 0, 1, 0, 0, 0, 1, 1, 0, 0, 0, 0, 0, 1, 2, 0, 0], [0, 3, 6, 0, 3, 0, 0, 3, 3, 2]], "random_potions": true, "samples": [{": fight_resample_worker: stored actions don't fit the replayed fight
02:36:49 [1630/2436] episode 47504781675804: hp 62->53 | total wins 1456/1630
02:36:49 [1631/2436] episode 47504781673705: hp 56->48 | total wins 1457/1631
02:36:53 [1632/2436] episode 47504781675402: hp 59->39 | total wins 1458/1632
02:36:55 [1633/2436] episode 47504781670806: hp 51->21 | total wins 1459/1633
02:36:55 [1634/2436] episode 47504781674703: hp 72->63 | total wins 1460/1634
02:36:55 [1635/2436] episode 47504781676603: hp 75->57 | total wins 1461/1635
02:36:56 [1636/2436] episode 47504781678703: hp 46->2 | total wins 1462/1636
02:36:58 [1637/2436] episode 47504781673406: hp 66->51 | total wins 1463/1637
02:36:58 [1638/2436] episode 47504781678903: hp 56->26 | total wins 1464/1638
02:37:01 [1639/2436] episode 47504781677803: hp 29->5 | total wins 1465/1639
02:37:01 [1640/2436] episode 47504781672604: hp 61->31 | total wins 1466/1640
02:37:01 [1641/2436] episode 47504781679802: hp 41->15 | total wins 1467/1641
02:37:02 [1642/2436] episode 47504781679901: hp 59->11 | total wins 1468/1642
02:37:03 [1643/2436] episode 47504781681906: hp 41->41 | total wins 1469/1643
02:37:06 [1644/2436] episode 47504781679803: hp 57->41 | total wins 1470/1644
02:37:06 [1645/2436] episode 47504781677804: hp 46->29 | total wins 1471/1645
02:37:07 [1646/2436] episode 47504781678904: hp 59->34 | total wins 1472/1646
02:37:09 [1647/2436] episode 47504781678403: hp 72->34 | total wins 1473/1647
02:37:12 [1648/2436] episode 47504781673903: hp 71->21 | total wins 1474/1648
02:37:13 [1649/2436] episode 47504781684701: hp 67->38 | total wins 1475/1649
02:37:14 [1650/2436] episode 47504781674804: hp 54->34 | total wins 1476/1650
02:37:16 [1651/2436] episode 47504781681704: hp 43->18 | total wins 1477/1651
02:37:20 [1652/2436] episode 47504781682403: hp 54->10 | total wins 1478/1652
02:37:20 [1653/2436] episode 47504781684805: hp 35->lost | total wins 1478/1653
02:37:21 [1654/2436] episode 47504781684402: hp 59->22 | total wins 1479/1654
02:37:21 episode 47504781688806 skipped: replay diverged from the stored fight: ns": [[0, 0, 0, 0, 0, 2, 0, 0, 0, 3, 1, 0, 0, 0], [5, 2, 3, 1, 0, 0, 0, 0, 0, 0, 2, 0, 0, 0, 0, 0], [3, 3, 0, 0, 2, 0, 1, 0, 0, 0, 0, 0, 0], [0, 0, 0, 2, 1, 6, 7, 2, 0, 1, 6, 6, 0, 1, 0, 0, 1, 6, 0, 0, 1, 0, 0, 2, 0, 1, 7, 3, 3, 1, : fight_resample_worker: stored actions don't fit the replayed fight
02:37:22 [1655/2436] episode 47504781688703: hp 51->23 | total wins 1480/1655
02:37:22 [1656/2436] episode 47504781687704: hp 38->36 | total wins 1481/1656
02:37:22 episode 47504781689903 skipped: replay diverged from the stored fight: ns": [[1, 1, 0, 2, 0, 0, 1, 0, 0, 1, 1], [6, 0, 1, 0, 2, 0, 0], [2, 3, 3, 1, 0, 0, 0, 0, 3, 0, 1, 0, 4, 4, 0, 0, 0, 0, 1, 0, 0, 0]], "random_potions": true, "samples": [{"episode_id": 47504781689903000, "starting_hp": 60}], "teacher: fight_resample_worker: stored actions don't fit the replayed fight
02:37:22 [1657/2436] episode 47504781685801: hp 72->42 | total wins 1482/1657
02:37:24 [1658/2436] episode 47504781685605: hp 39->24 | total wins 1483/1658
02:37:24 episode 47504781692905 skipped: replay diverged from the stored fight: ns": [[1, 1, 1, 1, 0, 0, 0, 0, 1], [0, 2, 0, 0, 5, 0, 0, 1, 1, 0, 0, 0], [3, 1, 1, 1, 1, 1, 1, 1, 3], [11, 1, 0, 7, 7, 0, 1, 7, 3, 0, 1, 3, 3, 2, 0, 0], [1, 1, 1, 0, 0, 0, 1, 1, 2, 1]], "random_potions": true, "samples": [{"episode_: fight_resample_worker: stored actions don't fit the replayed fight
02:37:24 episode 47504781693804 skipped: replay diverged from the stored fight: 0, 0, 0, 0, 1, 0, 0, 0, 1], [6, 0, 1, 0, 7, 0, 1], [5], [0, 0, 0, 2, 0, 0, 0, 0, 0, 0, 2, 2]], "random_potions": true, "samples": [{"episode_id": 47504781693804000, "starting_hp": 75}], "teacher": {"leaf": "policy_net", "simu: fight_resample_worker: replayed fight didn't end after its stored actions
02:37:26 [1659/2436] episode 47504781684905: hp 49->27 | total wins 1484/1659
02:37:27 [1660/2436] episode 47504781688901: hp 39->19 | total wins 1485/1660
02:37:27 [1661/2436] episode 47504781682903: hp 68->31 | total wins 1486/1661
02:37:27 [1662/2436] episode 47504781694703: hp 75->59 | total wins 1487/1662
02:37:28 [1663/2436] episode 47504781694404: hp 56->34 | total wins 1488/1663
02:37:29 [1664/2436] episode 47504781680904: hp 75->50 | total wins 1489/1664
02:37:29 [1665/2436] episode 47504781690803: hp 53->7 | total wins 1490/1665
02:37:31 [1666/2436] episode 47504781696605: hp 6->lost | total wins 1490/1666
02:37:31 [1667/2436] episode 47504781683603: hp 75->68 | total wins 1491/1667
02:37:31 [1668/2436] episode 47504781699606: hp 70->60 | total wins 1492/1668
02:37:32 [1669/2436] episode 47504781699405: hp 57->41 | total wins 1493/1669
02:37:35 [1670/2436] episode 47504781689902: hp 60->24 | total wins 1494/1670
02:37:36 [1671/2436] episode 47504781697804: hp 75->57 | total wins 1495/1671
02:37:37 [1672/2436] episode 47504781692703: hp 64->20 | total wins 1496/1672
02:37:38 [1673/2436] episode 47504781681902: hp 66->lost | total wins 1496/1673
02:37:38 [1674/2436] episode 47504781694706: hp 29->43 | total wins 1497/1674
02:37:38 [1675/2436] episode 47504781681803: hp 70->40 | total wins 1498/1675
02:37:39 [1676/2436] episode 47504781700702: hp 48->47 | total wins 1499/1676
02:37:39 [1677/2436] episode 47504781698401: hp 75->35 | total wins 1500/1677
02:37:42 [1678/2436] episode 47504781703804: hp 36->4 | total wins 1501/1678
02:37:42 [1679/2436] episode 47504781704604: hp 49->14 | total wins 1502/1679
02:37:43 [1680/2436] episode 47504781703703: hp 73->63 | total wins 1503/1680
02:37:44 [1681/2436] episode 47504781702802: hp 50->29 | total wins 1504/1681
02:37:44 [1682/2436] episode 47504781707602: hp 63->59 | total wins 1505/1682
02:37:45 [1683/2436] episode 47504781701603: hp 58->28 | total wins 1506/1683
02:37:46 [1684/2436] episode 47504781700903: hp 34->8 | total wins 1507/1684
02:37:47 [1685/2436] episode 47504781704805: hp 75->60 | total wins 1508/1685
02:37:48 [1686/2436] episode 47504781702704: hp 46->24 | total wins 1509/1686
02:37:48 [1687/2436] episode 47504781709803: hp 70->27 | total wins 1510/1687
02:37:49 [1688/2436] episode 47504781704705: hp 63->33 | total wins 1511/1688
02:37:50 [1689/2436] episode 47504781705403: hp 75->45 | total wins 1512/1689
02:37:52 [1690/2436] episode 47504781700606: hp 52->31 | total wins 1513/1690
02:37:52 [1691/2436] episode 47504781709703: hp 52->32 | total wins 1514/1691
02:37:53 [1692/2436] episode 47504781714403: hp 65->49 | total wins 1515/1692
02:37:54 [1693/2436] episode 47504781716403: hp 70->50 | total wins 1516/1693
02:37:54 [1694/2436] episode 47504781708906: hp 32->18 | total wins 1517/1694
02:37:55 [1695/2436] episode 47504781716404: hp 58->58 | total wins 1518/1695
02:37:55 [1696/2436] episode 47504781708806: hp 44->19 | total wins 1519/1696
02:37:56 [1697/2436] episode 47504781714902: hp 75->58 | total wins 1520/1697
02:37:59 [1698/2436] episode 47504781716902: hp 75->40 | total wins 1521/1698
02:37:59 [1699/2436] episode 47504781716903: hp 35->5 | total wins 1522/1699
02:38:00 [1700/2436] episode 47504781716405: hp 37->7 | total wins 1523/1700
02:38:02 [1701/2436] episode 47504781718703: hp 49->14 | total wins 1524/1701
02:38:03 [1702/2436] episode 47504781712602: hp 33->18 | total wins 1525/1702
02:38:03 [1703/2436] episode 47504781709804: hp 54->34 | total wins 1526/1703
02:38:04 [1704/2436] episode 47504781719704: hp 75->40 | total wins 1527/1704
02:38:07 [1705/2436] episode 47504781710802: hp 73->33 | total wins 1528/1705
02:38:09 [1706/2436] episode 47504781720403: hp 62->50 | total wins 1529/1706
02:38:09 [1707/2436] episode 47504781718805: hp 24->lost | total wins 1529/1707
02:38:10 [1708/2436] episode 47504781714805: hp 63->28 | total wins 1530/1708
02:38:11 [1709/2436] episode 47504781711703: hp 49->8 | total wins 1531/1709
02:38:11 [1710/2436] episode 47504781711904: hp 55->35 | total wins 1532/1710
02:38:12 [1711/2436] episode 47504781720404: hp 75->68 | total wins 1533/1711
02:38:13 [1712/2436] episode 47504781719404: hp 42->17 | total wins 1534/1712
02:38:17 [1713/2436] episode 47504781713404: hp 51->29 | total wins 1535/1713
02:38:20 [1714/2436] episode 47504781721903: hp 47->lost | total wins 1535/1714
02:38:21 [1715/2436] episode 47504781723404: hp 64->40 | total wins 1536/1715
02:38:21 [1716/2436] episode 47504781722605: hp 18->4 | total wins 1537/1716
02:38:22 [1717/2436] episode 47504781725903: hp 1->lost | total wins 1537/1717
02:38:22 [1718/2436] episode 47504781725902: hp 41->11 | total wins 1538/1718
02:38:22 [1719/2436] episode 47504781725705: hp 38->38 | total wins 1539/1719
02:38:23 [1720/2436] episode 47504781726603: hp 75->74 | total wins 1540/1720
02:38:24 [1721/2436] episode 47504781723906: hp 23->lost | total wins 1540/1721
02:38:26 [1722/2436] episode 47504781723704: hp 13->lost | total wins 1540/1722
02:38:26 [1723/2436] episode 47504781723405: hp 54->1 | total wins 1541/1723
02:38:26 [1724/2436] episode 47504781722902: hp 74->7 | total wins 1542/1724
02:38:28 [1725/2436] episode 47504781729606: hp 31->19 | total wins 1543/1725
02:38:30 [1726/2436] episode 47504781728902: hp 66->64 | total wins 1544/1726
02:38:30 [1727/2436] episode 47504781722603: hp 50->lost | total wins 1544/1727
02:38:30 [1728/2436] episode 47504781718602: hp 33->3 | total wins 1545/1728
02:38:32 [1729/2436] episode 47504781716606: hp 44->9 | total wins 1546/1729
02:38:34 [1730/2436] episode 47504781728803: hp 72->49 | total wins 1547/1730
02:38:36 [1731/2436] episode 47504781729902: hp 27->13 | total wins 1548/1731
02:38:36 [1732/2436] episode 47504781726905: hp 59->34 | total wins 1549/1732
02:38:36 [1733/2436] episode 47504781727605: hp 32->lost | total wins 1549/1733
02:38:38 [1734/2436] episode 47504781724702: hp 60->lost | total wins 1549/1734
02:38:39 [1735/2436] episode 47504781730602: hp 41->lost | total wins 1549/1735
02:38:41 [1736/2436] episode 47504781733406: hp 45->14 | total wins 1550/1736
02:38:49 [1737/2436] episode 47504781729605: hp 50->16 | total wins 1551/1737
02:38:51 [1738/2436] episode 47504781733404: hp 70->54 | total wins 1552/1738
02:38:52 [1739/2436] episode 47504781734604: hp 44->lost | total wins 1552/1739
02:38:53 [1740/2436] episode 47504781731604: hp 75->55 | total wins 1553/1740
02:38:53 [1741/2436] episode 47504781732605: hp 33->lost | total wins 1553/1741
02:38:53 [1742/2436] episode 47504781734902: hp 61->36 | total wins 1554/1742
02:38:54 [1743/2436] episode 47504781730805: hp 37->22 | total wins 1555/1743
02:38:54 [1744/2436] episode 47504781735404: hp 48->42 | total wins 1556/1744
02:38:56 [1745/2436] episode 47504781731802: hp 61->6 | total wins 1557/1745
02:38:57 [1746/2436] episode 47504781738402: hp 19->lost | total wins 1557/1746
02:38:57 [1747/2436] episode 47504781738705: hp 8->lost | total wins 1557/1747
02:38:57 [1748/2436] episode 47504781734403: hp 59->20 | total wins 1558/1748
02:38:58 [1749/2436] episode 47504781739404: hp 54->50 | total wins 1559/1749
02:39:00 [1750/2436] episode 47504781740804: hp 34->20 | total wins 1560/1750
02:39:00 [1751/2436] episode 47504781739703: hp 75->55 | total wins 1561/1751
02:39:03 [1752/2436] episode 47504781742603: hp 75->41 | total wins 1562/1752
02:39:04 [1753/2436] episode 47504781726605: hp 59->24 | total wins 1563/1753
02:39:04 episode 47504781742806 skipped: replay diverged from the stored fight: ns": [[1, 2, 1, 1, 0, 0, 0, 0, 1, 1, 1, 1, 1, 0, 0, 0, 0], [0, 1, 0, 1, 2, 0, 0, 0], [1, 2, 1, 2, 2, 0, 0, 1, 2], [3, 1, 1, 0, 3, 1, 1, 1, 1, 1, 0, 1, 1, 0, 0, 0, 0, 0, 0, 0, 1, 1, 0, 0, 0, 0, 1], [14, 3, 2, 0, 2, 2, 0, 4, 2, 0, 2],: fight_resample_worker: stored actions don't fit the replayed fight
02:39:05 [1754/2436] episode 47504781738804: hp 75->49 | total wins 1564/1754
02:39:08 [1755/2436] episode 47504781739403: hp 63->45 | total wins 1565/1755
02:39:08 [1756/2436] episode 47504781739602: hp 30->lost | total wins 1565/1756
02:39:08 [1757/2436] episode 47504781735703: hp 35->7 | total wins 1566/1757
02:39:11 [1758/2436] episode 47504781739804: hp 64->39 | total wins 1567/1758
02:39:13 [1759/2436] episode 47504781743602: hp 27->lost | total wins 1567/1759
02:39:18 [1760/2436] episode 47504781742803: hp 75->28 | total wins 1568/1760
02:39:19 [1761/2436] episode 47504781741905: hp 75->45 | total wins 1569/1761
02:39:19 [1762/2436] episode 47504781743806: hp 75->62 | total wins 1570/1762
02:39:19 [1763/2436] episode 47504781745704: hp 2->lost | total wins 1570/1763
02:39:20 [1764/2436] episode 47504781732604: hp 75->36 | total wins 1571/1764
02:39:20 [1765/2436] episode 47504781737703: hp 34->14 | total wins 1572/1765
02:39:21 [1766/2436] episode 47504781744402: hp 37->2 | total wins 1573/1766
02:39:22 [1767/2436] episode 47504781746603: hp 48->16 | total wins 1574/1767
02:39:22 [1768/2436] episode 47504781744705: hp 38->19 | total wins 1575/1768
02:39:23 [1769/2436] episode 47504781740403: hp 75->19 | total wins 1576/1769
02:39:24 [1770/2436] episode 47504781745902: hp 34->10 | total wins 1577/1770
02:39:24 [1771/2436] episode 47504781745805: hp 62->52 | total wins 1578/1771
02:39:25 [1772/2436] episode 47504781744805: hp 29->lost | total wins 1578/1772
02:39:27 [1773/2436] episode 47504781752607: hp 75->78 | total wins 1579/1773
02:39:28 [1774/2436] episode 47504781749807: hp 38->22 | total wins 1580/1774
02:39:29 [1775/2436] episode 47504781742902: hp 56->lost | total wins 1580/1775
02:39:31 [1776/2436] episode 47504781752402: hp 66->42 | total wins 1581/1776
02:39:32 [1777/2436] episode 47504781747405: hp 53->53 | total wins 1582/1777
02:39:33 [1778/2436] episode 47504781752703: hp 43->28 | total wins 1583/1778
02:39:33 [1779/2436] episode 47504781749804: hp 41->6 | total wins 1584/1779
02:39:34 [1780/2436] episode 47504781748603: hp 54->29 | total wins 1585/1780
02:39:34 [1781/2436] episode 47504781747703: hp 65->1 | total wins 1586/1781
02:39:35 [1782/2436] episode 47504781753403: hp 57->42 | total wins 1587/1782
02:39:35 [1783/2436] episode 47504781758905: hp 75->65 | total wins 1588/1783
02:39:36 [1784/2436] episode 47504781755804: hp 75->40 | total wins 1589/1784
02:39:36 [1785/2436] episode 47504781756701: hp 62->32 | total wins 1590/1785
02:39:37 [1786/2436] episode 47504781756801: hp 75->29 | total wins 1591/1786
02:39:37 [1787/2436] episode 47504781749405: hp 58->48 | total wins 1592/1787
02:39:37 [1788/2436] episode 47504781750603: hp 68->38 | total wins 1593/1788
02:39:37 [1789/2436] episode 47504781759405: hp 50->25 | total wins 1594/1789
02:39:37 [1790/2436] episode 47504781755402: hp 62->18 | total wins 1595/1790
02:39:38 [1791/2436] episode 47504781761704: hp 73->46 | total wins 1596/1791
02:39:39 [1792/2436] episode 47504781753804: hp 57->25 | total wins 1597/1792
02:39:40 [1793/2436] episode 47504781748703: hp 39->14 | total wins 1598/1793
02:39:42 [1794/2436] episode 47504781756403: hp 49->27 | total wins 1599/1794
02:39:43 [1795/2436] episode 47504781763406: hp 68->37 | total wins 1600/1795
02:39:44 [1796/2436] episode 47504781761601: hp 69->31 | total wins 1601/1796
02:39:47 [1797/2436] episode 47504781763704: hp 65->54 | total wins 1602/1797
02:39:47 [1798/2436] episode 47504781760704: hp 71->41 | total wins 1603/1798
02:39:48 [1799/2436] episode 47504781759603: hp 41->17 | total wins 1604/1799
02:39:49 [1800/2436] episode 47504781763805: hp 29->lost | total wins 1604/1800
02:39:49 [1801/2436] episode 47504781764601: hp 45->13 | total wins 1605/1801
02:39:52 [1802/2436] episode 47504781762702: hp 41->lost | total wins 1605/1802
02:39:53 [1803/2436] episode 47504781763803: hp 51->16 | total wins 1606/1803
02:39:53 [1804/2436] episode 47504781764405: hp 25->lost | total wins 1606/1804
02:39:54 [1805/2436] episode 47504781765602: hp 16->lost | total wins 1606/1805
02:39:54 [1806/2436] episode 47504781762903: hp 47->lost | total wins 1606/1806
02:39:55 [1807/2436] episode 47504781766907: hp 64->64 | total wins 1607/1807
02:39:56 [1808/2436] episode 47504781765906: hp 43->33 | total wins 1608/1808
02:39:56 [1809/2436] episode 47504781767702: hp 75->59 | total wins 1609/1809
02:39:57 [1810/2436] episode 47504781764602: hp 45->30 | total wins 1610/1810
02:39:57 [1811/2436] episode 47504781766904: hp 41->21 | total wins 1611/1811
02:39:57 [1812/2436] episode 47504781764404: hp 61->27 | total wins 1612/1812
02:39:58 [1813/2436] episode 47504781768402: hp 73->54 | total wins 1613/1813
02:39:58 [1814/2436] episode 47504781768904: hp 52->22 | total wins 1614/1814
02:40:02 [1815/2436] episode 47504781766804: hp 45->38 | total wins 1615/1815
02:40:03 [1816/2436] episode 47504781770402: hp 58->39 | total wins 1616/1816
02:40:03 [1817/2436] episode 47504781760603: hp 67->57 | total wins 1617/1817
02:40:04 [1818/2436] episode 47504781768902: hp 53->28 | total wins 1618/1818
02:40:05 [1819/2436] episode 47504781766607: hp 58->30 | total wins 1619/1819
02:40:07 [1820/2436] episode 47504781769903: hp 75->63 | total wins 1620/1820
02:40:09 [1821/2436] episode 47504781771705: hp 39->22 | total wins 1621/1821
02:40:11 [1822/2436] episode 47504781770803: hp 44->lost | total wins 1621/1822
02:40:12 [1823/2436] episode 47504781769603: hp 43->17 | total wins 1622/1823
02:40:12 [1824/2436] episode 47504781766703: hp 58->11 | total wins 1623/1824
02:40:16 [1825/2436] episode 47504781771602: hp 65->25 | total wins 1624/1825
02:40:17 [1826/2436] episode 47504781775702: hp 8->lost | total wins 1624/1826
02:40:17 [1827/2436] episode 47504781775603: hp 69->31 | total wins 1625/1827
02:40:19 [1828/2436] episode 47504781777601: hp 64->30 | total wins 1626/1828
02:40:20 [1829/2436] episode 47504781772604: hp 58->23 | total wins 1627/1829
02:40:20 [1830/2436] episode 47504781772903: hp 53->43 | total wins 1628/1830
02:40:22 [1831/2436] episode 47504781777704: hp 65->39 | total wins 1629/1831
02:40:22 [1832/2436] episode 47504781777903: hp 22->lost | total wins 1629/1832
02:40:25 [1833/2436] episode 47504781778703: hp 71->50 | total wins 1630/1833
02:40:26 [1834/2436] episode 47504781778802: hp 55->32 | total wins 1631/1834
02:40:27 [1835/2436] episode 47504781773604: hp 53->lost | total wins 1631/1835
02:40:28 [1836/2436] episode 47504781779704: hp 58->34 | total wins 1632/1836
02:40:28 episode 47504781779905 skipped: replay diverged from the stored fight: ns": [[1, 1, 1, 0, 1, 1, 0, 1, 1, 0, 0, 0], [2, 0, 0, 0, 0, 0, 2, 2], [3, 1, 1, 1, 1, 1, 1, 1, 1, 1, 1, 1, 2], [2, 2, 0, 0, 1, 0, 0, 1, 1, 0, 1, 1], [3, 1, 1, 0, 0, 5, 0, 0, 1, 0, 1, 0, 2]], "random_potions": true, "samples": [{"epi: fight_resample_worker: stored actions don't fit the replayed fight
02:40:29 [1837/2436] episode 47504781775402: hp 72->21 | total wins 1633/1837
02:40:29 [1838/2436] episode 47504781779601: hp 28->lost | total wins 1633/1838
02:40:29 [1839/2436] episode 47504781773905: hp 66->49 | total wins 1634/1839
02:40:31 [1840/2436] episode 47504781773904: hp 58->12 | total wins 1635/1840
02:40:33 [1841/2436] episode 47504781782904: hp 41->25 | total wins 1636/1841
02:40:34 [1842/2436] episode 47504781782606: hp 36->36 | total wins 1637/1842
02:40:37 [1843/2436] episode 47504781779707: hp 44->14 | total wins 1638/1843
02:40:37 [1844/2436] episode 47504781780705: hp 36->18 | total wins 1639/1844
02:40:37 [1845/2436] episode 47504781775803: hp 60->44 | total wins 1640/1845
02:40:38 [1846/2436] episode 47504781775604: hp 51->20 | total wins 1641/1846
02:40:38 [1847/2436] episode 47504781782704: hp 5->lost | total wins 1641/1847
02:40:38 [1848/2436] episode 47504781781902: hp 22->lost | total wins 1641/1848
02:40:38 [1849/2436] episode 47504781774404: hp 61->31 | total wins 1642/1849
02:40:40 [1850/2436] episode 47504781785604: hp 63->31 | total wins 1643/1850
02:40:41 [1851/2436] episode 47504781779803: hp 61->51 | total wins 1644/1851
02:40:42 [1852/2436] episode 47504781786803: hp 50->26 | total wins 1645/1852
02:40:42 [1853/2436] episode 47504781787603: hp 51->21 | total wins 1646/1853
02:40:44 [1854/2436] episode 47504781788405: hp 68->51 | total wins 1647/1854
02:40:47 [1855/2436] episode 47504781787704: hp 35->5 | total wins 1648/1855
02:40:49 [1856/2436] episode 47504781788406: hp 44->17 | total wins 1649/1856
02:40:49 [1857/2436] episode 47504781783703: hp 49->lost | total wins 1649/1857
02:40:52 [1858/2436] episode 47504781789903: hp 64->29 | total wins 1650/1858
02:40:53 [1859/2436] episode 47504781778402: hp 75->22 | total wins 1651/1859
02:40:54 [1860/2436] episode 47504781790605: hp 73->61 | total wins 1652/1860
02:40:54 [1861/2436] episode 47504781784904: hp 47->8 | total wins 1653/1861
02:40:57 [1862/2436] episode 47504781785805: hp 41->12 | total wins 1654/1862
02:41:00 [1863/2436] episode 47504781793405: hp 53->45 | total wins 1655/1863
02:41:00 [1864/2436] episode 47504781790405: hp 68->30 | total wins 1656/1864
02:41:00 [1865/2436] episode 47504781791605: hp 49->24 | total wins 1657/1865
02:41:01 [1866/2436] episode 47504781785402: hp 41->lost | total wins 1657/1866
02:41:01 [1867/2436] episode 47504781789701: hp 37->lost | total wins 1657/1867
02:41:02 [1868/2436] episode 47504781784702: hp 53->2 | total wins 1658/1868
02:41:02 episode 47504781796606 skipped: replay diverged from the stored fight: 0, 2, 0, 0, 0, 0, 0, 1], [0, 1, 1, 1, 1, 0, 0, 0], [7], [1, 0, 0, 0, 0, 0, 0, 0, 1, 0, 2, 0, 1, 0, 0, 0, 0, 0, 0, 0, 0, 0], [1, 1, 0, 3], [4, 0, 2, 1, 0, 1, 0, 0]], "random_potions": true, "samples": [{"episode_id": 475047817: fight_resample_worker: replayed fight didn't end after its stored actions
02:41:02 [1869/2436] episode 47504781790804: hp 28->lost | total wins 1658/1869
02:41:03 [1870/2436] episode 47504781794802: hp 44->12 | total wins 1659/1870
02:41:04 [1871/2436] episode 47504781785703: hp 57->28 | total wins 1660/1871
02:41:05 [1872/2436] episode 47504781795704: hp 57->47 | total wins 1661/1872
02:41:05 [1873/2436] episode 47504781784403: hp 70->8 | total wins 1662/1873
02:41:06 [1874/2436] episode 47504781800604: hp 43->7 | total wins 1663/1874
02:41:06 [1875/2436] episode 47504781795903: hp 66->50 | total wins 1664/1875
02:41:07 [1876/2436] episode 47504781793808: hp 70->39 | total wins 1665/1876
02:41:08 [1877/2436] episode 47504781800904: hp 57->19 | total wins 1666/1877
02:41:09 [1878/2436] episode 47504781800605: hp 33->13 | total wins 1667/1878
02:41:12 [1879/2436] episode 47504781803402: hp 51->35 | total wins 1668/1879
02:41:14 [1880/2436] episode 47504781804703: hp 38->33 | total wins 1669/1880
02:41:15 [1881/2436] episode 47504781807405: hp 43->27 | total wins 1670/1881
02:41:15 [1882/2436] episode 47504781799702: hp 80->25 | total wins 1671/1882
02:41:15 [1883/2436] episode 47504781805703: hp 51->16 | total wins 1672/1883
02:41:15 [1884/2436] episode 47504781793406: hp 47->37 | total wins 1673/1884
02:41:16 [1885/2436] episode 47504781795405: hp 43->18 | total wins 1674/1885
02:41:16 [1886/2436] episode 47504781803804: hp 38->lost | total wins 1674/1886
02:41:17 [1887/2436] episode 47504781806802: hp 75->49 | total wins 1675/1887
02:41:19 [1888/2436] episode 47504781809604: hp 66->50 | total wins 1676/1888
02:41:20 [1889/2436] episode 47504781810902: hp 68->52 | total wins 1677/1889
02:41:20 [1890/2436] episode 47504781794704: hp 50->10 | total wins 1678/1890
02:41:21 [1891/2436] episode 47504781811705: hp 68->59 | total wins 1679/1891
02:41:22 [1892/2436] episode 47504781803602: hp 41->lost | total wins 1679/1892
02:41:25 [1893/2436] episode 47504781807702: hp 38->23 | total wins 1680/1893
02:41:25 [1894/2436] episode 47504781807905: hp 55->44 | total wins 1681/1894
02:41:27 [1895/2436] episode 47504781811803: hp 43->25 | total wins 1682/1895
02:41:30 [1896/2436] episode 47504781812402: hp 51->26 | total wins 1683/1896
02:41:30 [1897/2436] episode 47504781812804: hp 25->lost | total wins 1683/1897
02:41:30 [1898/2436] episode 47504781810704: hp 54->35 | total wins 1684/1898
02:41:31 [1899/2436] episode 47504781809705: hp 68->55 | total wins 1685/1899
02:41:31 [1900/2436] episode 47504781812604: hp 75->47 | total wins 1686/1900
02:41:31 [1901/2436] episode 47504781809904: hp 59->56 | total wins 1687/1901
02:41:34 [1902/2436] episode 47504781815802: hp 75->59 | total wins 1688/1902
02:41:34 [1903/2436] episode 47504781814402: hp 28->24 | total wins 1689/1903
02:41:34 [1904/2436] episode 47504781811905: hp 64->9 | total wins 1690/1904
02:41:35 [1905/2436] episode 47504781817602: hp 50->17 | total wins 1691/1905
02:41:35 [1906/2436] episode 47504781809802: hp 61->lost | total wins 1691/1906
02:41:36 [1907/2436] episode 47504781796806: hp 46->31 | total wins 1692/1907
02:41:37 [1908/2436] episode 47504781812605: hp 51->36 | total wins 1693/1908
02:41:39 [1909/2436] episode 47504781814805: hp 59->33 | total wins 1694/1909
02:41:43 [1910/2436] episode 47504781817903: hp 22->lost | total wins 1694/1910
02:41:43 [1911/2436] episode 47504781820704: hp 52->22 | total wins 1695/1911
02:41:43 [1912/2436] episode 47504781819903: hp 60->30 | total wins 1696/1912
02:41:46 [1913/2436] episode 47504781822702: hp 44->25 | total wins 1697/1913
02:41:46 [1914/2436] episode 47504781822404: hp 75->58 | total wins 1698/1914
02:41:47 [1915/2436] episode 47504781815703: hp 27->lost | total wins 1698/1915
02:41:48 [1916/2436] episode 47504781819706: hp 56->34 | total wins 1699/1916
02:41:48 episode 47504781823603 skipped: replay diverged from the stored fight: ns": [[2, 4, 3, 2, 1, 1, 0, 0, 1, 0], [1, 1, 1, 0, 0, 0, 0], [1, 4, 1, 0, 2, 1, 1]], "random_potions": true, "samples": [{"episode_id": 47504781823603000, "starting_hp": 75}], "teacher": {"leaf": "policy_net", "simulations": 20000, : fight_resample_worker: stored actions don't fit the replayed fight
02:41:48 [1917/2436] episode 47504781817802: hp 75->55 | total wins 1700/1917
02:41:49 [1918/2436] episode 47504781821703: hp 46->26 | total wins 1701/1918
02:41:50 [1919/2436] episode 47504781815402: hp 75->23 | total wins 1702/1919
02:41:50 [1920/2436] episode 47504781820903: hp 46->lost | total wins 1702/1920
02:41:51 [1921/2436] episode 47504781823406: hp 25->25 | total wins 1703/1921
02:41:51 episode 47504781829405 skipped: replay diverged from the stored fight: ns": [[2, 3, 0, 0, 0, 0, 0, 0, 0], [0, 1, 1, 1, 1, 0, 1, 1, 2, 3, 2, 0], [2, 5, 1, 1, 1, 0, 0], [0, 0, 0, 1, 1, 1, 1, 1, 1, 0, 1, 2, 3, 1], [6, 1, 3, 1, 2, 1, 0, 1]], "random_potions": true, "samples": [{"episode_id": 47504781829405: fight_resample_worker: stored actions don't fit the replayed fight
02:41:52 [1922/2436] episode 47504781828703: hp 42->32 | total wins 1704/1922
02:41:53 [1923/2436] episode 47504781823902: hp 60->35 | total wins 1705/1923
02:41:56 [1924/2436] episode 47504781830902: hp 71->39 | total wins 1706/1924
02:41:56 [1925/2436] episode 47504781821405: hp 46->11 | total wins 1707/1925
02:41:57 [1926/2436] episode 47504781827805: hp 68->68 | total wins 1708/1926
02:41:58 [1927/2436] episode 47504781822902: hp 46->18 | total wins 1709/1927
02:41:58 episode 47504781832705 skipped: replay diverged from the stored fight: ns": [[0, 0, 0, 0, 0, 1, 0, 0, 0, 1], [4, 1, 0, 2, 1, 2], [0, 0, 0, 2, 1, 0, 0, 1, 2], [0, 1, 0, 1, 1, 1, 1, 2, 2], [0, 1, 0, 0, 1, 3, 1, 0, 3, 0, 1, 1, 1, 4, 1, 1, 1]], "random_potions": true, "samples": [{"episode_id": 47504781832: fight_resample_worker: stored actions don't fit the replayed fight
02:42:00 [1928/2436] episode 47504781831903: hp 71->63 | total wins 1710/1928
02:42:00 [1929/2436] episode 47504781831603: hp 75->40 | total wins 1711/1929
02:42:00 [1930/2436] episode 47504781832903: hp 74->42 | total wins 1712/1930
02:42:02 [1931/2436] episode 47504781835603: hp 72->56 | total wins 1713/1931
02:42:03 [1932/2436] episode 47504781824902: hp 75->45 | total wins 1714/1932
02:42:03 [1933/2436] episode 47504781830804: hp 74->42 | total wins 1715/1933
02:42:04 [1934/2436] episode 47504781821807: hp 50->31 | total wins 1716/1934
02:42:04 [1935/2436] episode 47504781835803: hp 57->25 | total wins 1717/1935
02:42:08 [1936/2436] episode 47504781830405: hp 75->58 | total wins 1718/1936
02:42:09 [1937/2436] episode 47504781838803: hp 70->38 | total wins 1719/1937
02:42:10 [1938/2436] episode 47504781836705: hp 63->20 | total wins 1720/1938
02:42:10 [1939/2436] episode 47504781837403: hp 45->31 | total wins 1721/1939
02:42:11 [1940/2436] episode 47504781827902: hp 58->35 | total wins 1722/1940
02:42:11 [1941/2436] episode 47504781831702: hp 65->29 | total wins 1723/1941
02:42:12 [1942/2436] episode 47504781833404: hp 62->43 | total wins 1724/1942
02:42:16 [1943/2436] episode 47504781822703: hp 56->lost | total wins 1724/1943
02:42:18 [1944/2436] episode 47504781840604: hp 48->43 | total wins 1725/1944
02:42:18 [1945/2436] episode 47504781841403: hp 61->35 | total wins 1726/1945
02:42:18 [1946/2436] episode 47504781836602: hp 50->11 | total wins 1727/1946
02:42:21 [1947/2436] episode 47504781845404: hp 43->31 | total wins 1728/1947
02:42:22 [1948/2436] episode 47504781844402: hp 68->26 | total wins 1729/1948
02:42:24 [1949/2436] episode 47504781845407: hp 54->42 | total wins 1730/1949
02:42:24 episode 47504781845604 skipped: replay diverged from the stored fight: ns": [[1, 0, 0, 0, 0, 0, 0, 2, 0], [4, 4, 2, 0, 0, 0, 0, 0], [2, 1, 0, 2, 0, 0, 0, 2, 0, 2, 2, 2], [0, 1, 2, 2, 1, 0, 1, 1, 0, 1, 0, 1]], "random_potions": true, "samples": [{"episode_id": 47504781845604000, "starting_hp": 45}], "te: fight_resample_worker: stored actions don't fit the replayed fight
02:42:25 [1950/2436] episode 47504781822704: hp 32->lost | total wins 1730/1950
02:42:26 [1951/2436] episode 47504781834903: hp 59->36 | total wins 1731/1951
02:42:26 [1952/2436] episode 47504781840806: hp 45->30 | total wins 1732/1952
02:42:26 [1953/2436] episode 47504781840404: hp 65->32 | total wins 1733/1953
02:42:26 episode 47504781847605 skipped: replay diverged from the stored fight: ns": [[0, 0, 0, 0, 0, 0, 0, 0, 0, 0, 0, 2], [2, 2, 0, 0, 0, 0, 0, 0, 0, 1, 0, 1], [1, 0, 0, 1, 0, 1, 1, 1, 0, 3, 1, 1, 1, 0, 1, 3, 0], [2, 2, 0, 1, 1, 0, 0, 0, 0, 1, 0, 0, 0, 0, 1, 0, 0, 0], [0, 1, 0, 0, 1, 1, 1, 0, 0, 0, 0, 0, 0, 1: fight_resample_worker: stored actions don't fit the replayed fight
02:42:27 [1954/2436] episode 47504781845406: hp 19->lost | total wins 1733/1954
02:42:30 [1955/2436] episode 47504781846604: hp 50->17 | total wins 1734/1955
02:42:33 [1956/2436] episode 47504781841802: hp 52->4 | total wins 1735/1956
02:42:34 [1957/2436] episode 47504781842603: hp 13->8 | total wins 1736/1957
02:42:34 [1958/2436] episode 47504781844604: hp 75->60 | total wins 1737/1958
02:42:36 [1959/2436] episode 47504781847705: hp 31->16 | total wins 1738/1959
02:42:36 [1960/2436] episode 47504781850904: hp 40->22 | total wins 1739/1960
02:42:36 [1961/2436] episode 47504781845408: hp 45->32 | total wins 1740/1961
02:42:37 [1962/2436] episode 47504781848905: hp 57->22 | total wins 1741/1962
02:42:38 [1963/2436] episode 47504781846801: hp 42->8 | total wins 1742/1963
02:42:39 [1964/2436] episode 47504781851705: hp 43->lost | total wins 1742/1964
02:42:40 [1965/2436] episode 47504781846607: hp 26->17 | total wins 1743/1965
02:42:42 [1966/2436] episode 47504781851703: hp 52->30 | total wins 1744/1966
02:42:43 [1967/2436] episode 47504781848402: hp 75->13 | total wins 1745/1967
02:42:43 [1968/2436] episode 47504781851605: hp 38->22 | total wins 1746/1968
02:42:44 [1969/2436] episode 47504781843902: hp 41->lost | total wins 1746/1969
02:42:45 [1970/2436] episode 47504781845803: hp 66->46 | total wins 1747/1970
02:42:47 [1971/2436] episode 47504781851904: hp 16->lost | total wins 1747/1971
02:42:48 [1972/2436] episode 47504781854901: hp 75->58 | total wins 1748/1972
02:42:49 [1973/2436] episode 47504781854705: hp 36->1 | total wins 1749/1973
02:42:50 [1974/2436] episode 47504781850903: hp 75->53 | total wins 1750/1974
02:42:52 [1975/2436] episode 47504781852603: hp 57->17 | total wins 1751/1975
02:42:54 [1976/2436] episode 47504781851401: hp 65->15 | total wins 1752/1976
02:42:55 [1977/2436] episode 47504781851803: hp 59->50 | total wins 1753/1977
02:42:55 [1978/2436] episode 47504781853806: hp 75->60 | total wins 1754/1978
02:42:55 [1979/2436] episode 47504781858903: hp 47->34 | total wins 1755/1979
02:42:57 [1980/2436] episode 47504781859904: hp 55->29 | total wins 1756/1980
02:42:57 [1981/2436] episode 47504781855604: hp 25->10 | total wins 1757/1981
02:42:59 [1982/2436] episode 47504781861704: hp 56->40 | total wins 1758/1982
02:42:59 [1983/2436] episode 47504781853804: hp 75->59 | total wins 1759/1983
02:43:00 [1984/2436] episode 47504781858604: hp 75->40 | total wins 1760/1984
02:43:01 [1985/2436] episode 47504781856904: hp 36->8 | total wins 1761/1985
02:43:02 [1986/2436] episode 47504781854904: hp 49->37 | total wins 1762/1986
02:43:02 [1987/2436] episode 47504781861404: hp 74->57 | total wins 1763/1987
02:43:04 [1988/2436] episode 47504781854704: hp 49->17 | total wins 1764/1988
02:43:05 [1989/2436] episode 47504781863802: hp 75->51 | total wins 1765/1989
02:43:05 episode 47504781866404 skipped: replay diverged from the stored fight: 1, 2, 0, 0, 0, 1, 0, 0, 1], [8, 3, 3], [0, 0, 0, 1, 2], [8]], "random_potions": true, "samples": [{"episode_id": 47504781866404000, "starting_hp": 63}], "teacher": {"leaf": "policy_net", "simulations": 20000, "oracle": false,: fight_resample_worker: replayed fight didn't end after its stored actions
02:43:05 [1990/2436] episode 47504781854604: hp 52->14 | total wins 1766/1990
02:43:06 [1991/2436] episode 47504781862606: hp 44->29 | total wins 1767/1991
02:43:06 [1992/2436] episode 47504781860805: hp 32->26 | total wins 1768/1992
02:43:11 [1993/2436] episode 47504781861403: hp 75->46 | total wins 1769/1993
02:43:11 [1994/2436] episode 47504781865901: hp 45->lost | total wins 1769/1994
02:43:13 [1995/2436] episode 47504781861802: hp 74->57 | total wins 1770/1995
02:43:13 [1996/2436] episode 47504781863803: hp 69->45 | total wins 1771/1996
02:43:13 [1997/2436] episode 47504781867405: hp 56->42 | total wins 1772/1997
02:43:18 [1998/2436] episode 47504781868602: hp 75->51 | total wins 1773/1998
02:43:19 [1999/2436] episode 47504781862703: hp 62->13 | total wins 1774/1999
02:43:19 [2000/2436] episode 47504781867606: hp 29->lost | total wins 1774/2000
02:43:19 [2001/2436] episode 47504781860602: hp 59->24 | total wins 1775/2001
02:43:20 [2002/2436] episode 47504781866703: hp 50->10 | total wins 1776/2002
02:43:23 [2003/2436] episode 47504781864803: hp 63->35 | total wins 1777/2003
02:43:23 [2004/2436] episode 47504781870802: hp 70->46 | total wins 1778/2004
02:43:24 [2005/2436] episode 47504781869606: hp 48->43 | total wins 1779/2005
02:43:24 [2006/2436] episode 47504781866604: hp 32->1 | total wins 1780/2006
02:43:25 [2007/2436] episode 47504781870904: hp 67->40 | total wins 1781/2007
02:43:26 [2008/2436] episode 47504781870702: hp 75->42 | total wins 1782/2008
02:43:26 [2009/2436] episode 47504781868906: hp 41->29 | total wins 1783/2009
02:43:27 [2010/2436] episode 47504781871403: hp 75->43 | total wins 1784/2010
02:43:27 episode 47504781873406 skipped: replay diverged from the stored fight: ns": [[1, 2, 0, 2, 2, 1, 1, 1, 1, 0, 0, 0, 0, 0, 2, 1], [0, 2, 1, 0, 4, 1, 0, 0, 3, 0, 1, 1, 0, 0, 0, 0], [0, 3, 3, 5, 1, 6, 3, 1, 0, 9, 2, 1, 3, 2, 0, 1, 1, 1, 1, 2, 1, 2, 2, 0, 1, 0, 0], [1, 0, 0, 2, 1, 0, 1, 0, 1, 1, 1, 1], [1, 0: fight_resample_worker: stored actions don't fit the replayed fight
02:43:27 [2011/2436] episode 47504781866906: hp 63->21 | total wins 1785/2011
02:43:28 [2012/2436] episode 47504781868805: hp 52->32 | total wins 1786/2012
02:43:28 [2013/2436] episode 47504781867704: hp 72->48 | total wins 1787/2013
02:43:30 [2014/2436] episode 47504781867707: hp 75->70 | total wins 1788/2014
02:43:32 [2015/2436] episode 47504781875704: hp 64->45 | total wins 1789/2015
02:43:34 [2016/2436] episode 47504781872903: hp 53->13 | total wins 1790/2016
02:43:36 [2017/2436] episode 47504781876701: hp 75->61 | total wins 1791/2017
02:43:36 [2018/2436] episode 47504781875804: hp 51->35 | total wins 1792/2018
02:43:37 [2019/2436] episode 47504781874803: hp 62->5 | total wins 1793/2019
02:43:37 [2020/2436] episode 47504781869603: hp 31->7 | total wins 1794/2020
02:43:37 [2021/2436] episode 47504781874702: hp 69->45 | total wins 1795/2021
02:43:38 [2022/2436] episode 47504781873704: hp 75->26 | total wins 1796/2022
02:43:41 [2023/2436] episode 47504781879906: hp 36->35 | total wins 1797/2023
02:43:41 [2024/2436] episode 47504781879605: hp 35->25 | total wins 1798/2024
02:43:41 [2025/2436] episode 47504781871903: hp 75->66 | total wins 1799/2025
02:43:42 [2026/2436] episode 47504781874905: hp 42->27 | total wins 1800/2026
02:43:43 [2027/2436] episode 47504781872405: hp 52->28 | total wins 1801/2027
02:43:45 [2028/2436] episode 47504781871404: hp 27->lost | total wins 1801/2028
02:43:46 [2029/2436] episode 47504781882802: hp 69->37 | total wins 1802/2029
02:43:46 episode 47504781883804 skipped: replay diverged from the stored fight: 1, 1, 0, 0, 0, 0, 0, 0, 1, 1], [1, 1, 0, 0, 0, 0, 1], [3], [0, 1, 1, 0, 0, 1, 3, 3, 5]], "random_potions": true, "samples": [{"episode_id": 47504781883804000, "starting_hp": 52}], "teacher": {"leaf": "policy_net", "simulation: fight_resample_worker: replayed fight didn't end after its stored actions
02:43:46 [2030/2436] episode 47504781882903: hp 71->46 | total wins 1803/2030
02:43:47 [2031/2436] episode 47504781883702: hp 70->40 | total wins 1804/2031
02:43:47 [2032/2436] episode 47504781879403: hp 34->4 | total wins 1805/2032
02:43:51 [2033/2436] episode 47504781880806: hp 72->65 | total wins 1806/2033
02:43:52 [2034/2436] episode 47504781880702: hp 42->20 | total wins 1807/2034
02:43:52 episode 47504781886606 skipped: replay diverged from the stored fight: 2, 0, 0, 0, 0, 1, 3, 0, 0, 1, 1], [0, 0, 1, 2, 0, 0, 1, 1, 1], [6, 1, 3, 0], [1, 3, 4, 3, 1, 2, 3, 0, 3, 0, 1, 0, 0, 0, 1, 0, 0, 0, 0, 0, 0, 0, 0, 1, 1, 0, 1], [4, 4, 0, 5, 0, 2], [1, 0, 2, 1, 0, 1, 0, 0, 0, 0, 0, 0]], "rando: fight_resample_worker: replayed fight didn't end after its stored actions
02:43:52 [2035/2436] episode 47504781884605: hp 75->43 | total wins 1808/2035
02:43:53 [2036/2436] episode 47504781881906: hp 71->61 | total wins 1809/2036
02:43:56 [2037/2436] episode 47504781888706: hp 45->16 | total wins 1810/2037
02:43:56 [2038/2436] episode 47504781877802: hp 67->20 | total wins 1811/2038
02:43:56 episode 47504781889903 skipped: replay diverged from the stored fight: ns": [[1, 2, 2, 0, 2, 0, 0, 1, 0, 1, 0, 1, 0], [0, 2, 1, 1, 0, 1, 0], [0, 0, 2, 0, 1, 0, 1, 1, 0, 0, 0, 1, 1, 0]], "random_potions": true, "samples": [{"episode_id": 47504781889903000, "starting_hp": 56}], "teacher": {"leaf": "polic: fight_resample_worker: stored actions don't fit the replayed fight
02:43:57 [2039/2436] episode 47504781877902: hp 62->lost | total wins 1811/2039
02:43:58 [2040/2436] episode 47504781882704: hp 56->20 | total wins 1812/2040
02:43:58 [2041/2436] episode 47504781883906: hp 63->45 | total wins 1813/2041
02:43:58 episode 47504781892604 skipped: replay diverged from the stored fight: 0, 1, 0, 0, 0, 0, 0, 1, 0, 0, 2], [0, 1, 2, 1, 1, 2, 1, 2, 2, 0], [0], [4]], "random_potions": true, "samples": [{"episode_id": 47504781892604000, "starting_hp": 61}], "teacher": {"leaf": "policy_net", "simulations": 20000, ": fight_resample_worker: replayed fight didn't end after its stored actions
02:44:00 [2042/2436] episode 47504781884802: hp 74->24 | total wins 1814/2042
02:44:01 [2043/2436] episode 47504781887805: hp 53->21 | total wins 1815/2043
02:44:02 [2044/2436] episode 47504781886805: hp 52->47 | total wins 1816/2044
02:44:04 [2045/2436] episode 47504781872702: hp 70->lost | total wins 1816/2045
02:44:06 [2046/2436] episode 47504781886404: hp 43->35 | total wins 1817/2046
02:44:06 [2047/2436] episode 47504781892706: hp 62->50 | total wins 1818/2047
02:44:07 [2048/2436] episode 47504781888905: hp 75->67 | total wins 1819/2048
02:44:08 [2049/2436] episode 47504781895805: hp 64->48 | total wins 1820/2049
02:44:09 [2050/2436] episode 47504781885803: hp 59->lost | total wins 1820/2050
02:44:09 [2051/2436] episode 47504781894601: hp 58->32 | total wins 1821/2051
02:44:10 [2052/2436] episode 47504781896603: hp 74->55 | total wins 1822/2052
02:44:11 [2053/2436] episode 47504781892402: hp 56->21 | total wins 1823/2053
02:44:13 [2054/2436] episode 47504781890603: hp 54->25 | total wins 1824/2054
02:44:14 episode 47504781900403 skipped: replay diverged from the stored fight: ns": [[0, 0, 0, 0, 0, 0, 0, 0, 1, 1, 0, 1, 0], [0, 3, 0, 1, 0, 0, 2, 0, 2, 0, 1, 3, 0, 0, 1], [3, 0, 7, 2, 1, 0, 0, 7, 1, 6, 6, 0, 4, 1, 0, 0, 2, 1, 1, 0, 0, 2, 3, 3, 1, 0, 0, 4, 1, 1, 0, 5, 0, 1, 5, 2, 0, 2, 1, 4, 3, 1, 1, 3, 0, 1,: fight_resample_worker: stored actions don't fit the replayed fight
02:44:14 [2055/2436] episode 47504781896704: hp 25->2 | total wins 1825/2055
02:44:14 [2056/2436] episode 47504781898402: hp 19->lost | total wins 1825/2056
02:44:15 [2057/2436] episode 47504781897903: hp 53->37 | total wins 1826/2057
02:44:17 [2058/2436] episode 47504781893402: hp 54->34 | total wins 1827/2058
02:44:19 [2059/2436] episode 47504781895404: hp 75->59 | total wins 1828/2059
02:44:19 [2060/2436] episode 47504781894906: hp 61->36 | total wins 1829/2060
02:44:19 [2061/2436] episode 47504781897403: hp 62->42 | total wins 1830/2061
02:44:19 episode 47504781904705 skipped: replay diverged from the stored fight: 2, 3, 0, 0, 1, 1, 1, 0, 0, 0, 0, 0, 2, 2, 0, 0, 0, 1], [0, 0, 0, 3, 2, 1, 0, 0, 0, 1, 1, 0, 1, 2, 1, 1], [0, 0, 0, 0, 0, 1, 0, 0, 0, 1, 4, 1], [4], [0, 0, 2, 0, 1, 4, 0, 0, 0, 3, 0, 1, 0, 1, 2, 1, 4, 0, 1, 0, 1]], "random_pot: fight_resample_worker: replayed fight didn't end after its stored actions
02:44:20 [2062/2436] episode 47504781900603: hp 62->42 | total wins 1831/2062
02:44:20 episode 47504781905605 skipped: replay diverged from the stored fight: ns": [[1, 1, 0, 0, 1, 0, 0, 0, 1, 0, 0], [0, 1, 0, 2, 2, 1, 0, 3, 0, 1], [3, 3, 3, 1, 6, 6, 3, 1, 2, 0, 1, 2, 0, 0, 1, 0, 1, 1, 1, 3, 3, 0, 0, 0, 0, 0, 0, 0, 0, 0, 0], [4, 0, 0, 0, 1, 0, 0, 0, 1, 1, 0, 1], [0, 0, 0, 1, 1, 0, 1]], "r: fight_resample_worker: stored actions don't fit the replayed fight
02:44:28 [2063/2436] episode 47504781898903: hp 41->14 | total wins 1832/2063
02:44:28 [2064/2436] episode 47504781902604: hp 49->24 | total wins 1833/2064
02:44:28 [2065/2436] episode 47504781902703: hp 61->41 | total wins 1834/2065
02:44:29 [2066/2436] episode 47504781893704: hp 75->lost | total wins 1834/2066
02:44:30 [2067/2436] episode 47504781891805: hp 42->lost | total wins 1834/2067
02:44:30 [2068/2436] episode 47504781902403: hp 40->lost | total wins 1834/2068
02:44:33 [2069/2436] episode 47504781906705: hp 29->5 | total wins 1835/2069
02:44:33 [2070/2436] episode 47504781901803: hp 26->lost | total wins 1835/2070
02:44:34 [2071/2436] episode 47504781907904: hp 64->24 | total wins 1836/2071
02:44:35 [2072/2436] episode 47504781907704: hp 65->27 | total wins 1837/2072
02:44:36 [2073/2436] episode 47504781905904: hp 56->28 | total wins 1838/2073
02:44:38 [2074/2436] episode 47504781904404: hp 56->1 | total wins 1839/2074
02:44:38 [2075/2436] episode 47504781909802: hp 29->5 | total wins 1840/2075
02:44:38 [2076/2436] episode 47504781906706: hp 33->17 | total wins 1841/2076
02:44:40 [2077/2436] episode 47504781910904: hp 62->58 | total wins 1842/2077
02:44:40 [2078/2436] episode 47504781902803: hp 73->21 | total wins 1843/2078
02:44:41 [2079/2436] episode 47504781912902: hp 73->59 | total wins 1844/2079
02:44:42 [2080/2436] episode 47504781905402: hp 54->8 | total wins 1845/2080
02:44:42 [2081/2436] episode 47504781911401: hp 37->lost | total wins 1845/2081
02:44:43 [2082/2436] episode 47504781914805: hp 9->lost | total wins 1845/2082
02:44:45 [2083/2436] episode 47504781912803: hp 75->25 | total wins 1846/2083
02:44:46 [2084/2436] episode 47504781919602: hp 52->22 | total wins 1847/2084
02:44:47 [2085/2436] episode 47504781915806: hp 63->36 | total wins 1848/2085
02:44:47 episode 47504781921604 skipped: replay diverged from the stored fight: ns": [[1, 1, 1, 0, 2, 0, 0, 1, 1], [0, 0, 2, 0, 0, 0, 1, 2], [3, 0, 0, 1, 0, 3, 0, 0, 9, 0, 9, 0, 0, 0, 2, 0, 2, 1, 0, 3, 1, 0, 1, 2, 1, 0, 1, 1, 0, 0, 1, 0, 0, 0, 0], [0, 2, 1, 1, 0, 0, 0, 1, 5, 4]], "random_potions": true, "sample: fight_resample_worker: stored actions don't fit the replayed fight
02:44:47 [2086/2436] episode 47504781918704: hp 75->61 | total wins 1849/2086
02:44:47 [2087/2436] episode 47504781911602: hp 64->8 | total wins 1850/2087
02:44:48 [2088/2436] episode 47504781922402: hp 47->36 | total wins 1851/2088
02:44:49 [2089/2436] episode 47504781911603: hp 45->lost | total wins 1851/2089
02:44:49 [2090/2436] episode 47504781912401: hp 59->44 | total wins 1852/2090
02:44:49 [2091/2436] episode 47504781905903: hp 75->35 | total wins 1853/2091
02:44:50 [2092/2436] episode 47504781906605: hp 44->9 | total wins 1854/2092
02:44:50 [2093/2436] episode 47504781918605: hp 37->27 | total wins 1855/2093
02:44:51 [2094/2436] episode 47504781923804: hp 67->39 | total wins 1856/2094
02:44:52 [2095/2436] episode 47504781924803: hp 64->24 | total wins 1857/2095
02:44:52 episode 47504781925703 skipped: replay diverged from the stored fight: episode 47504781925703: replayed start differs from the stored fight on ['starting_max_hp']
02:44:54 [2096/2436] episode 47504781926904: hp 32->18 | total wins 1858/2096
02:44:55 [2097/2436] episode 47504781920603: hp 63->37 | total wins 1859/2097
02:44:59 [2098/2436] episode 47504781926804: hp 2->lost | total wins 1859/2098
02:45:00 [2099/2436] episode 47504781914804: hp 65->46 | total wins 1860/2099
02:45:00 [2100/2436] episode 47504781929704: hp 33->33 | total wins 1861/2100
02:45:02 [2101/2436] episode 47504781923402: hp 43->8 | total wins 1862/2101
02:45:03 [2102/2436] episode 47504781922807: hp 42->34 | total wins 1863/2102
02:45:04 [2103/2436] episode 47504781925805: hp 75->65 | total wins 1864/2103
02:45:05 [2104/2436] episode 47504781921602: hp 61->6 | total wins 1865/2104
02:45:06 [2105/2436] episode 47504781921903: hp 75->60 | total wins 1866/2105
02:45:07 [2106/2436] episode 47504781931603: hp 75->56 | total wins 1867/2106
02:45:08 [2107/2436] episode 47504781930703: hp 48->31 | total wins 1868/2107
02:45:10 [2108/2436] episode 47504781927704: hp 72->57 | total wins 1869/2108
02:45:11 [2109/2436] episode 47504781932902: hp 75->36 | total wins 1870/2109
02:45:12 [2110/2436] episode 47504781926406: hp 64->46 | total wins 1871/2110
02:45:15 [2111/2436] episode 47504781932703: hp 62->28 | total wins 1872/2111
02:45:15 episode 47504781936903 skipped: replay diverged from the stored fight: ns": [[2, 3, 0, 0, 2, 0, 1, 0, 1, 1, 1, 0, 0, 0], [3, 1, 0, 0, 1, 1, 1, 0, 0, 2, 2, 0, 1, 1, 1], [1, 1, 2, 0, 0, 0, 1, 2, 2, 2, 1, 2]], "random_potions": true, "samples": [{"episode_id": 47504781936903000, "starting_hp": 47}], "teac: fight_resample_worker: stored actions don't fit the replayed fight
02:45:15 [2112/2436] episode 47504781932605: hp 37->lost | total wins 1872/2112
02:45:16 [2113/2436] episode 47504781933802: hp 28->lost | total wins 1872/2113
02:45:17 [2114/2436] episode 47504781929404: hp 57->24 | total wins 1873/2114
02:45:17 [2115/2436] episode 47504781932804: hp 25->lost | total wins 1873/2115
02:45:18 [2116/2436] episode 47504781933605: hp 52->47 | total wins 1874/2116
02:45:20 [2117/2436] episode 47504781938802: hp 60->28 | total wins 1875/2117
02:45:20 [2118/2436] episode 47504781931407: hp 52->36 | total wins 1876/2118
02:45:20 [2119/2436] episode 47504781938604: hp 48->32 | total wins 1877/2119
02:45:21 [2120/2436] episode 47504781935703: hp 50->25 | total wins 1878/2120
02:45:22 [2121/2436] episode 47504781941903: hp 51->19 | total wins 1879/2121
02:45:24 [2122/2436] episode 47504781930804: hp 22->7 | total wins 1880/2122
02:45:24 [2123/2436] episode 47504781939705: hp 75->55 | total wins 1881/2123
02:45:25 [2124/2436] episode 47504781938903: hp 68->43 | total wins 1882/2124
02:45:25 [2125/2436] episode 47504781941703: hp 31->lost | total wins 1882/2125
02:45:25 [2126/2436] episode 47504781941902: hp 75->63 | total wins 1883/2126
02:45:28 [2127/2436] episode 47504781945403: hp 52->27 | total wins 1884/2127
02:45:28 [2128/2436] episode 47504781942602: hp 65->34 | total wins 1885/2128
02:45:28 [2129/2436] episode 47504781937803: hp 75->44 | total wins 1886/2129
02:45:30 [2130/2436] episode 47504781945802: hp 61->26 | total wins 1887/2130
02:45:30 episode 47504781946707 skipped: replay diverged from the stored fight: 3, 2, 2, 1, 0, 0, 0, 0, 0, 0, 0, 2, 3], [0, 2, 1, 1, 0, 9, 2, 2, 2, 0], [7, 1, 2, 0, 0, 1], [0, 4, 3, 1, 0, 2, 3, 0, 2, 0, 1, 1], [2, 1, 1, 1, 4, 0, 0, 1, 0, 4, 4, 1, 0, 6, 1, 1, 0, 3, 1, 1, 1, 2, 0], [1, 1, 2, 0, 1, 0, 2, 2,: fight_resample_worker: replayed fight didn't end after its stored actions
02:45:33 [2131/2436] episode 47504781945703: hp 60->44 | total wins 1888/2131
02:45:33 [2132/2436] episode 47504781943904: hp 51->39 | total wins 1889/2132
02:45:33 [2133/2436] episode 47504781933704: hp 75->63 | total wins 1890/2133
02:45:35 [2134/2436] episode 47504781941804: hp 53->42 | total wins 1891/2134
02:45:36 [2135/2436] episode 47504781936406: hp 73->62 | total wins 1892/2135
02:45:36 [2136/2436] episode 47504781946903: hp 69->33 | total wins 1893/2136
02:45:42 [2137/2436] episode 47504781945904: hp 46->29 | total wins 1894/2137
02:45:43 [2138/2436] episode 47504781948903: hp 44->24 | total wins 1895/2138
02:45:44 [2139/2436] episode 47504781948402: hp 37->lost | total wins 1895/2139
02:45:45 [2140/2436] episode 47504781947602: hp 43->13 | total wins 1896/2140
02:45:46 [2141/2436] episode 47504781943804: hp 75->35 | total wins 1897/2141
02:45:47 [2142/2436] episode 47504781943401: hp 75->20 | total wins 1898/2142
02:45:47 [2143/2436] episode 47504781950804: hp 75->55 | total wins 1899/2143
02:45:48 [2144/2436] episode 47504781951803: hp 75->47 | total wins 1900/2144
02:45:48 [2145/2436] episode 47504781951904: hp 48->35 | total wins 1901/2145
02:45:49 [2146/2436] episode 47504781947803: hp 60->17 | total wins 1902/2146
02:45:50 [2147/2436] episode 47504781940402: hp 75->28 | total wins 1903/2147
02:45:53 [2148/2436] episode 47504781948602: hp 61->16 | total wins 1904/2148
02:45:53 [2149/2436] episode 47504781953902: hp 62->35 | total wins 1905/2149
02:45:53 [2150/2436] episode 47504781950603: hp 40->29 | total wins 1906/2150
02:45:53 [2151/2436] episode 47504781948803: hp 59->43 | total wins 1907/2151
02:45:54 [2152/2436] episode 47504781941904: hp 29->6 | total wins 1908/2152
02:45:55 [2153/2436] episode 47504781950702: hp 66->41 | total wins 1909/2153
02:45:57 [2154/2436] episode 47504781951903: hp 75->41 | total wins 1910/2154
02:45:58 [2155/2436] episode 47504781957603: hp 75->47 | total wins 1911/2155
02:45:59 [2156/2436] episode 47504781952905: hp 75->60 | total wins 1912/2156
02:46:00 [2157/2436] episode 47504781959804: hp 30->30 | total wins 1913/2157
02:46:00 [2158/2436] episode 47504781955704: hp 17->lost | total wins 1913/2158
02:46:01 [2159/2436] episode 47504781960406: hp 58->58 | total wins 1914/2159
02:46:02 [2160/2436] episode 47504781952707: hp 64->50 | total wins 1915/2160
02:46:02 [2161/2436] episode 47504781951906: hp 59->42 | total wins 1916/2161
02:46:02 [2162/2436] episode 47504781961604: hp 34->18 | total wins 1917/2162
02:46:03 [2163/2436] episode 47504781954602: hp 67->42 | total wins 1918/2163
02:46:03 [2164/2436] episode 47504781960604: hp 82->66 | total wins 1919/2164
02:46:03 [2165/2436] episode 47504781958603: hp 61->40 | total wins 1920/2165
02:46:04 [2166/2436] episode 47504781960402: hp 56->41 | total wins 1921/2166
02:46:05 [2167/2436] episode 47504781959605: hp 41->1 | total wins 1922/2167
02:46:05 [2168/2436] episode 47504781963706: hp 64->51 | total wins 1923/2168
02:46:07 [2169/2436] episode 47504781959604: hp 69->30 | total wins 1924/2169
02:46:08 [2170/2436] episode 47504781963704: hp 75->75 | total wins 1925/2170
02:46:08 [2171/2436] episode 47504781963906: hp 64->48 | total wins 1926/2171
02:46:08 [2172/2436] episode 47504781963602: hp 42->32 | total wins 1927/2172
02:46:10 [2173/2436] episode 47504781965905: hp 51->35 | total wins 1928/2173
02:46:10 [2174/2436] episode 47504781957903: hp 75->50 | total wins 1929/2174
02:46:10 episode 47504781968903 skipped: replay diverged from the stored fight: ns": [[2, 1, 0, 1, 2, 2, 1, 0, 3, 3, 0, 0, 1], [1, 0, 2, 4, 0, 0, 0, 0, 1, 0, 3, 1, 1, 0, 0, 3, 1, 1, 0], [1, 2, 0, 2, 0, 0, 0, 0, 0, 0, 0, 1]], "random_potions": true, "samples": [{"episode_id": 47504781968903000, "starting_hp": 43: fight_resample_worker: stored actions don't fit the replayed fight
02:46:13 [2175/2436] episode 47504781961903: hp 59->36 | total wins 1930/2175
02:46:15 [2176/2436] episode 47504781970702: hp 62->38 | total wins 1931/2176
02:46:16 [2177/2436] episode 47504781965604: hp 59->34 | total wins 1932/2177
02:46:16 [2178/2436] episode 47504781965806: hp 37->34 | total wins 1933/2178
02:46:18 [2179/2436] episode 47504781952607: hp 49->30 | total wins 1934/2179
02:46:24 [2180/2436] episode 47504781970802: hp 58->28 | total wins 1935/2180
02:46:25 [2181/2436] episode 47504781961804: hp 60->10 | total wins 1936/2181
02:46:25 [2182/2436] episode 47504781963601: hp 52->23 | total wins 1937/2182
02:46:26 [2183/2436] episode 47504781970903: hp 51->14 | total wins 1938/2183
02:46:26 [2184/2436] episode 47504781974706: hp 42->42 | total wins 1939/2184
02:46:27 [2185/2436] episode 47504781969605: hp 34->20 | total wins 1940/2185
02:46:27 [2186/2436] episode 47504781965804: hp 75->35 | total wins 1941/2186
02:46:28 [2187/2436] episode 47504781964705: hp 57->47 | total wins 1942/2187
02:46:30 [2188/2436] episode 47504781976903: hp 53->28 | total wins 1943/2188
02:46:30 [2189/2436] episode 47504781972602: hp 71->34 | total wins 1944/2189
02:46:30 episode 47504781979604 skipped: replay diverged from the stored fight: ns": [[2, 1, 1, 0, 1, 1, 0, 0, 1, 1, 0, 0, 0, 0, 0, 2, 0, 0, 1, 1], [3, 0, 1, 1, 0, 1, 0, 0, 3, 3, 1, 0, 0, 0, 0, 3, 0, 0, 0, 0, 0, 0, 0, 0, 0, 0, 2, 1, 0, 0, 0, 0, 1, 0, 0, 1, 0], [0, 1, 0, 2, 3, 0, 1, 3, 0], [9, 3, 1]], "random_po: fight_resample_worker: stored actions don't fit the replayed fight
02:46:30 [2190/2436] episode 47504781971802: hp 75->45 | total wins 1945/2190
02:46:32 [2191/2436] episode 47504781968604: hp 75->51 | total wins 1946/2191
02:46:32 [2192/2436] episode 47504781974904: hp 45->16 | total wins 1947/2192
02:46:33 [2193/2436] episode 47504781968402: hp 52->33 | total wins 1948/2193
02:46:35 [2194/2436] episode 47504781979802: hp 75->39 | total wins 1949/2194
02:46:38 [2195/2436] episode 47504781977802: hp 72->62 | total wins 1950/2195
02:46:39 [2196/2436] episode 47504781982405: hp 57->32 | total wins 1951/2196
02:46:39 [2197/2436] episode 47504781976602: hp 75->10 | total wins 1952/2197
02:46:41 [2198/2436] episode 47504781974803: hp 75->66 | total wins 1953/2198
02:46:43 [2199/2436] episode 47504781977403: hp 65->50 | total wins 1954/2199
02:46:43 [2200/2436] episode 47504781979903: hp 29->lost | total wins 1954/2200
02:46:44 [2201/2436] episode 47504781981901: hp 63->28 | total wins 1955/2201
02:46:45 [2202/2436] episode 47504781980404: hp 54->34 | total wins 1956/2202
02:46:46 [2203/2436] episode 47504781979902: hp 40->10 | total wins 1957/2203
02:46:47 [2204/2436] episode 47504781976406: hp 61->48 | total wins 1958/2204
02:46:47 [2205/2436] episode 47504781982602: hp 29->lost | total wins 1958/2205
02:46:48 [2206/2436] episode 47504781987904: hp 63->47 | total wins 1959/2206
02:46:50 [2207/2436] episode 47504781985902: hp 65->42 | total wins 1960/2207
02:46:51 [2208/2436] episode 47504781982703: hp 72->35 | total wins 1961/2208
02:46:51 [2209/2436] episode 47504781976804: hp 64->50 | total wins 1962/2209
02:46:51 [2210/2436] episode 47504781983405: hp 28->22 | total wins 1963/2210
02:46:53 [2211/2436] episode 47504781984603: hp 72->42 | total wins 1964/2211
02:46:53 [2212/2436] episode 47504781985805: hp 60->45 | total wins 1965/2212
02:46:53 [2213/2436] episode 47504781987603: hp 48->19 | total wins 1966/2213
02:46:54 [2214/2436] episode 47504781983703: hp 63->61 | total wins 1967/2214
02:46:57 [2215/2436] episode 47504781989604: hp 73->68 | total wins 1968/2215
02:46:58 [2216/2436] episode 47504781989905: hp 49->37 | total wins 1969/2216
02:46:58 [2217/2436] episode 47504781987802: hp 40->lost | total wins 1969/2217
02:46:59 [2218/2436] episode 47504781988702: hp 69->57 | total wins 1970/2218
02:47:02 [2219/2436] episode 47504781988905: hp 70->56 | total wins 1971/2219
02:47:02 [2220/2436] episode 47504781989405: hp 53->7 | total wins 1972/2220
02:47:05 [2221/2436] episode 47504781992404: hp 57->21 | total wins 1973/2221
02:47:05 [2222/2436] episode 47504781990404: hp 60->12 | total wins 1974/2222
02:47:06 [2223/2436] episode 47504781993406: hp 70->10 | total wins 1975/2223
02:47:06 [2224/2436] episode 47504781990904: hp 75->24 | total wins 1976/2224
02:47:08 [2225/2436] episode 47504781983803: hp 71->36 | total wins 1977/2225
02:47:09 [2226/2436] episode 47504781995403: hp 35->8 | total wins 1978/2226
02:47:09 episode 47504781997407 skipped: replay diverged from the stored fight: 1, 0, 0, 0, 0, 0, 0, 0, 1, 1, 0, 1], [8], [2, 0, 0, 1, 0, 2, 0, 1, 1, 1, 0, 2, 0], [4, 8, 0, 0, 3, 0, 0, 0, 2, 0, 1, 0, 2, 0, 4, 0, 2, 0, 2, 0, 2, 0, 0, 1, 0, 0, 1, 0, 0], [5, 1, 2, 1, 0, 1, 4, 0, 0, 0, 0, 2, 0, 0, 0, 0, 1, 0: fight_resample_worker: replayed fight didn't end after its stored actions
02:47:09 [2227/2436] episode 47504781996402: hp 75->61 | total wins 1979/2227
02:47:11 [2228/2436] episode 47504781994801: hp 41->1 | total wins 1980/2228
02:47:11 [2229/2436] episode 47504781989406: hp 65->58 | total wins 1981/2229
02:47:11 [2230/2436] episode 47504781992902: hp 69->12 | total wins 1982/2230
02:47:12 [2231/2436] episode 47504781996702: hp 46->6 | total wins 1983/2231
02:47:12 [2232/2436] episode 47504781998402: hp 63->41 | total wins 1984/2232
02:47:17 [2233/2436] episode 47504781992703: hp 52->12 | total wins 1985/2233
02:47:20 [2234/2436] episode 47504781991804: hp 59->14 | total wins 1986/2234
02:47:22 [2235/2436] episode 47504781995605: hp 29->1 | total wins 1987/2235
02:47:23 [2236/2436] episode 47504781998604: hp 34->lost | total wins 1987/2236
02:47:28 [2237/2436] episode 47504781996404: hp 54->lost | total wins 1987/2237
02:47:28 [2238/2436] episode 47504781999603: hp 63->33 | total wins 1988/2238
02:47:29 [2239/2436] episode 47504782000804: hp 73->43 | total wins 1989/2239
02:47:29 [2240/2436] episode 47504782001903: hp 65->46 | total wins 1990/2240
02:47:29 [2241/2436] episode 47504781998904: hp 28->lost | total wins 1990/2241
02:47:29 [2242/2436] episode 47504782000703: hp 45->lost | total wins 1990/2242
02:47:30 [2243/2436] episode 47504782002407: hp 11->lost | total wins 1990/2243
02:47:31 [2244/2436] episode 47504782003403: hp 1->lost | total wins 1990/2244
02:47:31 [2245/2436] episode 47504781995803: hp 51->lost | total wins 1990/2245
02:47:31 [2246/2436] episode 47504782003803: hp 57->41 | total wins 1991/2246
02:47:32 [2247/2436] episode 47504781999405: hp 49->42 | total wins 1992/2247
02:47:33 [2248/2436] episode 47504782002602: hp 44->23 | total wins 1993/2248
02:47:34 [2249/2436] episode 47504781998602: hp 67->18 | total wins 1994/2249
02:47:35 [2250/2436] episode 47504782006605: hp 57->40 | total wins 1995/2250
02:47:35 [2251/2436] episode 47504782005605: hp 71->46 | total wins 1996/2251
02:47:36 [2252/2436] episode 47504782002703: hp 63->50 | total wins 1997/2252
02:47:36 [2253/2436] episode 47504782006405: hp 30->20 | total wins 1998/2253
02:47:36 [2254/2436] episode 47504782008701: hp 43->16 | total wins 1999/2254
02:47:36 episode 47504782009905 skipped: replay diverged from the stored fight: ns": [[1, 0, 0, 0, 1, 2, 1, 1, 1, 0, 0, 1], [0, 0, 0, 1, 1, 0, 0, 0], [1, 4, 0, 2, 0, 1, 1, 0, 0, 1, 1, 1, 3, 1, 1, 2, 1, 0, 0, 0, 1, 0, 2, 0, 0, 0], [0, 5, 2, 0, 0, 0, 1, 0, 0, 0, 1, 1], [2, 3, 1, 0, 2, 2, 2, 1, 0, 0, 2]], "random_: fight_resample_worker: stored actions don't fit the replayed fight
02:47:37 [2255/2436] episode 47504782008406: hp 69->48 | total wins 2000/2255
02:47:41 [2256/2436] episode 47504781998802: hp 44->lost | total wins 2000/2256
02:47:41 [2257/2436] episode 47504782006604: hp 75->72 | total wins 2001/2257
02:47:41 [2258/2436] episode 47504782007902: hp 69->49 | total wins 2002/2258
02:47:42 [2259/2436] episode 47504782004604: hp 75->40 | total wins 2003/2259
02:47:42 [2260/2436] episode 47504782010404: hp 27->lost | total wins 2003/2260
02:47:43 [2261/2436] episode 47504782011903: hp 73->57 | total wins 2004/2261
02:47:45 [2262/2436] episode 47504782005803: hp 73->42 | total wins 2005/2262
02:47:45 [2263/2436] episode 47504782009806: hp 9->lost | total wins 2005/2263
02:47:46 [2264/2436] episode 47504782007601: hp 61->48 | total wins 2006/2264
02:47:50 [2265/2436] episode 47504782009902: hp 75->38 | total wins 2007/2265
02:47:50 [2266/2436] episode 47504782012605: hp 47->47 | total wins 2008/2266
02:47:50 [2267/2436] episode 47504782013602: hp 49->lost | total wins 2008/2267
02:47:51 [2268/2436] episode 47504782013905: hp 45->45 | total wins 2009/2268
02:47:52 [2269/2436] episode 47504782010403: hp 54->15 | total wins 2010/2269
02:47:54 [2270/2436] episode 47504782014401: hp 57->33 | total wins 2011/2270
02:47:55 [2271/2436] episode 47504782016404: hp 74->42 | total wins 2012/2271
02:47:56 [2272/2436] episode 47504782012804: hp 75->54 | total wins 2013/2272
02:47:58 [2273/2436] episode 47504782005903: hp 50->15 | total wins 2014/2273
02:47:59 [2274/2436] episode 47504782013803: hp 53->21 | total wins 2015/2274
02:48:00 [2275/2436] episode 47504782011905: hp 37->8 | total wins 2016/2275
02:48:00 [2276/2436] episode 47504782015802: hp 55->31 | total wins 2017/2276
02:48:02 [2277/2436] episode 47504782016902: hp 24->lost | total wins 2017/2277
02:48:02 [2278/2436] episode 47504782013903: hp 38->3 | total wins 2018/2278
02:48:04 [2279/2436] episode 47504782016805: hp 33->13 | total wins 2019/2279
02:48:05 [2280/2436] episode 47504782018605: hp 57->35 | total wins 2020/2280
02:48:06 [2281/2436] episode 47504782018604: hp 60->33 | total wins 2021/2281
02:48:06 [2282/2436] episode 47504782018803: hp 50->25 | total wins 2022/2282
02:48:07 [2283/2436] episode 47504782016603: hp 69->58 | total wins 2023/2283
02:48:07 [2284/2436] episode 47504782018703: hp 68->38 | total wins 2024/2284
02:48:07 [2285/2436] episode 47504782018706: hp 29->6 | total wins 2025/2285
02:48:08 [2286/2436] episode 47504782021807: hp 1->lost | total wins 2025/2286
02:48:10 [2287/2436] episode 47504782020703: hp 71->32 | total wins 2026/2287
02:48:10 [2288/2436] episode 47504782019904: hp 9->lost | total wins 2026/2288
02:48:13 [2289/2436] episode 47504782018903: hp 51->19 | total wins 2027/2289
02:48:15 [2290/2436] episode 47504782018402: hp 57->lost | total wins 2027/2290
02:48:15 [2291/2436] episode 47504782019704: hp 55->40 | total wins 2028/2291
02:48:17 [2292/2436] episode 47504782023605: hp 26->lost | total wins 2028/2292
02:48:18 [2293/2436] episode 47504782025406: hp 62->60 | total wins 2029/2293
02:48:20 [2294/2436] episode 47504782020802: hp 55->lost | total wins 2029/2294
02:48:20 [2295/2436] episode 47504782020404: hp 65->53 | total wins 2030/2295
02:48:21 [2296/2436] episode 47504782021903: hp 51->22 | total wins 2031/2296
02:48:22 [2297/2436] episode 47504782025705: hp 80->65 | total wins 2032/2297
02:48:24 [2298/2436] episode 47504782025606: hp 70->54 | total wins 2033/2298
02:48:26 [2299/2436] episode 47504782024903: hp 73->38 | total wins 2034/2299
02:48:26 [2300/2436] episode 47504782010703: hp 60->22 | total wins 2035/2300
02:48:26 [2301/2436] episode 47504782028403: hp 68->52 | total wins 2036/2301
02:48:27 [2302/2436] episode 47504782027903: hp 77->61 | total wins 2037/2302
02:48:28 [2303/2436] episode 47504782030403: hp 75->53 | total wins 2038/2303
02:48:30 [2304/2436] episode 47504782015602: hp 70->lost | total wins 2038/2304
02:48:32 [2305/2436] episode 47504782031404: hp 75->53 | total wins 2039/2305
02:48:32 [2306/2436] episode 47504782022903: hp 58->21 | total wins 2040/2306
02:48:33 [2307/2436] episode 47504782028405: hp 54->36 | total wins 2041/2307
02:48:33 [2308/2436] episode 47504782021602: hp 59->24 | total wins 2042/2308
02:48:33 [2309/2436] episode 47504782032403: hp 20->lost | total wins 2042/2309
02:48:35 [2310/2436] episode 47504782031904: hp 62->39 | total wins 2043/2310
02:48:35 episode 47504782035905 skipped: replay diverged from the stored fight: 2, 1, 0, 0, 0, 0, 0, 0, 0, 1, 3, 1, 0, 0, 1, 1, 0, 0, 0, 1], [2, 1, 1, 0, 4, 3, 0, 0, 0, 0, 1, 2], [7, 0, 2, 2, 2, 2, 0, 6, 3, 0, 0, 1, 0, 0, 0, 0, 0, 0, 1, 0, 0, 0, 0], [0, 1, 0, 1, 0, 1, 1, 2], [3, 0, 3, 1, 0, 1, 0]], "rand: fight_resample_worker: replayed fight didn't end after its stored actions
02:48:35 [2311/2436] episode 47504782035606: hp 35->2 | total wins 2044/2311
02:48:37 [2312/2436] episode 47504782032903: hp 58->33 | total wins 2045/2312
02:48:39 [2313/2436] episode 47504782032804: hp 32->20 | total wins 2046/2313
02:48:40 [2314/2436] episode 47504782037905: hp 39->20 | total wins 2047/2314
02:48:40 [2315/2436] episode 47504782030803: hp 75->55 | total wins 2048/2315
02:48:42 [2316/2436] episode 47504782038402: hp 26->12 | total wins 2049/2316
02:48:43 [2317/2436] episode 47504782037704: hp 53->13 | total wins 2050/2317
02:48:43 [2318/2436] episode 47504782039604: hp 17->lost | total wins 2050/2318
02:48:44 [2319/2436] episode 47504782035902: hp 35->lost | total wins 2050/2319
02:48:46 [2320/2436] episode 47504782041803: hp 58->17 | total wins 2051/2320
02:48:47 [2321/2436] episode 47504782033902: hp 66->62 | total wins 2052/2321
02:48:47 [2322/2436] episode 47504782027804: hp 43->4 | total wins 2053/2322
02:48:48 [2323/2436] episode 47504782035604: hp 68->38 | total wins 2054/2323
02:48:50 [2324/2436] episode 47504782040602: hp 37->2 | total wins 2055/2324
02:48:50 [2325/2436] episode 47504782036904: hp 50->20 | total wins 2056/2325
02:48:50 [2326/2436] episode 47504782041404: hp 45->36 | total wins 2057/2326
02:48:52 [2327/2436] episode 47504782044404: hp 75->40 | total wins 2058/2327
02:48:53 [2328/2436] episode 47504782039902: hp 50->23 | total wins 2059/2328
02:48:55 [2329/2436] episode 47504782028803: hp 51->lost | total wins 2059/2329
02:48:56 [2330/2436] episode 47504782045405: hp 51->35 | total wins 2060/2330
02:48:58 [2331/2436] episode 47504782030905: hp 51->36 | total wins 2061/2331
02:49:04 [2332/2436] episode 47504782043403: hp 51->26 | total wins 2062/2332
02:49:04 [2333/2436] episode 47504782046603: hp 57->17 | total wins 2063/2333
02:49:05 [2334/2436] episode 47504782041402: hp 67->lost | total wins 2063/2334
02:49:05 [2335/2436] episode 47504782042603: hp 75->28 | total wins 2064/2335
02:49:05 done in 38.0 min: {'schema': 'combat_v3', 'query': "select * from combat_v3\nwhere id = 'act1-all-bosses-a20-scaled-search' and source_episode_id is null and category = 'elite'\n  and run_seed % 10 in (4,6,7,8,9)\n  and episode_id in (\n    select episode_id from (\n      select episode_id, row_number() over (partition by encounter order by hash(episode_id)) k\n      from (select distinct episode_id, encounter from combat_v3\n            where id = 'act1-all-bosses-a20-scaled-search' and source_episode_id is null and category = 'elite'\n              and run_seed % 10 in (4,6,7,8,9)))\n    where k > 1700)\n", 'sources': ['combat_v3/2026-09-26/act1-all-bosses-a20-scaled-search'], 'value_run': 'value_net_v1/2026-09-27/elite-v3-t2', 'teacher': {'batch': 64, 'c_puct': 1.0, 'child_min_visits': 50, 'early_stop': True, 'forced_simulations': 500, 'fpu_reduction': 0.05, 'leaf': 'policy_net', 'max_actions': 512, 'objective': 'won * (35 + hp + 4 * potions) / (56 + root max hp)', 'oracle': False, 'particles': 8, 'prior_floor': 0.03, 'random_move': False, 'random_window': 24, 'simulations': 20000}, 'worker_sha256': '3142e8a1594d4e7132b1afb7f376f0e8b2fd3ab18084d757031e2f07f2c92e81', 'samples': 1, 'hp_sd': 10.0, 'random_potions': True, 'source_fights': 2436, 'fights': 2335, 'wins': 2064, 'mean_terminal_value': 0.4597744240174159, 'seconds_per_fight': 10.68054344588781, 'skipped_diverged': 101, 'skipped_episodes': [47504780860704, 47504780860706, 47504780868706, 47504780875904, 47504780878903, 47504780892905, 47504780918604, 47504780919405, 47504780931607, 47504780937903, 47504780954805, 47504780974606, 47504780981604, 47504780989604, 47504780999405, 47504781006803, 47504781022405, 47504781032906, 47504781070604, 47504781076404, 47504781093904, 47504781111705, 47504781117804, 47504781117808, 47504781120904, 47504781125704, 47504781149702, 47504781151403, 47504781180603, 47504781195705, 47504781195804, 47504781205804, 47504781227605, 47504781227806, 47504781227903, 47504781246905, 47504781257807, 47504781267405, 47504781269803, 47504781269904, 47504781317904, 47504781324604, 47504781328606, 47504781372604, 47504781375404, 47504781386905, 47504781391805, 47504781452803, 47504781458807, 47504781458903, 47504781466604, 47504781475404, 47504781482404, 47504781498404, 47504781506404, 47504781508902, 47504781547404, 47504781551403, 47504781561804, 47504781592604, 47504781593403, 47504781593406, 47504781605605, 47504781618704, 47504781623604, 47504781631403, 47504781659804, 47504781664806, 47504781672905, 47504781672906, 47504781677405, 47504781688806, 47504781689903, 47504781692905, 47504781693804, 47504781742806, 47504781779905, 47504781796606, 47504781823603, 47504781829405, 47504781832705, 47504781845604, 47504781847605, 47504781866404, 47504781873406, 47504781883804, 47504781886606, 47504781889903, 47504781892604, 47504781900403, 47504781904705, 47504781905605, 47504781921604, 47504781925703, 47504781936903, 47504781946707, 47504781968903, 47504781979604, 47504781997407, 47504782009905, 47504782035905]}
run: done (exit 0) /home/sborowsk/project/sts_combat_rl/runs/schema=combat_v3/date=2026-09-28/id=elite-v3-selfplay
SP_EXIT=0
