run: /home/sborowsk/project/sts_combat_rl/runs/schema=combat_v3/date=2026-09-27/id=ab-selfplay-gen1-rest
log: /home/sborowsk/project/sts_combat_rl/runs/schema=combat_v3/date=2026-09-27/id=ab-selfplay-gen1-rest/logs/stdout.log (stderr: /home/sborowsk/project/sts_combat_rl/runs/schema=combat_v3/date=2026-09-27/id=ab-selfplay-gen1-rest/logs/stderr.log)
01:43:41 4348 source fights x 1 samples, hp_sd 10, random_potions False, teacher value_net /home/sborowsk/project/sts_combat_rl/runs/schema=combat_v3/date=2026-09-27/id=ab-selfplay-gen1-rest/out/value_weights.bin, 10 workers -> /home/sborowsk/project/sts_combat_rl/runs/schema=combat_v3/date=2026-09-27/id=ab-selfplay-gen1-rest/out
01:43:42 [1/4348] episode 47504780835404: hp 37->24 | total wins 1/1
01:43:42 [2/4348] episode 47504780837401: hp 71->68 | total wins 2/2
01:43:42 [3/4348] episode 47504780835405: hp 24->11 | total wins 3/3
01:43:42 [4/4348] episode 47504780836400: hp 75->63 | total wins 4/4
01:43:43 [5/4348] episode 47504780835406: hp 42->38 | total wins 5/5
01:43:44 [6/4348] episode 47504780835402: hp 64->74 | total wins 6/6
01:43:44 [7/4348] episode 47504780838404: hp 67->67 | total wins 7/7
01:43:44 [8/4348] episode 47504780837404: hp 42->38 | total wins 8/8
01:43:44 [9/4348] episode 47504780836402: hp 47->25 | total wins 9/9
01:43:44 [10/4348] episode 47504780839402: hp 38->38 | total wins 10/10
01:43:45 [11/4348] episode 47504780840401: hp 75->75 | total wins 11/11
01:43:45 [12/4348] episode 47504780837405: hp 47->43 | total wins 12/12
01:43:46 [13/4348] episode 47504780840400: hp 73->66 | total wins 13/13
01:43:47 [14/4348] episode 47504780838405: hp 35->35 | total wins 14/14
01:43:47 [15/4348] episode 47504780839404: hp 69->70 | total wins 15/15
01:43:47 [16/4348] episode 47504780839405: hp 76->70 | total wins 16/16
01:43:47 [17/4348] episode 47504780841400: hp 72->70 | total wins 17/17
01:43:47 [18/4348] episode 47504780840403: hp 44->32 | total wins 18/18
01:43:48 [19/4348] episode 47504780841402: hp 39->34 | total wins 19/19
01:43:48 [20/4348] episode 47504780843403: hp 64->48 | total wins 20/20
01:43:49 [21/4348] episode 47504780835403: hp 75->40 | total wins 21/21
01:43:49 [22/4348] episode 47504780843400: hp 75->68 | total wins 22/22
01:43:50 [23/4348] episode 47504780843405: hp 44->32 | total wins 23/23
01:43:50 [24/4348] episode 47504780841404: hp 46->45 | total wins 24/24
01:43:50 [25/4348] episode 47504780840405: hp 48->36 | total wins 25/25
01:43:50 [26/4348] episode 47504780843406: hp 30->30 | total wins 26/26
01:43:50 [27/4348] episode 47504780842402: hp 63->35 | total wins 27/27
01:43:51 [28/4348] episode 47504780840404: hp 55->40 | total wins 28/28
01:43:51 [29/4348] episode 47504780843404: hp 44->29 | total wins 29/29
01:43:52 [30/4348] episode 47504780845401: hp 14->12 | total wins 30/30
01:43:52 [31/4348] episode 47504780844406: hp 17->5 | total wins 31/31
01:43:52 [32/4348] episode 47504780842405: hp 47->7 | total wins 32/32
01:43:53 [33/4348] episode 47504780845400: hp 75->61 | total wins 33/33
01:43:53 [34/4348] episode 47504780845402: hp 38->2 | total wins 34/34
01:43:54 [35/4348] episode 47504780837403: hp 75->lost | total wins 34/35
01:43:54 [36/4348] episode 47504780846405: hp 31->31 | total wins 35/36
01:43:54 [37/4348] episode 47504780846404: hp 38->33 | total wins 36/37
01:43:54 [38/4348] episode 47504780844404: hp 42->lost | total wins 36/38
01:43:55 [39/4348] episode 47504780847402: hp 32->12 | total wins 37/39
01:43:55 [40/4348] episode 47504780848404: hp 57->48 | total wins 38/40
01:43:55 [41/4348] episode 47504780848406: hp 57->57 | total wins 39/41
01:43:55 [42/4348] episode 47504780844405: hp 27->15 | total wins 40/42
01:43:56 [43/4348] episode 47504780846402: hp 43->8 | total wins 41/43
01:43:56 [44/4348] episode 47504780846403: hp 57->44 | total wins 42/44
01:43:56 [45/4348] episode 47504780848403: hp 60->25 | total wins 43/45
01:43:57 [46/4348] episode 47504780844403: hp 70->40 | total wins 44/46
01:43:57 [47/4348] episode 47504780847401: hp 40->26 | total wins 45/47
01:43:57 [48/4348] episode 47504780850401: hp 75->74 | total wins 46/48
01:43:58 [49/4348] episode 47504780849400: hp 70->66 | total wins 47/49
01:43:58 [50/4348] episode 47504780849401: hp 59->53 | total wins 48/50
01:43:58 [51/4348] episode 47504780848405: hp 69->54 | total wins 49/51
01:44:00 [52/4348] episode 47504780852401: hp 58->46 | total wins 50/52
01:44:00 [53/4348] episode 47504780849402: hp 50->18 | total wins 51/53
01:44:01 [54/4348] episode 47504780847405: hp 35->13 | total wins 52/54
01:44:01 [55/4348] episode 47504780851400: hp 72->62 | total wins 53/55
01:44:02 [56/4348] episode 47504780850403: hp 64->70 | total wins 54/56
01:44:02 [57/4348] episode 47504780854400: hp 64->58 | total wins 55/57
01:44:02 [58/4348] episode 47504780851402: hp 56->2 | total wins 56/58
01:44:03 [59/4348] episode 47504780847404: hp 41->6 | total wins 57/59
01:44:03 [60/4348] episode 47504780853402: hp 40->11 | total wins 58/60
01:44:03 [61/4348] episode 47504780850404: hp 75->64 | total wins 59/61
01:44:03 [62/4348] episode 47504780850405: hp 64->56 | total wins 60/62
01:44:03 [63/4348] episode 47504780852403: hp 38->lost | total wins 60/63
01:44:04 [64/4348] episode 47504780855401: hp 70->69 | total wins 61/64
01:44:04 [65/4348] episode 47504780855402: hp 55->55 | total wins 62/65
01:44:04 [66/4348] episode 47504780854403: hp 53->49 | total wins 63/66
01:44:04 [67/4348] episode 47504780856400: hp 69->63 | total wins 64/67
01:44:05 [68/4348] episode 47504780854401: hp 75->65 | total wins 65/68
01:44:06 [69/4348] episode 47504780856403: hp 75->66 | total wins 66/69
01:44:06 [70/4348] episode 47504780855404: hp 51->48 | total wins 67/70
01:44:07 [71/4348] episode 47504780857404: hp 45->32 | total wins 68/71
01:44:07 [72/4348] episode 47504780855403: hp 61->36 | total wins 69/72
01:44:07 [73/4348] episode 47504780857406: hp 47->33 | total wins 70/73
01:44:08 [74/4348] episode 47504780855405: hp 62->58 | total wins 71/74
01:44:08 [75/4348] episode 47504780854404: hp 75->62 | total wins 72/75
01:44:08 [76/4348] episode 47504780858403: hp 75->78 | total wins 73/76
01:44:08 [77/4348] episode 47504780856404: hp 75->67 | total wins 74/77
01:44:09 [78/4348] episode 47504780858404: hp 58->58 | total wins 75/78
01:44:10 [79/4348] episode 47504780859402: hp 65->65 | total wins 76/79
01:44:10 [80/4348] episode 47504780859400: hp 62->48 | total wins 77/80
01:44:10 [81/4348] episode 47504780859405: hp 75->75 | total wins 78/81
01:44:10 [82/4348] episode 47504780856405: hp 57->34 | total wins 79/82
01:44:10 [83/4348] episode 47504780860401: hp 69->69 | total wins 80/83
01:44:11 [84/4348] episode 47504780859404: hp 64->58 | total wins 81/84
01:44:11 [85/4348] episode 47504780860403: hp 69->53 | total wins 82/85
01:44:12 [86/4348] episode 47504780859403: hp 73->47 | total wins 83/86
01:44:12 [87/4348] episode 47504780857405: hp 50->35 | total wins 84/87
01:44:12 [88/4348] episode 47504780860404: hp 33->19 | total wins 85/88
01:44:12 [89/4348] episode 47504780861401: hp 75->75 | total wins 86/89
01:44:13 [90/4348] episode 47504780861406: hp 70->58 | total wins 87/90
01:44:13 [91/4348] episode 47504780860402: hp 64->55 | total wins 88/91
01:44:14 [92/4348] episode 47504780860406: hp 57->54 | total wins 89/92
01:44:14 [93/4348] episode 47504780860405: hp 51->39 | total wins 90/93
01:44:14 [94/4348] episode 47504780863404: hp 75->67 | total wins 91/94
01:44:14 [95/4348] episode 47504780852404: hp 45->1 | total wins 92/95
01:44:15 [96/4348] episode 47504780863403: hp 75->68 | total wins 93/96
01:44:15 [97/4348] episode 47504780864405: hp 53->40 | total wins 94/97
01:44:15 [98/4348] episode 47504780861403: hp 58->18 | total wins 95/98
01:44:16 [99/4348] episode 47504780861404: hp 75->75 | total wins 96/99
01:44:16 [100/4348] episode 47504780863405: hp 53->53 | total wins 97/100
01:44:16 [101/4348] episode 47504780865401: hp 71->71 | total wins 98/101
01:44:16 [102/4348] episode 47504780864404: hp 33->33 | total wins 99/102
01:44:17 [103/4348] episode 47504780865405: hp 1->lost | total wins 99/103
01:44:18 [104/4348] episode 47504780866404: hp 43->41 | total wins 100/104
01:44:18 [105/4348] episode 47504780865400: hp 66->59 | total wins 101/105
01:44:18 [106/4348] episode 47504780864403: hp 49->46 | total wins 102/106
01:44:18 [107/4348] episode 47504780858405: hp 51->14 | total wins 103/107
01:44:19 [108/4348] episode 47504780866405: hp 19->19 | total wins 104/108
01:44:19 [109/4348] episode 47504780867402: hp 60->60 | total wins 105/109
01:44:19 [110/4348] episode 47504780867403: hp 51->32 | total wins 106/110
01:44:19 [111/4348] episode 47504780865402: hp 58->57 | total wins 107/111
01:44:20 [112/4348] episode 47504780862403: hp 46->33 | total wins 108/112
01:44:20 [113/4348] episode 47504780867401: hp 39->28 | total wins 109/113
01:44:20 [114/4348] episode 47504780867405: hp 44->38 | total wins 110/114
01:44:21 [115/4348] episode 47504780868406: hp 12->9 | total wins 111/115
01:44:21 [116/4348] episode 47504780868407: hp 36->33 | total wins 112/116
01:44:22 [117/4348] episode 47504780868405: hp 66->61 | total wins 113/117
01:44:23 [118/4348] episode 47504780866403: hp 61->30 | total wins 114/118
01:44:23 [119/4348] episode 47504780868400: hp 68->63 | total wins 115/119
01:44:23 [120/4348] episode 47504780869404: hp 75->54 | total wins 116/120
01:44:23 [121/4348] episode 47504780869403: hp 75->68 | total wins 117/121
01:44:24 [122/4348] episode 47504780870404: hp 34->34 | total wins 118/122
01:44:24 [123/4348] episode 47504780865404: hp 32->25 | total wins 119/123
01:44:24 [124/4348] episode 47504780870403: hp 55->54 | total wins 120/124
01:44:24 [125/4348] episode 47504780861405: hp 66->61 | total wins 121/125
01:44:24 [126/4348] episode 47504780869405: hp 58->52 | total wins 122/126
01:44:24 [127/4348] episode 47504780867404: hp 64->34 | total wins 123/127
01:44:25 [128/4348] episode 47504780871402: hp 12->12 | total wins 124/128
01:44:25 [129/4348] episode 47504780869406: hp 45->38 | total wins 125/129
01:44:25 [130/4348] episode 47504780870405: hp 67->54 | total wins 126/130
01:44:25 [131/4348] episode 47504780872404: hp 75->73 | total wins 127/131
01:44:26 [132/4348] episode 47504780869400: hp 71->52 | total wins 128/132
01:44:26 [133/4348] episode 47504780871404: hp 18->7 | total wins 129/133
01:44:26 [134/4348] episode 47504780872405: hp 71->66 | total wins 130/134
01:44:26 [135/4348] episode 47504780870401: hp 75->73 | total wins 131/135
01:44:26 [136/4348] episode 47504780873403: hp 15->11 | total wins 132/136
01:44:27 [137/4348] episode 47504780870402: hp 65->25 | total wins 133/137
01:44:28 [138/4348] episode 47504780874403: hp 51->42 | total wins 134/138
01:44:28 [139/4348] episode 47504780873404: hp 65->62 | total wins 135/139
01:44:28 [140/4348] episode 47504780875401: hp 71->60 | total wins 136/140
01:44:28 [141/4348] episode 47504780875400: hp 75->61 | total wins 137/141
01:44:29 [142/4348] episode 47504780874404: hp 39->33 | total wins 138/142
01:44:29 [143/4348] episode 47504780874405: hp 57->57 | total wins 139/143
01:44:29 [144/4348] episode 47504780876401: hp 57->50 | total wins 140/144
01:44:29 [145/4348] episode 47504780875402: hp 34->25 | total wins 141/145
01:44:30 [146/4348] episode 47504780872403: hp 66->6 | total wins 142/146
01:44:31 [147/4348] episode 47504780873405: hp 44->41 | total wins 143/147
01:44:31 [148/4348] episode 47504780875404: hp 39->39 | total wins 144/148
01:44:31 [149/4348] episode 47504780876406: hp 40->36 | total wins 145/149
01:44:31 [150/4348] episode 47504780876403: hp 54->50 | total wins 146/150
01:44:33 [151/4348] episode 47504780876402: hp 71->39 | total wins 147/151
01:44:34 [152/4348] episode 47504780876405: hp 42->42 | total wins 148/152
01:44:35 [153/4348] episode 47504780875403: hp 43->33 | total wins 149/153
01:44:35 [154/4348] episode 47504780878400: hp 61->49 | total wins 150/154
01:44:35 [155/4348] episode 47504780879404: hp 31->31 | total wins 151/155
01:44:35 [156/4348] episode 47504780878402: hp 46->46 | total wins 152/156
01:44:35 [157/4348] episode 47504780877403: hp 75->67 | total wins 153/157
01:44:36 [158/4348] episode 47504780874402: hp 59->4 | total wins 154/158
01:44:36 [159/4348] episode 47504780876404: hp 65->65 | total wins 155/159
01:44:36 [160/4348] episode 47504780877404: hp 75->61 | total wins 156/160
01:44:36 [161/4348] episode 47504780880403: hp 65->54 | total wins 157/161
01:44:37 [162/4348] episode 47504780880405: hp 68->60 | total wins 158/162
01:44:37 [163/4348] episode 47504780881401: hp 44->37 | total wins 159/163
01:44:37 [164/4348] episode 47504780879406: hp 49->54 | total wins 160/164
01:44:37 [165/4348] episode 47504780877407: hp 48->48 | total wins 161/165
01:44:38 [166/4348] episode 47504780877405: hp 75->75 | total wins 162/166
01:44:38 [167/4348] episode 47504780881400: hp 75->69 | total wins 163/167
01:44:38 [168/4348] episode 47504780877406: hp 64->64 | total wins 164/168
01:44:38 [169/4348] episode 47504780881402: hp 75->75 | total wins 165/169
01:44:39 [170/4348] episode 47504780881405: hp 71->71 | total wins 166/170
01:44:39 [171/4348] episode 47504780880404: hp 75->50 | total wins 167/171
01:44:39 [172/4348] episode 47504780882402: hp 72->56 | total wins 168/172
01:44:39 [173/4348] episode 47504780882400: hp 75->69 | total wins 169/173
01:44:39 [174/4348] episode 47504780881403: hp 49->35 | total wins 170/174
01:44:39 [175/4348] episode 47504780882404: hp 42->42 | total wins 171/175
01:44:40 [176/4348] episode 47504780879403: hp 61->21 | total wins 172/176
01:44:41 [177/4348] episode 47504780883405: hp 8->1 | total wins 173/177
01:44:41 [178/4348] episode 47504780884401: hp 75->75 | total wins 174/178
01:44:42 [179/4348] episode 47504780881406: hp 56->43 | total wins 175/179
01:44:43 [180/4348] episode 47504780884405: hp 71->44 | total wins 176/180
01:44:43 [181/4348] episode 47504780885404: hp 42->28 | total wins 177/181
01:44:43 [182/4348] episode 47504780883403: hp 30->lost | total wins 177/182
01:44:44 [183/4348] episode 47504780881404: hp 22->22 | total wins 178/183
01:44:44 [184/4348] episode 47504780885403: hp 75->70 | total wins 179/184
01:44:44 [185/4348] episode 47504780886400: hp 61->59 | total wins 180/185
01:44:44 [186/4348] episode 47504780887400: hp 57->51 | total wins 181/186
01:44:44 [187/4348] episode 47504780886404: hp 72->52 | total wins 182/187
01:44:44 [188/4348] episode 47504780886403: hp 50->49 | total wins 183/188
01:44:45 [189/4348] episode 47504780888400: hp 70->64 | total wins 184/189
01:44:45 [190/4348] episode 47504780886405: hp 41->38 | total wins 185/190
01:44:45 [191/4348] episode 47504780888401: hp 59->55 | total wins 186/191
01:44:46 [192/4348] episode 47504780886406: hp 44->43 | total wins 187/192
01:44:46 [193/4348] episode 47504780887402: hp 75->74 | total wins 188/193
01:44:47 [194/4348] episode 47504780884404: hp 55->30 | total wins 189/194
01:44:47 [195/4348] episode 47504780887401: hp 69->67 | total wins 190/195
01:44:47 [196/4348] episode 47504780888402: hp 39->25 | total wins 191/196
01:44:48 [197/4348] episode 47504780889400: hp 75->51 | total wins 192/197
01:44:49 [198/4348] episode 47504780884403: hp 71->49 | total wins 193/198
01:44:50 [199/4348] episode 47504780890401: hp 75->66 | total wins 194/199
01:44:50 [200/4348] episode 47504780889403: hp 46->39 | total wins 195/200
01:44:51 [201/4348] episode 47504780892402: hp 75->75 | total wins 196/201
01:44:51 [202/4348] episode 47504780891404: hp 36->38 | total wins 197/202
01:44:51 [203/4348] episode 47504780890404: hp 43->30 | total wins 198/203
01:44:51 [204/4348] episode 47504780890403: hp 55->44 | total wins 199/204
01:44:51 [205/4348] episode 47504780887404: hp 38->57 | total wins 200/205
01:44:51 [206/4348] episode 47504780887405: hp 56->37 | total wins 201/206
01:44:52 [207/4348] episode 47504780890405: hp 66->51 | total wins 202/207
01:44:52 [208/4348] episode 47504780893401: hp 65->65 | total wins 203/208
01:44:52 [209/4348] episode 47504780892400: hp 75->69 | total wins 204/209
01:44:52 [210/4348] episode 47504780891403: hp 51->41 | total wins 205/210
01:44:52 [211/4348] episode 47504780892404: hp 57->41 | total wins 206/211
01:44:52 [212/4348] episode 47504780892405: hp 34->34 | total wins 207/212
01:44:53 [213/4348] episode 47504780889402: hp 52->lost | total wins 207/213
01:44:53 [214/4348] episode 47504780892406: hp 43->37 | total wins 208/214
01:44:54 [215/4348] episode 47504780894401: hp 74->71 | total wins 209/215
01:44:54 [216/4348] episode 47504780894400: hp 71->67 | total wins 210/216
01:44:55 [217/4348] episode 47504780894402: hp 70->35 | total wins 211/217
01:44:55 [218/4348] episode 47504780895401: hp 38->19 | total wins 212/218
01:44:55 [219/4348] episode 47504780895404: hp 47->44 | total wins 213/219
01:44:56 [220/4348] episode 47504780896400: hp 52->38 | total wins 214/220
01:44:56 [221/4348] episode 47504780896402: hp 59->45 | total wins 215/221
01:44:56 [222/4348] episode 47504780897404: hp 40->40 | total wins 216/222
01:44:57 [223/4348] episode 47504780892403: hp 64->60 | total wins 217/223
01:44:57 [224/4348] episode 47504780893402: hp 74->38 | total wins 218/224
01:44:57 [225/4348] episode 47504780896405: hp 46->46 | total wins 219/225
01:44:57 [226/4348] episode 47504780897401: hp 68->64 | total wins 220/226
01:44:58 [227/4348] episode 47504780896403: hp 75->67 | total wins 221/227
01:44:58 [228/4348] episode 47504780895405: hp 58->58 | total wins 222/228
01:44:58 [229/4348] episode 47504780897405: hp 60->55 | total wins 223/229
01:44:59 [230/4348] episode 47504780899402: hp 42->33 | total wins 224/230
01:44:59 [231/4348] episode 47504780898402: hp 75->74 | total wins 225/231
01:44:59 [232/4348] episode 47504780900400: hp 74->62 | total wins 226/232
01:44:59 [233/4348] episode 47504780898406: hp 22->22 | total wins 227/233
01:45:00 [234/4348] episode 47504780898405: hp 63->63 | total wins 228/234
01:45:00 [235/4348] episode 47504780897402: hp 75->51 | total wins 229/235
01:45:00 [236/4348] episode 47504780896404: hp 75->40 | total wins 230/236
01:45:01 [237/4348] episode 47504780898404: hp 61->61 | total wins 231/237
01:45:01 [238/4348] episode 47504780900402: hp 75->74 | total wins 232/238
01:45:02 [239/4348] episode 47504780899403: hp 35->lost | total wins 232/239
01:45:02 [240/4348] episode 47504780900405: hp 50->43 | total wins 233/240
01:45:03 [241/4348] episode 47504780901402: hp 75->69 | total wins 234/241
01:45:04 [242/4348] episode 47504780900404: hp 60->58 | total wins 235/242
01:45:04 [243/4348] episode 47504780901401: hp 72->62 | total wins 236/243
01:45:04 [244/4348] episode 47504780900406: hp 56->31 | total wins 237/244
01:45:05 [245/4348] episode 47504780900407: hp 56->29 | total wins 238/245
01:45:05 [246/4348] episode 47504780901404: hp 32->18 | total wins 239/246
01:45:05 [247/4348] episode 47504780902400: hp 67->66 | total wins 240/247
01:45:06 [248/4348] episode 47504780902401: hp 63->57 | total wins 241/248
01:45:06 [249/4348] episode 47504780902403: hp 68->65 | total wins 242/249
01:45:07 [250/4348] episode 47504780900403: hp 59->38 | total wins 243/250
01:45:08 [251/4348] episode 47504780901406: hp 53->52 | total wins 244/251
01:45:09 [252/4348] episode 47504780903404: hp 40->35 | total wins 245/252
01:45:09 [253/4348] episode 47504780904400: hp 75->63 | total wins 246/253
01:45:09 [254/4348] episode 47504780903400: hp 72->58 | total wins 247/254
01:45:10 [255/4348] episode 47504780901403: hp 75->37 | total wins 248/255
01:45:10 [256/4348] episode 47504780905402: hp 75->75 | total wins 249/256
01:45:11 [257/4348] episode 47504780901405: hp 33->33 | total wins 250/257
01:45:11 [258/4348] episode 47504780904405: hp 51->50 | total wins 251/258
01:45:11 [259/4348] episode 47504780904404: hp 45->35 | total wins 252/259
01:45:12 [260/4348] episode 47504780903402: hp 35->20 | total wins 253/260
01:45:12 [261/4348] episode 47504780906401: hp 68->68 | total wins 254/261
01:45:12 [262/4348] episode 47504780906403: hp 75->55 | total wins 255/262
01:45:14 [263/4348] episode 47504780904402: hp 35->5 | total wins 256/263
01:45:14 [264/4348] episode 47504780905405: hp 60->51 | total wins 257/264
01:45:14 [265/4348] episode 47504780905404: hp 46->43 | total wins 258/265
01:45:14 [266/4348] episode 47504780905403: hp 68->59 | total wins 259/266
01:45:15 [267/4348] episode 47504780906402: hp 67->67 | total wins 260/267
01:45:16 [268/4348] episode 47504780906406: hp 65->55 | total wins 261/268
01:45:16 [269/4348] episode 47504780906404: hp 36->32 | total wins 262/269
01:45:18 [270/4348] episode 47504780907402: hp 31->27 | total wins 263/270
01:45:18 [271/4348] episode 47504780907401: hp 60->54 | total wins 264/271
01:45:18 [272/4348] episode 47504780907404: hp 69->60 | total wins 265/272
01:45:19 [273/4348] episode 47504780906405: hp 56->55 | total wins 266/273
01:45:19 [274/4348] episode 47504780909401: hp 65->65 | total wins 267/274
01:45:19 [275/4348] episode 47504780909404: hp 39->39 | total wins 268/275
01:45:19 [276/4348] episode 47504780908402: hp 75->74 | total wins 269/276
01:45:19 [277/4348] episode 47504780907405: hp 53->44 | total wins 270/277
01:45:19 [278/4348] episode 47504780911401: hp 75->75 | total wins 271/278
01:45:19 [279/4348] episode 47504780905406: hp 53->35 | total wins 272/279
01:45:20 [280/4348] episode 47504780907406: hp 35->53 | total wins 273/280
01:45:21 [281/4348] episode 47504780909403: hp 42->33 | total wins 274/281
01:45:22 [282/4348] episode 47504780910402: hp 75->66 | total wins 275/282
01:45:22 [283/4348] episode 47504780912401: hp 71->67 | total wins 276/283
01:45:23 [284/4348] episode 47504780912403: hp 75->66 | total wins 277/284
01:45:24 [285/4348] episode 47504780913401: hp 85->73 | total wins 278/285
01:45:24 [286/4348] episode 47504780913400: hp 75->69 | total wins 279/286
01:45:24 [287/4348] episode 47504780910404: hp 69->61 | total wins 280/287
01:45:25 [288/4348] episode 47504780912404: hp 75->75 | total wins 281/288
01:45:25 [289/4348] episode 47504780910403: hp 60->55 | total wins 282/289
01:45:25 [290/4348] episode 47504780914402: hp 41->41 | total wins 283/290
01:45:25 [291/4348] episode 47504780910405: hp 60->54 | total wins 284/291
01:45:26 [292/4348] episode 47504780898403: hp 75->63 | total wins 285/292
01:45:26 [293/4348] episode 47504780914400: hp 75->70 | total wins 286/293
01:45:27 [294/4348] episode 47504780913402: hp 51->31 | total wins 287/294
01:45:28 [295/4348] episode 47504780913404: hp 60->37 | total wins 288/295
01:45:28 [296/4348] episode 47504780915404: hp 42->30 | total wins 289/296
01:45:28 [297/4348] episode 47504780907403: hp 75->41 | total wins 290/297
01:45:28 [298/4348] episode 47504780916403: hp 68->65 | total wins 291/298
01:45:28 [299/4348] episode 47504780915405: hp 50->40 | total wins 292/299
01:45:29 [300/4348] episode 47504780915403: hp 45->41 | total wins 293/300
01:45:29 [301/4348] episode 47504780916402: hp 73->72 | total wins 294/301
01:45:29 [302/4348] episode 47504780914404: hp 64->46 | total wins 295/302
01:45:30 [303/4348] episode 47504780916406: hp 63->43 | total wins 296/303
01:45:30 [304/4348] episode 47504780914405: hp 62->61 | total wins 297/304
01:45:30 [305/4348] episode 47504780917404: hp 37->34 | total wins 298/305
01:45:30 [306/4348] episode 47504780918401: hp 46->45 | total wins 299/306
01:45:31 [307/4348] episode 47504780915407: hp 50->38 | total wins 300/307
01:45:32 [308/4348] episode 47504780916404: hp 75->69 | total wins 301/308
01:45:33 [309/4348] episode 47504780915406: hp 43->lost | total wins 301/309
01:45:33 [310/4348] episode 47504780917403: hp 38->10 | total wins 302/310
01:45:33 [311/4348] episode 47504780916405: hp 71->69 | total wins 303/311
01:45:34 [312/4348] episode 47504780920404: hp 23->15 | total wins 304/312
01:45:34 [313/4348] episode 47504780918403: hp 29->lost | total wins 304/313
01:45:35 [314/4348] episode 47504780911402: hp 75->lost | total wins 304/314
01:45:35 [315/4348] episode 47504780919406: hp 36->20 | total wins 305/315
01:45:35 [316/4348] episode 47504780919404: hp 52->38 | total wins 306/316
01:45:35 [317/4348] episode 47504780919403: hp 68->66 | total wins 307/317
01:45:35 [318/4348] episode 47504780920402: hp 71->74 | total wins 308/318
01:45:36 [319/4348] episode 47504780921401: hp 75->69 | total wins 309/319
01:45:37 [320/4348] episode 47504780918402: hp 74->19 | total wins 310/320
01:45:37 [321/4348] episode 47504780921403: hp 26->12 | total wins 311/321
01:45:37 [322/4348] episode 47504780920405: hp 24->18 | total wins 312/322
01:45:38 [323/4348] episode 47504780923403: hp 41->34 | total wins 313/323
01:45:38 [324/4348] episode 47504780920403: hp 75->18 | total wins 314/324
01:45:38 [325/4348] episode 47504780921405: hp 15->lost | total wins 314/325
01:45:40 [326/4348] episode 47504780922404: hp 38->33 | total wins 315/326
01:45:40 [327/4348] episode 47504780923402: hp 49->33 | total wins 316/327
01:45:40 [328/4348] episode 47504780923404: hp 33->31 | total wins 317/328
01:45:41 [329/4348] episode 47504780923401: hp 70->61 | total wins 318/329
01:45:41 [330/4348] episode 47504780919407: hp 37->22 | total wins 319/330
01:45:43 [331/4348] episode 47504780924401: hp 52->48 | total wins 320/331
01:45:43 [332/4348] episode 47504780922402: hp 75->31 | total wins 321/332
01:45:43 [333/4348] episode 47504780924403: hp 46->40 | total wins 322/333
01:45:43 [334/4348] episode 47504780925400: hp 71->64 | total wins 323/334
01:45:44 [335/4348] episode 47504780920406: hp 64->45 | total wins 324/335
01:45:44 [336/4348] episode 47504780925403: hp 41->32 | total wins 325/336
01:45:44 [337/4348] episode 47504780926406: hp 24->24 | total wins 326/337
01:45:44 [338/4348] episode 47504780925404: hp 69->69 | total wins 327/338
01:45:45 [339/4348] episode 47504780927400: hp 64->52 | total wins 328/339
01:45:45 [340/4348] episode 47504780926402: hp 27->25 | total wins 329/340
01:45:45 [341/4348] episode 47504780923405: hp 37->32 | total wins 330/341
01:45:46 [342/4348] episode 47504780926403: hp 30->23 | total wins 331/342
01:45:46 [343/4348] episode 47504780927401: hp 71->70 | total wins 332/343
01:45:46 [344/4348] episode 47504780927403: hp 56->40 | total wins 333/344
01:45:47 [345/4348] episode 47504780924405: hp 49->49 | total wins 334/345
01:45:47 [346/4348] episode 47504780926407: hp 41->33 | total wins 335/346
01:45:47 [347/4348] episode 47504780927402: hp 75->67 | total wins 336/347
01:45:48 [348/4348] episode 47504780927404: hp 23->4 | total wins 337/348
01:45:48 [349/4348] episode 47504780928400: hp 75->73 | total wins 338/349
01:45:48 [350/4348] episode 47504780926404: hp 46->35 | total wins 339/350
01:45:48 [351/4348] episode 47504780930403: hp 15->8 | total wins 340/351
01:45:49 [352/4348] episode 47504780928404: hp 45->33 | total wins 341/352
01:45:49 [353/4348] episode 47504780924404: hp 49->68 | total wins 342/353
01:45:49 [354/4348] episode 47504780929405: hp 43->34 | total wins 343/354
01:45:50 [355/4348] episode 47504780929404: hp 33->29 | total wins 344/355
01:45:50 [356/4348] episode 47504780926405: hp 64->14 | total wins 345/356
01:45:50 [357/4348] episode 47504780929406: hp 22->6 | total wins 346/357
01:45:50 [358/4348] episode 47504780930400: hp 38->36 | total wins 347/358
01:45:51 [359/4348] episode 47504780930404: hp 36->22 | total wins 348/359
01:45:52 [360/4348] episode 47504780930405: hp 42->15 | total wins 349/360
01:45:52 [361/4348] episode 47504780931400: hp 75->75 | total wins 350/361
01:45:52 [362/4348] episode 47504780933401: hp 73->64 | total wins 351/362
01:45:52 [363/4348] episode 47504780931404: hp 34->14 | total wins 352/363
01:45:52 [364/4348] episode 47504780932402: hp 73->36 | total wins 353/364
01:45:52 [365/4348] episode 47504780931405: hp 35->32 | total wins 354/365
01:45:52 [366/4348] episode 47504780933402: hp 65->61 | total wins 355/366
01:45:54 [367/4348] episode 47504780933403: hp 61->29 | total wins 356/367
01:45:55 [368/4348] episode 47504780934401: hp 66->56 | total wins 357/368
01:45:55 [369/4348] episode 47504780931403: hp 75->70 | total wins 358/369
01:45:55 [370/4348] episode 47504780935400: hp 69->55 | total wins 359/370
01:45:56 [371/4348] episode 47504780929403: hp 75->13 | total wins 360/371
01:45:56 [372/4348] episode 47504780934406: hp 22->20 | total wins 361/372
01:45:57 [373/4348] episode 47504780933404: hp 53->13 | total wins 362/373
01:45:57 [374/4348] episode 47504780936403: hp 75->75 | total wins 363/374
01:45:58 [375/4348] episode 47504780935404: hp 55->7 | total wins 364/375
01:45:59 [376/4348] episode 47504780934405: hp 46->31 | total wins 365/376
01:45:59 [377/4348] episode 47504780937402: hp 60->60 | total wins 366/377
01:45:59 [378/4348] episode 47504780937404: hp 46->46 | total wins 367/378
01:45:59 [379/4348] episode 47504780934404: hp 45->34 | total wins 368/379
01:46:00 [380/4348] episode 47504780938400: hp 55->52 | total wins 369/380
01:46:00 [381/4348] episode 47504780937400: hp 59->54 | total wins 370/381
01:46:01 [382/4348] episode 47504780936402: hp 75->63 | total wins 371/382
01:46:01 [383/4348] episode 47504780938403: hp 29->13 | total wins 372/383
01:46:01 [384/4348] episode 47504780935403: hp 68->48 | total wins 373/384
01:46:02 [385/4348] episode 47504780938405: hp 54->26 | total wins 374/385
01:46:02 [386/4348] episode 47504780936405: hp 32->29 | total wins 375/386
01:46:02 [387/4348] episode 47504780941400: hp 64->58 | total wins 376/387
01:46:02 [388/4348] episode 47504780936404: hp 75->58 | total wins 377/388
01:46:02 [389/4348] episode 47504780938404: hp 37->23 | total wins 378/389
01:46:02 [390/4348] episode 47504780941405: hp 63->57 | total wins 379/390
01:46:03 [391/4348] episode 47504780940401: hp 34->32 | total wins 380/391
01:46:04 [392/4348] episode 47504780941401: hp 58->46 | total wins 381/392
01:46:04 [393/4348] episode 47504780939406: hp 25->17 | total wins 382/393
01:46:04 [394/4348] episode 47504780939405: hp 52->21 | total wins 383/394
01:46:04 [395/4348] episode 47504780939403: hp 44->35 | total wins 384/395
01:46:05 [396/4348] episode 47504780943402: hp 75->74 | total wins 385/396
01:46:05 [397/4348] episode 47504780942401: hp 70->66 | total wins 386/397
01:46:05 [398/4348] episode 47504780941403: hp 58->58 | total wins 387/398
01:46:07 [399/4348] episode 47504780943406: hp 45->32 | total wins 388/399
01:46:07 [400/4348] episode 47504780944402: hp 44->42 | total wins 389/400
01:46:07 [401/4348] episode 47504780942404: hp 60->36 | total wins 390/401
01:46:07 [402/4348] episode 47504780941407: hp 47->47 | total wins 391/402
01:46:08 [403/4348] episode 47504780945401: hp 67->64 | total wins 392/403
01:46:08 [404/4348] episode 47504780944400: hp 57->43 | total wins 393/404
01:46:09 [405/4348] episode 47504780945400: hp 52->52 | total wins 394/405
01:46:09 [406/4348] episode 47504780946402: hp 54->34 | total wins 395/406
01:46:09 [407/4348] episode 47504780946403: hp 57->56 | total wins 396/407
01:46:10 [408/4348] episode 47504780946404: hp 56->47 | total wins 397/408
01:46:10 [409/4348] episode 47504780947405: hp 4->lost | total wins 397/409
01:46:10 [410/4348] episode 47504780943405: hp 33->9 | total wins 398/410
01:46:11 [411/4348] episode 47504780945402: hp 60->32 | total wins 399/411
01:46:13 [412/4348] episode 47504780946401: hp 67->56 | total wins 400/412
01:46:13 [413/4348] episode 47504780949403: hp 39->39 | total wins 401/413
01:46:14 [414/4348] episode 47504780949400: hp 63->53 | total wins 402/414
01:46:14 [415/4348] episode 47504780949402: hp 45->26 | total wins 403/415
01:46:14 [416/4348] episode 47504780947403: hp 75->60 | total wins 404/416
01:46:16 [417/4348] episode 47504780943403: hp 71->39 | total wins 405/417
01:46:17 [418/4348] episode 47504780943404: hp 67->20 | total wins 406/418
01:46:18 [419/4348] episode 47504780951401: hp 65->52 | total wins 407/419
01:46:18 [420/4348] episode 47504780951404: hp 27->10 | total wins 408/420
01:46:18 [421/4348] episode 47504780947404: hp 40->8 | total wins 409/421
01:46:19 [422/4348] episode 47504780949404: hp 36->14 | total wins 410/422
01:46:20 [423/4348] episode 47504780951403: hp 50->20 | total wins 411/423
01:46:20 [424/4348] episode 47504780950405: hp 42->17 | total wins 412/424
01:46:21 [425/4348] episode 47504780951407: hp 55->48 | total wins 413/425
01:46:21 [426/4348] episode 47504780948402: hp 55->23 | total wins 414/426
01:46:22 [427/4348] episode 47504780952403: hp 75->61 | total wins 415/427
01:46:23 [428/4348] episode 47504780951406: hp 46->45 | total wins 416/428
01:46:23 [429/4348] episode 47504780952404: hp 54->36 | total wins 417/429
01:46:24 [430/4348] episode 47504780952405: hp 65->40 | total wins 418/430
01:46:25 [431/4348] episode 47504780952406: hp 59->59 | total wins 419/431
01:46:25 [432/4348] episode 47504780953401: hp 75->75 | total wins 420/432
01:46:25 [433/4348] episode 47504780954401: hp 64->61 | total wins 421/433
01:46:25 [434/4348] episode 47504780942405: hp 30->30 | total wins 422/434
01:46:25 [435/4348] episode 47504780953403: hp 64->63 | total wins 423/435
01:46:26 [436/4348] episode 47504780951405: hp 63->41 | total wins 424/436
01:46:26 [437/4348] episode 47504780953400: hp 71->40 | total wins 425/437
01:46:26 [438/4348] episode 47504780950403: hp 49->20 | total wins 426/438
01:46:27 [439/4348] episode 47504780954404: hp 42->40 | total wins 427/439
01:46:27 [440/4348] episode 47504780955402: hp 75->68 | total wins 428/440
01:46:28 [441/4348] episode 47504780954403: hp 75->72 | total wins 429/441
01:46:28 [442/4348] episode 47504780954406: hp 40->26 | total wins 430/442
01:46:28 [443/4348] episode 47504780956404: hp 62->55 | total wins 431/443
01:46:29 [444/4348] episode 47504780957401: hp 52->51 | total wins 432/444
01:46:29 [445/4348] episode 47504780958400: hp 69->61 | total wins 433/445
01:46:29 [446/4348] episode 47504780955403: hp 45->43 | total wins 434/446
01:46:31 [447/4348] episode 47504780957400: hp 66->56 | total wins 435/447
01:46:31 [448/4348] episode 47504780956403: hp 75->63 | total wins 436/448
01:46:32 [449/4348] episode 47504780958404: hp 47->47 | total wins 437/449
01:46:32 [450/4348] episode 47504780959403: hp 75->74 | total wins 438/450
01:46:33 [451/4348] episode 47504780958402: hp 73->72 | total wins 439/451
01:46:33 [452/4348] episode 47504780953404: hp 64->50 | total wins 440/452
01:46:33 [453/4348] episode 47504780959404: hp 75->75 | total wins 441/453
01:46:34 [454/4348] episode 47504780959402: hp 75->55 | total wins 442/454
01:46:35 [455/4348] episode 47504780958403: hp 58->43 | total wins 443/455
01:46:35 [456/4348] episode 47504780957404: hp 69->lost | total wins 443/456
01:46:35 [457/4348] episode 47504780955404: hp 53->3 | total wins 444/457
01:46:35 [458/4348] episode 47504780961400: hp 69->54 | total wins 445/458
01:46:36 [459/4348] episode 47504780960404: hp 53->53 | total wins 446/459
01:46:37 [460/4348] episode 47504780960403: hp 58->45 | total wins 447/460
01:46:37 [461/4348] episode 47504780962403: hp 7->4 | total wins 448/461
01:46:37 [462/4348] episode 47504780963400: hp 75->66 | total wins 449/462
01:46:38 [463/4348] episode 47504780961402: hp 75->69 | total wins 450/463
01:46:38 [464/4348] episode 47504780960405: hp 53->38 | total wins 451/464
01:46:39 [465/4348] episode 47504780963404: hp 1->lost | total wins 451/465
01:46:40 [466/4348] episode 47504780963401: hp 64->61 | total wins 452/466
01:46:40 [467/4348] episode 47504780964400: hp 70->62 | total wins 453/467
01:46:40 [468/4348] episode 47504780963402: hp 64->58 | total wins 454/468
01:46:41 [469/4348] episode 47504780961403: hp 66->34 | total wins 455/469
01:46:41 [470/4348] episode 47504780964403: hp 73->65 | total wins 456/470
01:46:41 [471/4348] episode 47504780965401: hp 60->60 | total wins 457/471
01:46:42 [472/4348] episode 47504780965402: hp 49->49 | total wins 458/472
01:46:43 [473/4348] episode 47504780964406: hp 22->18 | total wins 459/473
01:46:46 [474/4348] episode 47504780966401: hp 75->69 | total wins 460/474
01:46:46 [475/4348] episode 47504780965406: hp 41->22 | total wins 461/475
01:46:47 [476/4348] episode 47504780953405: hp 75->lost | total wins 461/476
01:46:47 [477/4348] episode 47504780966406: hp 31->31 | total wins 462/477
01:46:47 [478/4348] episode 47504780963403: hp 75->8 | total wins 463/478
01:46:48 [479/4348] episode 47504780957403: hp 75->23 | total wins 464/479
01:46:48 [480/4348] episode 47504780965405: hp 49->39 | total wins 465/480
01:46:48 [481/4348] episode 47504780966404: hp 33->25 | total wins 466/481
01:46:49 [482/4348] episode 47504780967401: hp 58->55 | total wins 467/482
01:46:50 [483/4348] episode 47504780966403: hp 56->lost | total wins 467/483
01:46:50 [484/4348] episode 47504780966405: hp 42->34 | total wins 468/484
01:46:50 [485/4348] episode 47504780965404: hp 57->25 | total wins 469/485
01:46:50 [486/4348] episode 47504780968402: hp 59->55 | total wins 470/486
01:46:51 [487/4348] episode 47504780968405: hp 75->59 | total wins 471/487
01:46:52 [488/4348] episode 47504780968406: hp 18->11 | total wins 472/488
01:46:52 [489/4348] episode 47504780966407: hp 33->15 | total wins 473/489
01:46:52 [490/4348] episode 47504780969403: hp 23->23 | total wins 474/490
01:46:53 [491/4348] episode 47504780968408: hp 60->60 | total wins 475/491
01:46:53 [492/4348] episode 47504780968409: hp 57->54 | total wins 476/492
01:46:53 [493/4348] episode 47504780968407: hp 63->56 | total wins 477/493
01:46:54 [494/4348] episode 47504780970400: hp 67->55 | total wins 478/494
01:46:54 [495/4348] episode 47504780969406: hp 39->39 | total wins 479/495
01:46:56 [496/4348] episode 47504780971400: hp 58->46 | total wins 480/496
01:46:57 [497/4348] episode 47504780968404: hp 75->65 | total wins 481/497
01:46:57 [498/4348] episode 47504780968403: hp 65->46 | total wins 482/498
01:46:57 [499/4348] episode 47504780971401: hp 63->57 | total wins 483/499
01:46:57 [500/4348] episode 47504780969404: hp 45->26 | total wins 484/500
01:46:59 [501/4348] episode 47504780967402: hp 42->11 | total wins 485/501
01:46:59 [502/4348] episode 47504780971403: hp 43->32 | total wins 486/502
01:46:59 [503/4348] episode 47504780971404: hp 60->53 | total wins 487/503
01:46:59 [504/4348] episode 47504780973404: hp 47->47 | total wins 488/504
01:47:00 [505/4348] episode 47504780971405: hp 35->36 | total wins 489/505
01:47:00 [506/4348] episode 47504780972400: hp 60->46 | total wins 490/506
01:47:00 [507/4348] episode 47504780960401: hp 58->53 | total wins 491/507
01:47:00 [508/4348] episode 47504780972401: hp 69->69 | total wins 492/508
01:47:01 [509/4348] episode 47504780969405: hp 58->22 | total wins 493/509
01:47:01 [510/4348] episode 47504780974404: hp 52->36 | total wins 494/510
01:47:01 [511/4348] episode 47504780974406: hp 45->34 | total wins 495/511
01:47:02 [512/4348] episode 47504780974405: hp 41->40 | total wins 496/512
01:47:02 [513/4348] episode 47504780970403: hp 27->lost | total wins 496/513
01:47:03 [514/4348] episode 47504780974400: hp 66->51 | total wins 497/514
01:47:03 [515/4348] episode 47504780972403: hp 42->41 | total wins 498/515
01:47:03 [516/4348] episode 47504780975401: hp 74->61 | total wins 499/516
01:47:03 [517/4348] episode 47504780973405: hp 56->40 | total wins 500/517
01:47:04 [518/4348] episode 47504780975403: hp 56->53 | total wins 501/518
01:47:04 [519/4348] episode 47504780974403: hp 70->25 | total wins 502/519
01:47:04 [520/4348] episode 47504780977403: hp 44->37 | total wins 503/520
01:47:04 [521/4348] episode 47504780975404: hp 58->58 | total wins 504/521
01:47:04 [522/4348] episode 47504780976402: hp 66->63 | total wins 505/522
01:47:05 [523/4348] episode 47504780978405: hp 66->66 | total wins 506/523
01:47:06 [524/4348] episode 47504780977404: hp 50->35 | total wins 507/524
01:47:06 [525/4348] episode 47504780978401: hp 67->60 | total wins 508/525
01:47:07 [526/4348] episode 47504780977406: hp 28->9 | total wins 509/526
01:47:07 [527/4348] episode 47504780976403: hp 64->56 | total wins 510/527
01:47:08 [528/4348] episode 47504780979400: hp 68->62 | total wins 511/528
01:47:08 [529/4348] episode 47504780970402: hp 80->22 | total wins 512/529
01:47:08 [530/4348] episode 47504780977405: hp 57->22 | total wins 513/530
01:47:08 [531/4348] episode 47504780964404: hp 58->52 | total wins 514/531
01:47:09 [532/4348] episode 47504780979403: hp 57->48 | total wins 515/532
01:47:09 [533/4348] episode 47504780978404: hp 49->39 | total wins 516/533
01:47:11 [534/4348] episode 47504780981404: hp 75->55 | total wins 517/534
01:47:12 [535/4348] episode 47504780981403: hp 75->65 | total wins 518/535
01:47:12 [536/4348] episode 47504780981400: hp 73->64 | total wins 519/536
01:47:12 [537/4348] episode 47504780983403: hp 74->74 | total wins 520/537
01:47:12 [538/4348] episode 47504780980403: hp 45->10 | total wins 521/538
01:47:12 [539/4348] episode 47504780982401: hp 69->65 | total wins 522/539
01:47:13 [540/4348] episode 47504780983404: hp 82->68 | total wins 523/540
01:47:13 [541/4348] episode 47504780981405: hp 60->56 | total wins 524/541
01:47:13 [542/4348] episode 47504780983405: hp 24->12 | total wins 525/542
01:47:13 [543/4348] episode 47504780978402: hp 47->32 | total wins 526/543
01:47:14 [544/4348] episode 47504780982405: hp 26->22 | total wins 527/544
01:47:14 [545/4348] episode 47504780982404: hp 48->41 | total wins 528/545
01:47:14 [546/4348] episode 47504780981406: hp 60->48 | total wins 529/546
01:47:14 [547/4348] episode 47504780984401: hp 67->61 | total wins 530/547
01:47:15 [548/4348] episode 47504780985401: hp 73->73 | total wins 531/548
01:47:15 [549/4348] episode 47504780984400: hp 68->59 | total wins 532/549
01:47:15 [550/4348] episode 47504780985405: hp 29->29 | total wins 533/550
01:47:15 [551/4348] episode 47504780984403: hp 55->52 | total wins 534/551
01:47:15 [552/4348] episode 47504780985403: hp 55->53 | total wins 535/552
01:47:16 [553/4348] episode 47504780982406: hp 62->37 | total wins 536/553
01:47:16 [554/4348] episode 47504780984405: hp 64->63 | total wins 537/554
01:47:16 [555/4348] episode 47504780985402: hp 51->35 | total wins 538/555
01:47:17 [556/4348] episode 47504780984404: hp 75->74 | total wins 539/556
01:47:17 [557/4348] episode 47504780987405: hp 46->47 | total wins 540/557
01:47:18 [558/4348] episode 47504780986402: hp 75->71 | total wins 541/558
01:47:18 [559/4348] episode 47504780985404: hp 63->55 | total wins 542/559
01:47:18 [560/4348] episode 47504780986403: hp 75->59 | total wins 543/560
01:47:18 [561/4348] episode 47504780987402: hp 55->29 | total wins 544/561
01:47:19 [562/4348] episode 47504780987404: hp 49->37 | total wins 545/562
01:47:20 [563/4348] episode 47504780988401: hp 61->56 | total wins 546/563
01:47:20 [564/4348] episode 47504780986405: hp 34->lost | total wins 546/564
01:47:22 [565/4348] episode 47504780988404: hp 59->45 | total wins 547/565
01:47:22 [566/4348] episode 47504780982403: hp 66->26 | total wins 548/566
01:47:23 [567/4348] episode 47504780989400: hp 75->51 | total wins 549/567
01:47:23 [568/4348] episode 47504780988405: hp 61->59 | total wins 550/568
01:47:23 [569/4348] episode 47504780988403: hp 69->21 | total wins 551/569
01:47:23 [570/4348] episode 47504780990401: hp 37->34 | total wins 552/570
01:47:24 [571/4348] episode 47504780990404: hp 58->52 | total wins 553/571
01:47:24 [572/4348] episode 47504780989401: hp 66->59 | total wins 554/572
01:47:24 [573/4348] episode 47504780989404: hp 60->54 | total wins 555/573
01:47:24 [574/4348] episode 47504780989405: hp 48->38 | total wins 556/574
01:47:24 [575/4348] episode 47504780989403: hp 50->30 | total wins 557/575
01:47:24 [576/4348] episode 47504780991405: hp 27->16 | total wins 558/576
01:47:25 [577/4348] episode 47504780991404: hp 35->14 | total wins 559/577
01:47:25 [578/4348] episode 47504780990405: hp 1->lost | total wins 559/578
01:47:25 [579/4348] episode 47504780991400: hp 63->46 | total wins 560/579
01:47:26 [580/4348] episode 47504780993403: hp 60->60 | total wins 561/580
01:47:26 [581/4348] episode 47504780992402: hp 46->30 | total wins 562/581
01:47:26 [582/4348] episode 47504780991406: hp 50->46 | total wins 563/582
01:47:26 [583/4348] episode 47504780994404: hp 37->37 | total wins 564/583
01:47:26 [584/4348] episode 47504780991402: hp 69->56 | total wins 565/584
01:47:26 [585/4348] episode 47504780992404: hp 57->42 | total wins 566/585
01:47:28 [586/4348] episode 47504780994402: hp 60->56 | total wins 567/586
01:47:28 [587/4348] episode 47504780993404: hp 68->50 | total wins 568/587
01:47:28 [588/4348] episode 47504780994406: hp 26->10 | total wins 569/588
01:47:29 [589/4348] episode 47504780995400: hp 61->55 | total wins 570/589
01:47:29 [590/4348] episode 47504780990402: hp 39->25 | total wins 571/590
01:47:30 [591/4348] episode 47504780996402: hp 70->68 | total wins 572/591
01:47:30 [592/4348] episode 47504780996400: hp 74->62 | total wins 573/592
01:47:30 [593/4348] episode 47504780996405: hp 41->41 | total wins 574/593
01:47:30 [594/4348] episode 47504780997404: hp 13->13 | total wins 575/594
01:47:30 [595/4348] episode 47504780994405: hp 70->58 | total wins 576/595
01:47:31 [596/4348] episode 47504780995401: hp 75->73 | total wins 577/596
01:47:31 [597/4348] episode 47504780993405: hp 50->6 | total wins 578/597
01:47:31 [598/4348] episode 47504780993406: hp 34->17 | total wins 579/598
01:47:32 [599/4348] episode 47504780997403: hp 45->21 | total wins 580/599
01:47:32 [600/4348] episode 47504780998401: hp 46->39 | total wins 581/600
01:47:32 [601/4348] episode 47504780998404: hp 49->48 | total wins 582/601
01:47:33 [602/4348] episode 47504780998405: hp 46->40 | total wins 583/602
01:47:33 [603/4348] episode 47504780994403: hp 64->24 | total wins 584/603
01:47:34 [604/4348] episode 47504780997405: hp 25->lost | total wins 584/604
01:47:34 [605/4348] episode 47504780998403: hp 62->27 | total wins 585/605
01:47:34 [606/4348] episode 47504781000400: hp 75->75 | total wins 586/606
01:47:35 [607/4348] episode 47504780997402: hp 59->30 | total wins 587/607
01:47:35 [608/4348] episode 47504781000401: hp 72->69 | total wins 588/608
01:47:36 [609/4348] episode 47504781001405: hp 31->31 | total wins 589/609
01:47:36 [610/4348] episode 47504780999400: hp 67->48 | total wins 590/610
01:47:36 [611/4348] episode 47504780999404: hp 62->28 | total wins 591/611
01:47:36 [612/4348] episode 47504781001401: hp 63->69 | total wins 592/612
01:47:36 [613/4348] episode 47504781002400: hp 64->64 | total wins 593/613
01:47:37 [614/4348] episode 47504780999403: hp 54->53 | total wins 594/614
01:47:37 [615/4348] episode 47504781000403: hp 30->23 | total wins 595/615
01:47:37 [616/4348] episode 47504781002402: hp 65->51 | total wins 596/616
01:47:37 [617/4348] episode 47504781003405: hp 75->75 | total wins 597/617
01:47:39 [618/4348] episode 47504781004402: hp 70->38 | total wins 598/618
01:47:39 [619/4348] episode 47504781003402: hp 69->60 | total wins 599/619
01:47:39 [620/4348] episode 47504781002403: hp 37->19 | total wins 600/620
01:47:40 [621/4348] episode 47504781001403: hp 36->31 | total wins 601/621
01:47:41 [622/4348] episode 47504781004403: hp 41->13 | total wins 602/622
01:47:41 [623/4348] episode 47504781002406: hp 31->26 | total wins 603/623
01:47:41 [624/4348] episode 47504781002404: hp 44->15 | total wins 604/624
01:47:42 [625/4348] episode 47504781005402: hp 75->66 | total wins 605/625
01:47:42 [626/4348] episode 47504781002405: hp 28->26 | total wins 606/626
01:47:43 [627/4348] episode 47504781005401: hp 64->52 | total wins 607/627
01:47:43 [628/4348] episode 47504781006402: hp 34->27 | total wins 608/628
01:47:43 [629/4348] episode 47504781005403: hp 68->33 | total wins 609/629
01:47:43 [630/4348] episode 47504781003403: hp 75->71 | total wins 610/630
01:47:43 [631/4348] episode 47504781006401: hp 55->52 | total wins 611/631
01:47:44 [632/4348] episode 47504781006400: hp 75->65 | total wins 612/632
01:47:45 [633/4348] episode 47504781008400: hp 54->53 | total wins 613/633
01:47:45 [634/4348] episode 47504781007405: hp 19->13 | total wins 614/634
01:47:45 [635/4348] episode 47504781008405: hp 52->52 | total wins 615/635
01:47:45 [636/4348] episode 47504781008406: hp 40->40 | total wins 616/636
01:47:45 [637/4348] episode 47504781008403: hp 51->45 | total wins 617/637
01:47:45 [638/4348] episode 47504781007401: hp 59->59 | total wins 618/638
01:47:46 [639/4348] episode 47504781005404: hp 35->8 | total wins 619/639
01:47:46 [640/4348] episode 47504781007404: hp 49->37 | total wins 620/640
01:47:46 [641/4348] episode 47504781009400: hp 68->62 | total wins 621/641
01:47:47 [642/4348] episode 47504781010400: hp 70->64 | total wins 622/642
01:47:47 [643/4348] episode 47504781010402: hp 60->60 | total wins 623/643
01:47:48 [644/4348] episode 47504781009402: hp 75->64 | total wins 624/644
01:47:48 [645/4348] episode 47504781008404: hp 59->45 | total wins 625/645
01:47:49 [646/4348] episode 47504781009404: hp 30->27 | total wins 626/646
01:47:50 [647/4348] episode 47504781010406: hp 38->27 | total wins 627/647
01:47:50 [648/4348] episode 47504781010404: hp 33->20 | total wins 628/648
01:47:51 [649/4348] episode 47504781011400: hp 62->53 | total wins 629/649
01:47:51 [650/4348] episode 47504781010405: hp 53->49 | total wins 630/650
01:47:51 [651/4348] episode 47504781007403: hp 29->29 | total wins 631/651
01:47:51 [652/4348] episode 47504781012404: hp 53->53 | total wins 632/652
01:47:53 [653/4348] episode 47504781010403: hp 39->4 | total wins 633/653
01:47:53 [654/4348] episode 47504781013404: hp 32->32 | total wins 634/654
01:47:53 [655/4348] episode 47504781013403: hp 35->31 | total wins 635/655
01:47:53 [656/4348] episode 47504781007406: hp 46->27 | total wins 636/656
01:47:53 [657/4348] episode 47504781009403: hp 70->38 | total wins 637/657
01:47:54 [658/4348] episode 47504781012403: hp 61->61 | total wins 638/658
01:47:54 [659/4348] episode 47504781014401: hp 71->63 | total wins 639/659
01:47:55 [660/4348] episode 47504781012400: hp 75->75 | total wins 640/660
01:47:55 [661/4348] episode 47504781014400: hp 67->66 | total wins 641/661
01:47:55 [662/4348] episode 47504781012405: hp 52->41 | total wins 642/662
01:47:56 [663/4348] episode 47504781015400: hp 71->64 | total wins 643/663
01:47:56 [664/4348] episode 47504781014403: hp 50->53 | total wins 644/664
01:47:57 [665/4348] episode 47504781014402: hp 62->32 | total wins 645/665
01:47:58 [666/4348] episode 47504781015404: hp 66->61 | total wins 646/666
01:47:58 [667/4348] episode 47504781015407: hp 45->39 | total wins 647/667
01:47:58 [668/4348] episode 47504781016400: hp 58->46 | total wins 648/668
01:47:58 [669/4348] episode 47504781015403: hp 60->59 | total wins 649/669
01:47:58 [670/4348] episode 47504781015406: hp 71->33 | total wins 650/670
01:47:59 [671/4348] episode 47504781015401: hp 65->63 | total wins 651/671
01:47:59 [672/4348] episode 47504781016401: hp 52->40 | total wins 652/672
01:47:59 [673/4348] episode 47504781017400: hp 67->63 | total wins 653/673
01:48:00 [674/4348] episode 47504781016404: hp 70->38 | total wins 654/674
01:48:00 [675/4348] episode 47504781018403: hp 80->80 | total wins 655/675
01:48:00 [676/4348] episode 47504781016405: hp 44->23 | total wins 656/676
01:48:01 [677/4348] episode 47504781017403: hp 46->46 | total wins 657/677
01:48:01 [678/4348] episode 47504781017404: hp 70->57 | total wins 658/678
01:48:01 [679/4348] episode 47504781015405: hp 58->56 | total wins 659/679
01:48:02 [680/4348] episode 47504781016403: hp 66->67 | total wins 660/680
01:48:02 [681/4348] episode 47504781018404: hp 80->78 | total wins 661/681
01:48:02 [682/4348] episode 47504781019403: hp 75->69 | total wins 662/682
01:48:04 [683/4348] episode 47504781019405: hp 78->55 | total wins 663/683
01:48:04 [684/4348] episode 47504781012402: hp 70->5 | total wins 664/684
01:48:04 [685/4348] episode 47504781018407: hp 50->35 | total wins 665/685
01:48:04 [686/4348] episode 47504781019406: hp 69->80 | total wins 666/686
01:48:05 [687/4348] episode 47504781017405: hp 74->61 | total wins 667/687
01:48:05 [688/4348] episode 47504781021401: hp 71->75 | total wins 668/688
01:48:05 [689/4348] episode 47504781020404: hp 33->20 | total wins 669/689
01:48:06 [690/4348] episode 47504781022402: hp 49->49 | total wins 670/690
01:48:06 [691/4348] episode 47504781021404: hp 62->62 | total wins 671/691
01:48:07 [692/4348] episode 47504781018406: hp 22->2 | total wins 672/692
01:48:07 [693/4348] episode 47504781021405: hp 78->80 | total wins 673/693
01:48:07 [694/4348] episode 47504781021406: hp 72->69 | total wins 674/694
01:48:07 [695/4348] episode 47504781024404: hp 63->63 | total wins 675/695
01:48:08 [696/4348] episode 47504781018405: hp 71->15 | total wins 676/696
01:48:08 [697/4348] episode 47504781023404: hp 33->33 | total wins 677/697
01:48:08 [698/4348] episode 47504781001404: hp 58->42 | total wins 678/698
01:48:09 [699/4348] episode 47504781024403: hp 75->75 | total wins 679/699
01:48:09 [700/4348] episode 47504781022403: hp 53->53 | total wins 680/700
01:48:09 [701/4348] episode 47504781025400: hp 70->67 | total wins 681/701
01:48:10 [702/4348] episode 47504781020403: hp 36->2 | total wins 682/702
01:48:10 [703/4348] episode 47504781026403: hp 75->64 | total wins 683/703
01:48:10 [704/4348] episode 47504781026401: hp 69->67 | total wins 684/704
01:48:10 [705/4348] episode 47504781026400: hp 73->64 | total wins 685/705
01:48:10 [706/4348] episode 47504781022404: hp 52->50 | total wins 686/706
01:48:11 [707/4348] episode 47504781027401: hp 71->59 | total wins 687/707
01:48:12 [708/4348] episode 47504781026405: hp 54->40 | total wins 688/708
01:48:12 [709/4348] episode 47504781025402: hp 67->53 | total wins 689/709
01:48:12 [710/4348] episode 47504781028402: hp 68->74 | total wins 690/710
01:48:13 [711/4348] episode 47504781028404: hp 60->60 | total wins 691/711
01:48:14 [712/4348] episode 47504781028405: hp 58->42 | total wins 692/712
01:48:14 [713/4348] episode 47504781028400: hp 62->53 | total wins 693/713
01:48:14 [714/4348] episode 47504781025403: hp 63->3 | total wins 694/714
01:48:15 [715/4348] episode 47504781021402: hp 70->14 | total wins 695/715
01:48:15 [716/4348] episode 47504781029401: hp 73->61 | total wins 696/716
01:48:16 [717/4348] episode 47504781026404: hp 63->53 | total wins 697/717
01:48:16 [718/4348] episode 47504781025404: hp 55->40 | total wins 698/718
01:48:16 [719/4348] episode 47504781029400: hp 73->60 | total wins 699/719
01:48:16 [720/4348] episode 47504781028407: hp 44->44 | total wins 700/720
01:48:16 [721/4348] episode 47504781028406: hp 67->64 | total wins 701/721
01:48:18 [722/4348] episode 47504781030404: hp 75->67 | total wins 702/722
01:48:18 [723/4348] episode 47504781027403: hp 44->20 | total wins 703/723
01:48:18 [724/4348] episode 47504781028403: hp 62->57 | total wins 704/724
01:48:18 [725/4348] episode 47504781029405: hp 35->26 | total wins 705/725
01:48:19 [726/4348] episode 47504781029406: hp 65->65 | total wins 706/726
01:48:19 [727/4348] episode 47504781030405: hp 73->53 | total wins 707/727
01:48:19 [728/4348] episode 47504781030403: hp 75->62 | total wins 708/728
01:48:19 [729/4348] episode 47504781031400: hp 63->51 | total wins 709/729
01:48:19 [730/4348] episode 47504781030400: hp 63->57 | total wins 710/730
01:48:20 [731/4348] episode 47504781031404: hp 18->6 | total wins 711/731
01:48:20 [732/4348] episode 47504781030406: hp 62->37 | total wins 712/732
01:48:20 [733/4348] episode 47504781032401: hp 68->75 | total wins 713/733
01:48:21 [734/4348] episode 47504781032402: hp 75->68 | total wins 714/734
01:48:21 [735/4348] episode 47504781033402: hp 51->51 | total wins 715/735
01:48:21 [736/4348] episode 47504781029403: hp 61->52 | total wins 716/736
01:48:23 [737/4348] episode 47504781032405: hp 73->69 | total wins 717/737
01:48:23 [738/4348] episode 47504781033405: hp 27->1 | total wins 718/738
01:48:24 [739/4348] episode 47504781033404: hp 74->39 | total wins 719/739
01:48:24 [740/4348] episode 47504781032404: hp 39->20 | total wins 720/740
01:48:24 [741/4348] episode 47504781032407: hp 57->48 | total wins 721/741
01:48:24 [742/4348] episode 47504781034405: hp 38->38 | total wins 722/742
01:48:26 [743/4348] episode 47504781035404: hp 20->17 | total wins 723/743
01:48:26 [744/4348] episode 47504781035400: hp 72->66 | total wins 724/744
01:48:26 [745/4348] episode 47504781035405: hp 15->6 | total wins 725/745
01:48:27 [746/4348] episode 47504781035403: hp 51->19 | total wins 726/746
01:48:27 [747/4348] episode 47504781033403: hp 53->18 | total wins 727/747
01:48:27 [748/4348] episode 47504781036404: hp 48->48 | total wins 728/748
01:48:27 [749/4348] episode 47504781037401: hp 32->32 | total wins 729/749
01:48:28 [750/4348] episode 47504781037400: hp 75->63 | total wins 730/750
01:48:28 [751/4348] episode 47504781036403: hp 40->40 | total wins 731/751
01:48:28 [752/4348] episode 47504781035401: hp 74->67 | total wins 732/752
01:48:28 [753/4348] episode 47504781036400: hp 67->66 | total wins 733/753
01:48:28 [754/4348] episode 47504781034404: hp 75->43 | total wins 734/754
01:48:28 [755/4348] episode 47504781034403: hp 75->56 | total wins 735/755
01:48:30 [756/4348] episode 47504781038403: hp 54->54 | total wins 736/756
01:48:30 [757/4348] episode 47504781038407: hp 22->13 | total wins 737/757
01:48:30 [758/4348] episode 47504781038401: hp 58->45 | total wins 738/758
01:48:31 [759/4348] episode 47504781039400: hp 67->57 | total wins 739/759
01:48:31 [760/4348] episode 47504781038408: hp 14->12 | total wins 740/760
01:48:31 [761/4348] episode 47504781037405: hp 75->58 | total wins 741/761
01:48:32 [762/4348] episode 47504781039403: hp 41->31 | total wins 742/762
01:48:32 [763/4348] episode 47504781032406: hp 50->34 | total wins 743/763
01:48:33 [764/4348] episode 47504781038404: hp 45->41 | total wins 744/764
01:48:34 [765/4348] episode 47504781041401: hp 70->64 | total wins 745/765
01:48:34 [766/4348] episode 47504781039405: hp 57->55 | total wins 746/766
01:48:34 [767/4348] episode 47504781040403: hp 75->55 | total wins 747/767
01:48:35 [768/4348] episode 47504781037404: hp 63->49 | total wins 748/768
01:48:35 [769/4348] episode 47504781039402: hp 57->17 | total wins 749/769
01:48:35 [770/4348] episode 47504781040405: hp 74->68 | total wins 750/770
01:48:36 [771/4348] episode 47504781042403: hp 68->68 | total wins 751/771
01:48:36 [772/4348] episode 47504781040404: hp 61->34 | total wins 752/772
01:48:36 [773/4348] episode 47504781041402: hp 63->58 | total wins 753/773
01:48:36 [774/4348] episode 47504781042404: hp 51->39 | total wins 754/774
01:48:36 [775/4348] episode 47504781043404: hp 66->66 | total wins 755/775
01:48:37 [776/4348] episode 47504781043406: hp 75->68 | total wins 756/776
01:48:37 [777/4348] episode 47504781042401: hp 75->59 | total wins 757/777
01:48:37 [778/4348] episode 47504781042405: hp 35->25 | total wins 758/778
01:48:37 [779/4348] episode 47504781043403: hp 58->42 | total wins 759/779
01:48:38 [780/4348] episode 47504781039404: hp 46->46 | total wins 760/780
01:48:38 [781/4348] episode 47504781045400: hp 62->56 | total wins 761/781
01:48:38 [782/4348] episode 47504781044405: hp 14->11 | total wins 762/782
01:48:39 [783/4348] episode 47504781043405: hp 74->64 | total wins 763/783
01:48:39 [784/4348] episode 47504781046402: hp 34->34 | total wins 764/784
01:48:39 [785/4348] episode 47504781046400: hp 62->59 | total wins 765/785
01:48:39 [786/4348] episode 47504781044403: hp 60->59 | total wins 766/786
01:48:40 [787/4348] episode 47504781046405: hp 49->49 | total wins 767/787
01:48:40 [788/4348] episode 47504781040406: hp 74->65 | total wins 768/788
01:48:41 [789/4348] episode 47504781046401: hp 48->33 | total wins 769/789
01:48:42 [790/4348] episode 47504781045402: hp 46->17 | total wins 770/790
01:48:42 [791/4348] episode 47504781044402: hp 41->19 | total wins 771/791
01:48:43 [792/4348] episode 47504781046403: hp 65->53 | total wins 772/792
01:48:43 [793/4348] episode 47504781047403: hp 38->lost | total wins 772/793
01:48:43 [794/4348] episode 47504781048404: hp 75->75 | total wins 773/794
01:48:44 [795/4348] episode 47504781045405: hp 17->7 | total wins 774/795
01:48:44 [796/4348] episode 47504781048405: hp 68->36 | total wins 775/796
01:48:44 [797/4348] episode 47504781048403: hp 73->75 | total wins 776/797
01:48:44 [798/4348] episode 47504781048402: hp 68->60 | total wins 777/798
01:48:46 [799/4348] episode 47504781048406: hp 61->46 | total wins 778/799
01:48:46 [800/4348] episode 47504781050400: hp 57->36 | total wins 779/800
01:48:46 [801/4348] episode 47504781050402: hp 47->37 | total wins 780/801
01:48:47 [802/4348] episode 47504781052402: hp 71->59 | total wins 781/802
01:48:48 [803/4348] episode 47504781052401: hp 75->65 | total wins 782/803
01:48:48 [804/4348] episode 47504781051402: hp 69->65 | total wins 783/804
01:48:49 [805/4348] episode 47504781052403: hp 66->57 | total wins 784/805
01:48:49 [806/4348] episode 47504781041403: hp 66->lost | total wins 784/806
01:48:49 [807/4348] episode 47504781052405: hp 75->75 | total wins 785/807
01:48:50 [808/4348] episode 47504781050403: hp 53->47 | total wins 786/808
01:48:51 [809/4348] episode 47504781049403: hp 58->58 | total wins 787/809
01:48:51 [810/4348] episode 47504781054400: hp 63->51 | total wins 788/810
01:48:52 [811/4348] episode 47504781048407: hp 44->32 | total wins 789/811
01:48:52 [812/4348] episode 47504781054403: hp 14->13 | total wins 790/812
01:48:52 [813/4348] episode 47504781052404: hp 64->60 | total wins 791/813
01:48:53 [814/4348] episode 47504781051403: hp 75->74 | total wins 792/814
01:48:53 [815/4348] episode 47504781053400: hp 75->56 | total wins 793/815
01:48:53 [816/4348] episode 47504781055402: hp 50->18 | total wins 794/816
01:48:54 [817/4348] episode 47504781056403: hp 55->54 | total wins 795/817
01:48:54 [818/4348] episode 47504781057404: hp 23->18 | total wins 796/818
01:48:54 [819/4348] episode 47504781056406: hp 20->15 | total wins 797/819
01:48:54 [820/4348] episode 47504781055404: hp 71->65 | total wins 798/820
01:48:54 [821/4348] episode 47504781053401: hp 44->34 | total wins 799/821
01:48:55 [822/4348] episode 47504781054404: hp 11->lost | total wins 799/822
01:48:55 [823/4348] episode 47504781051405: hp 43->5 | total wins 800/823
01:48:55 [824/4348] episode 47504781059403: hp 72->56 | total wins 801/824
01:48:55 [825/4348] episode 47504781060400: hp 75->68 | total wins 802/825
01:48:55 [826/4348] episode 47504781058403: hp 57->41 | total wins 803/826
01:48:56 [827/4348] episode 47504781060406: hp 61->61 | total wins 804/827
01:48:56 [828/4348] episode 47504781056405: hp 19->15 | total wins 805/828
01:48:56 [829/4348] episode 47504781058402: hp 57->56 | total wins 806/829
01:48:56 [830/4348] episode 47504781058400: hp 67->57 | total wins 807/830
01:48:57 [831/4348] episode 47504781060401: hp 75->75 | total wins 808/831
01:48:57 [832/4348] episode 47504781060402: hp 75->69 | total wins 809/832
01:48:57 [833/4348] episode 47504781061402: hp 75->72 | total wins 810/833
01:48:58 [834/4348] episode 47504781062401: hp 70->75 | total wins 811/834
01:48:59 [835/4348] episode 47504781060405: hp 75->64 | total wins 812/835
01:48:59 [836/4348] episode 47504781062400: hp 72->71 | total wins 813/836
01:49:00 [837/4348] episode 47504781062405: hp 4->4 | total wins 814/837
01:49:00 [838/4348] episode 47504781062406: hp 1->lost | total wins 814/838
01:49:01 [839/4348] episode 47504781061404: hp 73->71 | total wins 815/839
01:49:01 [840/4348] episode 47504781060404: hp 75->56 | total wins 816/840
01:49:01 [841/4348] episode 47504781063401: hp 73->73 | total wins 817/841
01:49:01 [842/4348] episode 47504781061405: hp 75->70 | total wins 818/842
01:49:02 [843/4348] episode 47504781063402: hp 72->56 | total wins 819/843
01:49:03 [844/4348] episode 47504781063404: hp 29->3 | total wins 820/844
01:49:03 [845/4348] episode 47504781063400: hp 67->63 | total wins 821/845
01:49:03 [846/4348] episode 47504781060403: hp 75->53 | total wins 822/846
01:49:03 [847/4348] episode 47504781064403: hp 66->66 | total wins 823/847
01:49:03 [848/4348] episode 47504781062403: hp 52->lost | total wins 823/848
01:49:03 [849/4348] episode 47504781064401: hp 62->59 | total wins 824/849
01:49:03 [850/4348] episode 47504781063403: hp 41->33 | total wins 825/850
01:49:04 [851/4348] episode 47504781063405: hp 29->27 | total wins 826/851
01:49:04 [852/4348] episode 47504781061403: hp 75->54 | total wins 827/852
01:49:05 [853/4348] episode 47504781064407: hp 67->67 | total wins 828/853
01:49:05 [854/4348] episode 47504781066404: hp 62->62 | total wins 829/854
01:49:07 [855/4348] episode 47504781066403: hp 56->49 | total wins 830/855
01:49:07 [856/4348] episode 47504781065404: hp 30->lost | total wins 830/856
01:49:07 [857/4348] episode 47504781064404: hp 72->72 | total wins 831/857
01:49:07 [858/4348] episode 47504781065402: hp 75->43 | total wins 832/858
01:49:09 [859/4348] episode 47504781064405: hp 70->67 | total wins 833/859
01:49:09 [860/4348] episode 47504781066406: hp 70->55 | total wins 834/860
01:49:09 [861/4348] episode 47504781067400: hp 71->64 | total wins 835/861
01:49:09 [862/4348] episode 47504781067405: hp 62->51 | total wins 836/862
01:49:09 [863/4348] episode 47504781065403: hp 53->16 | total wins 837/863
01:49:09 [864/4348] episode 47504781067403: hp 53->53 | total wins 838/864
01:49:10 [865/4348] episode 47504781066405: hp 40->28 | total wins 839/865
01:49:10 [866/4348] episode 47504781070403: hp 43->43 | total wins 840/866
01:49:11 [867/4348] episode 47504781071401: hp 61->54 | total wins 841/867
01:49:12 [868/4348] episode 47504781072400: hp 67->61 | total wins 842/868
01:49:12 [869/4348] episode 47504781067406: hp 31->23 | total wins 843/869
01:49:12 [870/4348] episode 47504781071405: hp 1->1 | total wins 844/870
01:49:13 [871/4348] episode 47504781070404: hp 27->23 | total wins 845/871
01:49:13 [872/4348] episode 47504781069401: hp 49->9 | total wins 846/872
01:49:13 [873/4348] episode 47504781071406: hp 10->lost | total wins 846/873
01:49:14 [874/4348] episode 47504781072403: hp 73->41 | total wins 847/874
01:49:14 [875/4348] episode 47504781064406: hp 66->27 | total wins 848/875
01:49:14 [876/4348] episode 47504781073401: hp 71->70 | total wins 849/876
01:49:16 [877/4348] episode 47504781074400: hp 75->72 | total wins 850/877
01:49:17 [878/4348] episode 47504781071403: hp 52->8 | total wins 851/878
01:49:18 [879/4348] episode 47504781073404: hp 68->68 | total wins 852/879
01:49:18 [880/4348] episode 47504781074405: hp 55->52 | total wins 853/880
01:49:20 [881/4348] episode 47504781067404: hp 59->19 | total wins 854/881
01:49:20 [882/4348] episode 47504781072404: hp 59->9 | total wins 855/882
01:49:20 [883/4348] episode 47504781077403: hp 42->34 | total wins 856/883
01:49:21 [884/4348] episode 47504781074406: hp 60->59 | total wins 857/884
01:49:21 [885/4348] episode 47504781074404: hp 64->43 | total wins 858/885
01:49:21 [886/4348] episode 47504781077402: hp 70->62 | total wins 859/886
01:49:21 [887/4348] episode 47504781078404: hp 80->80 | total wins 860/887
01:49:21 [888/4348] episode 47504781073405: hp 64->38 | total wins 861/888
01:49:21 [889/4348] episode 47504781078400: hp 61->49 | total wins 862/889
01:49:22 [890/4348] episode 47504781077404: hp 63->60 | total wins 863/890
01:49:22 [891/4348] episode 47504781074407: hp 63->53 | total wins 864/891
01:49:22 [892/4348] episode 47504781077405: hp 70->58 | total wins 865/892
01:49:23 [893/4348] episode 47504781078402: hp 58->71 | total wins 866/893
01:49:24 [894/4348] episode 47504781081402: hp 70->70 | total wins 867/894
01:49:24 [895/4348] episode 47504781080405: hp 43->43 | total wins 868/895
01:49:24 [896/4348] episode 47504781079402: hp 68->59 | total wins 869/896
01:49:25 [897/4348] episode 47504781080403: hp 66->59 | total wins 870/897
01:49:25 [898/4348] episode 47504781081401: hp 65->56 | total wins 871/898
01:49:25 [899/4348] episode 47504781082401: hp 15->7 | total wins 872/899
01:49:25 [900/4348] episode 47504781081403: hp 71->58 | total wins 873/900
01:49:26 [901/4348] episode 47504781079404: hp 30->lost | total wins 873/901
01:49:26 [902/4348] episode 47504781080402: hp 62->61 | total wins 874/902
01:49:26 [903/4348] episode 47504781078403: hp 65->55 | total wins 875/903
01:49:27 [904/4348] episode 47504781082404: hp 10->8 | total wins 876/904
01:49:27 [905/4348] episode 47504781083405: hp 36->36 | total wins 877/905
01:49:28 [906/4348] episode 47504781081404: hp 74->63 | total wins 878/906
01:49:28 [907/4348] episode 47504781083403: hp 61->49 | total wins 879/907
01:49:28 [908/4348] episode 47504781083402: hp 59->53 | total wins 880/908
01:49:29 [909/4348] episode 47504781082402: hp 62->40 | total wins 881/909
01:49:29 [910/4348] episode 47504781084401: hp 58->51 | total wins 882/910
01:49:29 [911/4348] episode 47504781076403: hp 73->31 | total wins 883/911
01:49:30 [912/4348] episode 47504781084402: hp 60->44 | total wins 884/912
01:49:30 [913/4348] episode 47504781086402: hp 75->75 | total wins 885/913
01:49:30 [914/4348] episode 47504781084400: hp 65->47 | total wins 886/914
01:49:30 [915/4348] episode 47504781083401: hp 35->33 | total wins 887/915
01:49:30 [916/4348] episode 47504781087405: hp 65->65 | total wins 888/916
01:49:31 [917/4348] episode 47504781085403: hp 61->31 | total wins 889/917
01:49:33 [918/4348] episode 47504781087407: hp 71->71 | total wins 890/918
01:49:33 [919/4348] episode 47504781088402: hp 22->8 | total wins 891/919
01:49:34 [920/4348] episode 47504781084405: hp 48->48 | total wins 892/920
01:49:34 [921/4348] episode 47504781084406: hp 61->60 | total wins 893/921
01:49:34 [922/4348] episode 47504781087402: hp 68->66 | total wins 894/922
01:49:34 [923/4348] episode 47504781088405: hp 1->lost | total wins 894/923
01:49:35 [924/4348] episode 47504781088404: hp 12->lost | total wins 894/924
01:49:35 [925/4348] episode 47504781085404: hp 46->lost | total wins 894/925
01:49:35 [926/4348] episode 47504781087404: hp 51->45 | total wins 895/926
01:49:36 [927/4348] episode 47504781087403: hp 39->42 | total wins 896/927
01:49:36 [928/4348] episode 47504781088403: hp 60->26 | total wins 897/928
01:49:36 [929/4348] episode 47504781089404: hp 68->62 | total wins 898/929
01:49:36 [930/4348] episode 47504781090402: hp 52->46 | total wins 899/930
01:49:37 [931/4348] episode 47504781089401: hp 65->63 | total wins 900/931
01:49:37 [932/4348] episode 47504781092402: hp 55->53 | total wins 901/932
01:49:37 [933/4348] episode 47504781092400: hp 75->69 | total wins 902/933
01:49:38 [934/4348] episode 47504781091406: hp 42->41 | total wins 903/934
01:49:38 [935/4348] episode 47504781092404: hp 36->22 | total wins 904/935
01:49:39 [936/4348] episode 47504781091403: hp 50->50 | total wins 905/936
01:49:40 [937/4348] episode 47504781093401: hp 75->61 | total wins 906/937
01:49:40 [938/4348] episode 47504781091405: hp 58->54 | total wins 907/938
01:49:40 [939/4348] episode 47504781093402: hp 64->62 | total wins 908/939
01:49:41 [940/4348] episode 47504781093406: hp 52->52 | total wins 909/940
01:49:41 [941/4348] episode 47504781093405: hp 64->48 | total wins 910/941
01:49:41 [942/4348] episode 47504781093404: hp 75->66 | total wins 911/942
01:49:42 [943/4348] episode 47504781093403: hp 67->49 | total wins 912/943
01:49:42 [944/4348] episode 47504781094403: hp 59->50 | total wins 913/944
01:49:43 [945/4348] episode 47504781095406: hp 9->lost | total wins 913/945
01:49:43 [946/4348] episode 47504781094400: hp 75->70 | total wins 914/946
01:49:44 [947/4348] episode 47504781095401: hp 70->56 | total wins 915/947
01:49:45 [948/4348] episode 47504781096402: hp 74->74 | total wins 916/948
01:49:45 [949/4348] episode 47504781092403: hp 61->41 | total wins 917/949
01:49:45 [950/4348] episode 47504781094404: hp 30->23 | total wins 918/950
01:49:46 [951/4348] episode 47504781095403: hp 69->59 | total wins 919/951
01:49:46 [952/4348] episode 47504781096400: hp 75->56 | total wins 920/952
01:49:47 [953/4348] episode 47504781097402: hp 54->44 | total wins 921/953
01:49:48 [954/4348] episode 47504781097403: hp 62->53 | total wins 922/954
01:49:48 [955/4348] episode 47504781096403: hp 67->65 | total wins 923/955
01:49:49 [956/4348] episode 47504781096405: hp 26->26 | total wins 924/956
01:49:49 [957/4348] episode 47504781095402: hp 70->67 | total wins 925/957
01:49:50 [958/4348] episode 47504781095405: hp 30->15 | total wins 926/958
01:49:51 [959/4348] episode 47504781097404: hp 57->49 | total wins 927/959
01:49:53 [960/4348] episode 47504781099404: hp 69->50 | total wins 928/960
01:49:54 [961/4348] episode 47504781098404: hp 41->32 | total wins 929/961
01:49:54 [962/4348] episode 47504781096404: hp 67->37 | total wins 930/962
01:49:54 [963/4348] episode 47504781098403: hp 25->20 | total wins 931/963
01:49:55 [964/4348] episode 47504781099405: hp 55->55 | total wins 932/964
01:49:55 [965/4348] episode 47504781099403: hp 75->75 | total wins 933/965
01:49:55 [966/4348] episode 47504781084404: hp 51->50 | total wins 934/966
01:49:55 [967/4348] episode 47504781100402: hp 64->63 | total wins 935/967
01:49:56 [968/4348] episode 47504781100403: hp 67->67 | total wins 936/968
01:49:56 [969/4348] episode 47504781101403: hp 75->74 | total wins 937/969
01:49:57 [970/4348] episode 47504781101407: hp 68->68 | total wins 938/970
01:49:58 [971/4348] episode 47504781101406: hp 75->74 | total wins 939/971
01:49:58 [972/4348] episode 47504781102404: hp 57->57 | total wins 940/972
01:49:58 [973/4348] episode 47504781102400: hp 73->60 | total wins 941/973
01:49:58 [974/4348] episode 47504781103403: hp 75->75 | total wins 942/974
01:49:58 [975/4348] episode 47504781103404: hp 72->72 | total wins 943/975
01:49:59 [976/4348] episode 47504781103402: hp 60->54 | total wins 944/976
01:50:00 [977/4348] episode 47504781098402: hp 75->lost | total wins 944/977
01:50:00 [978/4348] episode 47504781102405: hp 37->37 | total wins 945/978
01:50:00 [979/4348] episode 47504781103400: hp 59->51 | total wins 946/979
01:50:01 [980/4348] episode 47504781101404: hp 52->41 | total wins 947/980
01:50:01 [981/4348] episode 47504781100405: hp 36->29 | total wins 948/981
01:50:01 [982/4348] episode 47504781101405: hp 66->62 | total wins 949/982
01:50:02 [983/4348] episode 47504781104404: hp 51->51 | total wins 950/983
01:50:02 [984/4348] episode 47504781105402: hp 73->67 | total wins 951/984
01:50:03 [985/4348] episode 47504781103405: hp 68->54 | total wins 952/985
01:50:03 [986/4348] episode 47504781106404: hp 75->75 | total wins 953/986
01:50:03 [987/4348] episode 47504781104405: hp 75->75 | total wins 954/987
01:50:04 [988/4348] episode 47504781106403: hp 51->38 | total wins 955/988
01:50:04 [989/4348] episode 47504781106402: hp 75->75 | total wins 956/989
01:50:04 [990/4348] episode 47504781105403: hp 75->27 | total wins 957/990
01:50:05 [991/4348] episode 47504781107400: hp 54->48 | total wins 958/991
01:50:06 [992/4348] episode 47504781107406: hp 42->33 | total wins 959/992
01:50:06 [993/4348] episode 47504781107405: hp 48->44 | total wins 960/993
01:50:07 [994/4348] episode 47504781105404: hp 37->37 | total wins 961/994
01:50:07 [995/4348] episode 47504781104403: hp 61->58 | total wins 962/995
01:50:08 [996/4348] episode 47504781108406: hp 39->33 | total wins 963/996
01:50:09 [997/4348] episode 47504781108404: hp 41->13 | total wins 964/997
01:50:09 [998/4348] episode 47504781102403: hp 63->36 | total wins 965/998
01:50:09 [999/4348] episode 47504781107403: hp 63->62 | total wins 966/999
01:50:09 [1000/4348] episode 47504781109401: hp 59->59 | total wins 967/1000
01:50:10 [1001/4348] episode 47504781110400: hp 64->58 | total wins 968/1001
01:50:10 [1002/4348] episode 47504781109403: hp 34->7 | total wins 969/1002
01:50:10 [1003/4348] episode 47504781106405: hp 74->59 | total wins 970/1003
01:50:10 [1004/4348] episode 47504781108400: hp 57->41 | total wins 971/1004
01:50:11 [1005/4348] episode 47504781108405: hp 54->43 | total wins 972/1005
01:50:12 [1006/4348] episode 47504781111403: hp 47->41 | total wins 973/1006
01:50:12 [1007/4348] episode 47504781111401: hp 75->74 | total wins 974/1007
01:50:13 [1008/4348] episode 47504781105405: hp 49->lost | total wins 974/1008
01:50:13 [1009/4348] episode 47504781111400: hp 67->46 | total wins 975/1009
01:50:13 [1010/4348] episode 47504781110405: hp 41->38 | total wins 976/1010
01:50:14 [1011/4348] episode 47504781110407: hp 31->31 | total wins 977/1011
01:50:14 [1012/4348] episode 47504781111405: hp 11->10 | total wins 978/1012
01:50:14 [1013/4348] episode 47504781110404: hp 68->45 | total wins 979/1013
01:50:15 [1014/4348] episode 47504781111404: hp 61->59 | total wins 980/1014
01:50:15 [1015/4348] episode 47504781112401: hp 75->71 | total wins 981/1015
01:50:15 [1016/4348] episode 47504781111406: hp 43->28 | total wins 982/1016
01:50:16 [1017/4348] episode 47504781110403: hp 66->46 | total wins 983/1017
01:50:16 [1018/4348] episode 47504781112400: hp 70->66 | total wins 984/1018
01:50:16 [1019/4348] episode 47504781110406: hp 40->29 | total wins 985/1019
01:50:17 [1020/4348] episode 47504781113406: hp 67->53 | total wins 986/1020
01:50:17 [1021/4348] episode 47504781114403: hp 25->1 | total wins 987/1021
01:50:18 [1022/4348] episode 47504781112404: hp 52->40 | total wins 988/1022
01:50:18 [1023/4348] episode 47504781113403: hp 61->47 | total wins 989/1023
01:50:19 [1024/4348] episode 47504781115400: hp 75->68 | total wins 990/1024
01:50:20 [1025/4348] episode 47504781115402: hp 68->43 | total wins 991/1025
01:50:20 [1026/4348] episode 47504781114405: hp 37->28 | total wins 992/1026
01:50:20 [1027/4348] episode 47504781113404: hp 61->34 | total wins 993/1027
01:50:21 [1028/4348] episode 47504781117401: hp 56->56 | total wins 994/1028
01:50:22 [1029/4348] episode 47504781113405: hp 37->lost | total wins 994/1029
01:50:23 [1030/4348] episode 47504781115405: hp 54->43 | total wins 995/1030
01:50:23 [1031/4348] episode 47504781114402: hp 66->26 | total wins 996/1031
01:50:23 [1032/4348] episode 47504781115406: hp 28->20 | total wins 997/1032
01:50:24 [1033/4348] episode 47504781117404: hp 40->40 | total wins 998/1033
01:50:24 [1034/4348] episode 47504781117405: hp 60->60 | total wins 999/1034
01:50:24 [1035/4348] episode 47504781116404: hp 53->42 | total wins 1000/1035
01:50:25 [1036/4348] episode 47504781113407: hp 45->23 | total wins 1001/1036
01:50:25 [1037/4348] episode 47504781118402: hp 53->43 | total wins 1002/1037
01:50:25 [1038/4348] episode 47504781119401: hp 62->65 | total wins 1003/1038
01:50:26 [1039/4348] episode 47504781119400: hp 69->60 | total wins 1004/1039
01:50:26 [1040/4348] episode 47504781119404: hp 47->47 | total wins 1005/1040
01:50:27 [1041/4348] episode 47504781119403: hp 69->68 | total wins 1006/1041
01:50:27 [1042/4348] episode 47504781119406: hp 80->64 | total wins 1007/1042
01:50:27 [1043/4348] episode 47504781120404: hp 46->46 | total wins 1008/1043
01:50:28 [1044/4348] episode 47504781120403: hp 71->71 | total wins 1009/1044
01:50:28 [1045/4348] episode 47504781121401: hp 33->20 | total wins 1010/1045
01:50:29 [1046/4348] episode 47504781118401: hp 61->lost | total wins 1010/1046
01:50:29 [1047/4348] episode 47504781115403: hp 71->32 | total wins 1011/1047
01:50:30 [1048/4348] episode 47504781121404: hp 35->25 | total wins 1012/1048
01:50:30 [1049/4348] episode 47504781122402: hp 75->73 | total wins 1013/1049
01:50:30 [1050/4348] episode 47504781122403: hp 60->49 | total wins 1014/1050
01:50:30 [1051/4348] episode 47504781119405: hp 61->55 | total wins 1015/1051
01:50:30 [1052/4348] episode 47504781123403: hp 69->51 | total wins 1016/1052
01:50:32 [1053/4348] episode 47504781123406: hp 80->75 | total wins 1017/1053
01:50:32 [1054/4348] episode 47504781119407: hp 80->47 | total wins 1018/1054
01:50:32 [1055/4348] episode 47504781122405: hp 16->12 | total wins 1019/1055
01:50:32 [1056/4348] episode 47504781124402: hp 69->69 | total wins 1020/1056
01:50:33 [1057/4348] episode 47504781122404: hp 27->lost | total wins 1020/1057
01:50:33 [1058/4348] episode 47504781123404: hp 75->54 | total wins 1021/1058
01:50:33 [1059/4348] episode 47504781123405: hp 72->74 | total wins 1022/1059
01:50:33 [1060/4348] episode 47504781125401: hp 50->44 | total wins 1023/1060
01:50:34 [1061/4348] episode 47504781124401: hp 67->67 | total wins 1024/1061
01:50:35 [1062/4348] episode 47504781124404: hp 60->54 | total wins 1025/1062
01:50:35 [1063/4348] episode 47504781128400: hp 50->48 | total wins 1026/1063
01:50:35 [1064/4348] episode 47504781126403: hp 25->lost | total wins 1026/1064
01:50:35 [1065/4348] episode 47504781124405: hp 27->27 | total wins 1027/1065
01:50:36 [1066/4348] episode 47504781121402: hp 54->31 | total wins 1028/1066
01:50:36 [1067/4348] episode 47504781127404: hp 52->34 | total wins 1029/1067
01:50:37 [1068/4348] episode 47504781127405: hp 65->61 | total wins 1030/1068
01:50:37 [1069/4348] episode 47504781128403: hp 16->1 | total wins 1031/1069
01:50:37 [1070/4348] episode 47504781128406: hp 39->36 | total wins 1032/1070
01:50:37 [1071/4348] episode 47504781129402: hp 35->32 | total wins 1033/1071
01:50:39 [1072/4348] episode 47504781125402: hp 35->lost | total wins 1033/1072
01:50:40 [1073/4348] episode 47504781128405: hp 19->6 | total wins 1034/1073
01:50:40 [1074/4348] episode 47504781128402: hp 67->36 | total wins 1035/1074
01:50:40 [1075/4348] episode 47504781130403: hp 59->49 | total wins 1036/1075
01:50:41 [1076/4348] episode 47504781131403: hp 44->43 | total wins 1037/1076
01:50:41 [1077/4348] episode 47504781129403: hp 33->21 | total wins 1038/1077
01:50:42 [1078/4348] episode 47504781131402: hp 64->29 | total wins 1039/1078
01:50:42 [1079/4348] episode 47504781131404: hp 52->48 | total wins 1040/1079
01:50:42 [1080/4348] episode 47504781133404: hp 55->47 | total wins 1041/1080
01:50:42 [1081/4348] episode 47504781134402: hp 59->47 | total wins 1042/1081
01:50:42 [1082/4348] episode 47504781131400: hp 69->53 | total wins 1043/1082
01:50:43 [1083/4348] episode 47504781132401: hp 71->59 | total wins 1044/1083
01:50:43 [1084/4348] episode 47504781133403: hp 75->68 | total wins 1045/1084
01:50:43 [1085/4348] episode 47504781131405: hp 49->47 | total wins 1046/1085
01:50:44 [1086/4348] episode 47504781136403: hp 48->48 | total wins 1047/1086
01:50:45 [1087/4348] episode 47504781136405: hp 14->lost | total wins 1047/1087
01:50:45 [1088/4348] episode 47504781136401: hp 64->60 | total wins 1048/1088
01:50:45 [1089/4348] episode 47504781134404: hp 33->lost | total wins 1048/1089
01:50:46 [1090/4348] episode 47504781137401: hp 60->60 | total wins 1049/1090
01:50:46 [1091/4348] episode 47504781134403: hp 57->47 | total wins 1050/1091
01:50:46 [1092/4348] episode 47504781136402: hp 58->19 | total wins 1051/1092
01:50:47 [1093/4348] episode 47504781134405: hp 35->3 | total wins 1052/1093
01:50:47 [1094/4348] episode 47504781137405: hp 35->21 | total wins 1053/1094
01:50:48 [1095/4348] episode 47504781139400: hp 71->70 | total wins 1054/1095
01:50:48 [1096/4348] episode 47504781135403: hp 42->lost | total wins 1054/1096
01:50:49 [1097/4348] episode 47504781137406: hp 6->lost | total wins 1054/1097
01:50:49 [1098/4348] episode 47504781132402: hp 49->lost | total wins 1054/1098
01:50:49 [1099/4348] episode 47504781137404: hp 32->29 | total wins 1055/1099
01:50:50 [1100/4348] episode 47504781139403: hp 71->70 | total wins 1056/1100
01:50:50 [1101/4348] episode 47504781137403: hp 60->14 | total wins 1057/1101
01:50:51 [1102/4348] episode 47504781140403: hp 40->9 | total wins 1058/1102
01:50:51 [1103/4348] episode 47504781138403: hp 40->13 | total wins 1059/1103
01:50:51 [1104/4348] episode 47504781139404: hp 75->74 | total wins 1060/1104
01:50:51 [1105/4348] episode 47504781140402: hp 28->20 | total wins 1061/1105
01:50:51 [1106/4348] episode 47504781141401: hp 75->73 | total wins 1062/1106
01:50:51 [1107/4348] episode 47504781141402: hp 61->57 | total wins 1063/1107
01:50:52 [1108/4348] episode 47504781142405: hp 20->20 | total wins 1064/1108
01:50:52 [1109/4348] episode 47504781138404: hp 41->lost | total wins 1064/1109
01:50:52 [1110/4348] episode 47504781142400: hp 72->70 | total wins 1065/1110
01:50:52 [1111/4348] episode 47504781142402: hp 75->68 | total wins 1066/1111
01:50:53 [1112/4348] episode 47504781141404: hp 52->36 | total wins 1067/1112
01:50:53 [1113/4348] episode 47504781142403: hp 75->59 | total wins 1068/1113
01:50:53 [1114/4348] episode 47504781142401: hp 51->49 | total wins 1069/1114
01:50:53 [1115/4348] episode 47504781143405: hp 67->57 | total wins 1070/1115
01:50:54 [1116/4348] episode 47504781143400: hp 67->66 | total wins 1071/1116
01:50:54 [1117/4348] episode 47504781143403: hp 68->75 | total wins 1072/1117
01:50:54 [1118/4348] episode 47504781143407: hp 38->31 | total wins 1073/1118
01:50:55 [1119/4348] episode 47504781144404: hp 45->35 | total wins 1074/1119
01:50:55 [1120/4348] episode 47504781144405: hp 46->46 | total wins 1075/1120
01:50:55 [1121/4348] episode 47504781144401: hp 75->69 | total wins 1076/1121
01:50:55 [1122/4348] episode 47504781141403: hp 62->33 | total wins 1077/1122
01:50:56 [1123/4348] episode 47504781145400: hp 75->65 | total wins 1078/1123
01:50:56 [1124/4348] episode 47504781143404: hp 60->40 | total wins 1079/1124
01:50:56 [1125/4348] episode 47504781144403: hp 47->33 | total wins 1080/1125
01:50:56 [1126/4348] episode 47504781146404: hp 75->69 | total wins 1081/1126
01:50:57 [1127/4348] episode 47504781145403: hp 75->75 | total wins 1082/1127
01:50:57 [1128/4348] episode 47504781145406: hp 44->39 | total wins 1083/1128
01:50:57 [1129/4348] episode 47504781147401: hp 35->31 | total wins 1084/1129
01:50:57 [1130/4348] episode 47504781145405: hp 46->33 | total wins 1085/1130
01:50:58 [1131/4348] episode 47504781149404: hp 37->30 | total wins 1086/1131
01:50:58 [1132/4348] episode 47504781148404: hp 54->55 | total wins 1087/1132
01:50:58 [1133/4348] episode 47504781150405: hp 49->49 | total wins 1088/1133
01:50:58 [1134/4348] episode 47504781150403: hp 45->36 | total wins 1089/1134
01:50:58 [1135/4348] episode 47504781151402: hp 52->52 | total wins 1090/1135
01:50:59 [1136/4348] episode 47504781148403: hp 52->55 | total wins 1091/1136
01:50:59 [1137/4348] episode 47504781149403: hp 37->28 | total wins 1092/1137
01:51:00 [1138/4348] episode 47504781147403: hp 22->lost | total wins 1092/1138
01:51:00 [1139/4348] episode 47504781152404: hp 65->65 | total wins 1093/1139
01:51:00 [1140/4348] episode 47504781151404: hp 28->lost | total wins 1093/1140
01:51:00 [1141/4348] episode 47504781152402: hp 74->74 | total wins 1094/1141
01:51:00 [1142/4348] episode 47504781149405: hp 34->26 | total wins 1095/1142
01:51:00 [1143/4348] episode 47504781146405: hp 68->60 | total wins 1096/1143
01:51:01 [1144/4348] episode 47504781153400: hp 75->63 | total wins 1097/1144
01:51:01 [1145/4348] episode 47504781152400: hp 75->66 | total wins 1098/1145
01:51:01 [1146/4348] episode 47504781154403: hp 5->7 | total wins 1099/1146
01:51:01 [1147/4348] episode 47504781153403: hp 55->55 | total wins 1100/1147
01:51:02 [1148/4348] episode 47504781153402: hp 58->26 | total wins 1101/1148
01:51:02 [1149/4348] episode 47504781154402: hp 59->27 | total wins 1102/1149
01:51:02 [1150/4348] episode 47504781150404: hp 67->47 | total wins 1103/1150
01:51:02 [1151/4348] episode 47504781154404: hp 71->71 | total wins 1104/1151
01:51:02 [1152/4348] episode 47504781156405: hp 74->74 | total wins 1105/1152
01:51:02 [1153/4348] episode 47504781154401: hp 66->56 | total wins 1106/1153
01:51:03 [1154/4348] episode 47504781152403: hp 62->44 | total wins 1107/1154
01:51:04 [1155/4348] episode 47504781156401: hp 49->45 | total wins 1108/1155
01:51:04 [1156/4348] episode 47504781156404: hp 69->56 | total wins 1109/1156
01:51:04 [1157/4348] episode 47504781155405: hp 20->17 | total wins 1110/1157
01:51:04 [1158/4348] episode 47504781156402: hp 52->52 | total wins 1111/1158
01:51:05 [1159/4348] episode 47504781158404: hp 53->53 | total wins 1112/1159
01:51:05 [1160/4348] episode 47504781156406: hp 64->50 | total wins 1113/1160
01:51:06 [1161/4348] episode 47504781159400: hp 75->75 | total wins 1114/1161
01:51:06 [1162/4348] episode 47504781155402: hp 66->48 | total wins 1115/1162
01:51:06 [1163/4348] episode 47504781155404: hp 21->21 | total wins 1116/1163
01:51:06 [1164/4348] episode 47504781158400: hp 74->70 | total wins 1117/1164
01:51:07 [1165/4348] episode 47504781158406: hp 50->44 | total wins 1118/1165
01:51:08 [1166/4348] episode 47504781160400: hp 70->58 | total wins 1119/1166
01:51:08 [1167/4348] episode 47504781158403: hp 73->73 | total wins 1120/1167
01:51:08 [1168/4348] episode 47504781160405: hp 28->28 | total wins 1121/1168
01:51:09 [1169/4348] episode 47504781157402: hp 75->35 | total wins 1122/1169
01:51:09 [1170/4348] episode 47504781160404: hp 34->31 | total wins 1123/1170
01:51:10 [1171/4348] episode 47504781160406: hp 28->44 | total wins 1124/1171
01:51:10 [1172/4348] episode 47504781159404: hp 75->71 | total wins 1125/1172
01:51:12 [1173/4348] episode 47504781161405: hp 50->44 | total wins 1126/1173
01:51:13 [1174/4348] episode 47504781158405: hp 44->24 | total wins 1127/1174
01:51:13 [1175/4348] episode 47504781160407: hp 54->39 | total wins 1128/1175
01:51:14 [1176/4348] episode 47504781161401: hp 25->21 | total wins 1129/1176
01:51:14 [1177/4348] episode 47504781161404: hp 40->39 | total wins 1130/1177
01:51:15 [1178/4348] episode 47504781158407: hp 58->53 | total wins 1131/1178
01:51:15 [1179/4348] episode 47504781162405: hp 44->43 | total wins 1132/1179
01:51:16 [1180/4348] episode 47504781159403: hp 72->44 | total wins 1133/1180
01:51:16 [1181/4348] episode 47504781162404: hp 58->38 | total wins 1134/1181
01:51:17 [1182/4348] episode 47504781163406: hp 21->17 | total wins 1135/1182
01:51:17 [1183/4348] episode 47504781162403: hp 45->lost | total wins 1135/1183
01:51:18 [1184/4348] episode 47504781162406: hp 43->36 | total wins 1136/1184
01:51:19 [1185/4348] episode 47504781163404: hp 66->53 | total wins 1137/1185
01:51:20 [1186/4348] episode 47504781164404: hp 45->18 | total wins 1138/1186
01:51:20 [1187/4348] episode 47504781166400: hp 71->61 | total wins 1139/1187
01:51:21 [1188/4348] episode 47504781164401: hp 57->51 | total wins 1140/1188
01:51:21 [1189/4348] episode 47504781163403: hp 80->54 | total wins 1141/1189
01:51:22 [1190/4348] episode 47504781167403: hp 67->60 | total wins 1142/1190
01:51:22 [1191/4348] episode 47504781169401: hp 65->62 | total wins 1143/1191
01:51:23 [1192/4348] episode 47504781164402: hp 59->23 | total wins 1144/1192
01:51:23 [1193/4348] episode 47504781165401: hp 38->lost | total wins 1144/1193
01:51:23 [1194/4348] episode 47504781160403: hp 60->10 | total wins 1145/1194
01:51:23 [1195/4348] episode 47504781168405: hp 60->51 | total wins 1146/1195
01:51:23 [1196/4348] episode 47504781169403: hp 75->75 | total wins 1147/1196
01:51:24 [1197/4348] episode 47504781170404: hp 17->lost | total wins 1147/1197
01:51:24 [1198/4348] episode 47504781171400: hp 73->72 | total wins 1148/1198
01:51:25 [1199/4348] episode 47504781167401: hp 75->75 | total wins 1149/1199
01:51:25 [1200/4348] episode 47504781170405: hp 49->48 | total wins 1150/1200
01:51:26 [1201/4348] episode 47504781169404: hp 63->45 | total wins 1151/1201
01:51:26 [1202/4348] episode 47504781173402: hp 49->49 | total wins 1152/1202
01:51:27 [1203/4348] episode 47504781172405: hp 60->60 | total wins 1153/1203
01:51:27 [1204/4348] episode 47504781173403: hp 75->75 | total wins 1154/1204
01:51:27 [1205/4348] episode 47504781175403: hp 3->3 | total wins 1155/1205
01:51:27 [1206/4348] episode 47504781173404: hp 53->53 | total wins 1156/1206
01:51:28 [1207/4348] episode 47504781172404: hp 44->44 | total wins 1157/1207
01:51:28 [1208/4348] episode 47504781172401: hp 51->49 | total wins 1158/1208
01:51:30 [1209/4348] episode 47504781176402: hp 6->6 | total wins 1159/1209
01:51:30 [1210/4348] episode 47504781171402: hp 60->lost | total wins 1159/1210
01:51:30 [1211/4348] episode 47504781175404: hp 15->9 | total wins 1160/1211
01:51:31 [1212/4348] episode 47504781169405: hp 54->24 | total wins 1161/1212
01:51:31 [1213/4348] episode 47504781176404: hp 71->65 | total wins 1162/1213
01:51:32 [1214/4348] episode 47504781179401: hp 52->40 | total wins 1163/1214
01:51:32 [1215/4348] episode 47504781176403: hp 45->31 | total wins 1164/1215
01:51:33 [1216/4348] episode 47504781178401: hp 66->58 | total wins 1165/1216
01:51:33 [1217/4348] episode 47504781179400: hp 73->64 | total wins 1166/1217
01:51:34 [1218/4348] episode 47504781179402: hp 66->66 | total wins 1167/1218
01:51:34 [1219/4348] episode 47504781176400: hp 75->64 | total wins 1168/1219
01:51:34 [1220/4348] episode 47504781177403: hp 65->lost | total wins 1168/1220
01:51:34 [1221/4348] episode 47504781172402: hp 60->20 | total wins 1169/1221
01:51:34 [1222/4348] episode 47504781179404: hp 75->59 | total wins 1170/1222
01:51:35 [1223/4348] episode 47504781180405: hp 57->57 | total wins 1171/1223
01:51:35 [1224/4348] episode 47504781177402: hp 63->12 | total wins 1172/1224
01:51:36 [1225/4348] episode 47504781182400: hp 75->73 | total wins 1173/1225
01:51:37 [1226/4348] episode 47504781179403: hp 69->68 | total wins 1174/1226
01:51:37 [1227/4348] episode 47504781182402: hp 36->36 | total wins 1175/1227
01:51:37 [1228/4348] episode 47504781180404: hp 70->56 | total wins 1176/1228
01:51:37 [1229/4348] episode 47504781180402: hp 52->50 | total wins 1177/1229
01:51:37 [1230/4348] episode 47504781180401: hp 75->63 | total wins 1178/1230
01:51:37 [1231/4348] episode 47504781178403: hp 70->64 | total wins 1179/1231
01:51:37 [1232/4348] episode 47504781183406: hp 75->75 | total wins 1180/1232
01:51:38 [1233/4348] episode 47504781181403: hp 27->lost | total wins 1180/1233
01:51:38 [1234/4348] episode 47504781183404: hp 54->54 | total wins 1181/1234
01:51:39 [1235/4348] episode 47504781183403: hp 75->59 | total wins 1182/1235
01:51:39 [1236/4348] episode 47504781183401: hp 65->65 | total wins 1183/1236
01:51:40 [1237/4348] episode 47504781182403: hp 69->62 | total wins 1184/1237
01:51:40 [1238/4348] episode 47504781184401: hp 75->69 | total wins 1185/1238
01:51:40 [1239/4348] episode 47504781183405: hp 58->48 | total wins 1186/1239
01:51:40 [1240/4348] episode 47504781185404: hp 57->57 | total wins 1187/1240
01:51:41 [1241/4348] episode 47504781184402: hp 66->49 | total wins 1188/1241
01:51:42 [1242/4348] episode 47504781185406: hp 29->29 | total wins 1189/1242
01:51:42 [1243/4348] episode 47504781180403: hp 53->51 | total wins 1190/1243
01:51:44 [1244/4348] episode 47504781186404: hp 56->29 | total wins 1191/1244
01:51:46 [1245/4348] episode 47504781184403: hp 74->63 | total wins 1192/1245
01:51:46 [1246/4348] episode 47504781187400: hp 54->43 | total wins 1193/1246
01:51:46 [1247/4348] episode 47504781185400: hp 67->58 | total wins 1194/1247
01:51:46 [1248/4348] episode 47504781184407: hp 35->25 | total wins 1195/1248
01:51:46 [1249/4348] episode 47504781187402: hp 53->42 | total wins 1196/1249
01:51:47 [1250/4348] episode 47504781184404: hp 64->56 | total wins 1197/1250
01:51:47 [1251/4348] episode 47504781187405: hp 56->52 | total wins 1198/1251
01:51:47 [1252/4348] episode 47504781184405: hp 60->53 | total wins 1199/1252
01:51:48 [1253/4348] episode 47504781188403: hp 51->48 | total wins 1200/1253
01:51:48 [1254/4348] episode 47504781187403: hp 65->23 | total wins 1201/1254
01:51:49 [1255/4348] episode 47504781187406: hp 35->33 | total wins 1202/1255
01:51:49 [1256/4348] episode 47504781187404: hp 56->40 | total wins 1203/1256
01:51:49 [1257/4348] episode 47504781190402: hp 50->43 | total wins 1204/1257
01:51:50 [1258/4348] episode 47504781189402: hp 20->lost | total wins 1204/1258
01:51:50 [1259/4348] episode 47504781190400: hp 49->40 | total wins 1205/1259
01:51:50 [1260/4348] episode 47504781191405: hp 75->75 | total wins 1206/1260
01:51:51 [1261/4348] episode 47504781188401: hp 69->37 | total wins 1207/1261
01:51:51 [1262/4348] episode 47504781190406: hp 37->54 | total wins 1208/1262
01:51:51 [1263/4348] episode 47504781191404: hp 36->17 | total wins 1209/1263
01:51:51 [1264/4348] episode 47504781193401: hp 62->62 | total wins 1210/1264
01:51:52 [1265/4348] episode 47504781191402: hp 64->64 | total wins 1211/1265
01:51:52 [1266/4348] episode 47504781193402: hp 60->44 | total wins 1212/1266
01:51:53 [1267/4348] episode 47504781190404: hp 54->53 | total wins 1213/1267
01:51:53 [1268/4348] episode 47504781188402: hp 43->12 | total wins 1214/1268
01:51:54 [1269/4348] episode 47504781192404: hp 62->45 | total wins 1215/1269
01:51:54 [1270/4348] episode 47504781194401: hp 48->47 | total wins 1216/1270
01:51:54 [1271/4348] episode 47504781194403: hp 29->15 | total wins 1217/1271
01:51:55 [1272/4348] episode 47504781194402: hp 51->43 | total wins 1218/1272
01:51:55 [1273/4348] episode 47504781186403: hp 67->25 | total wins 1219/1273
01:51:56 [1274/4348] episode 47504781193403: hp 75->37 | total wins 1220/1274
01:51:56 [1275/4348] episode 47504781190403: hp 37->lost | total wins 1220/1275
01:51:56 [1276/4348] episode 47504781194404: hp 47->55 | total wins 1221/1276
01:51:57 [1277/4348] episode 47504781196400: hp 74->68 | total wins 1222/1277
01:51:57 [1278/4348] episode 47504781195403: hp 75->74 | total wins 1223/1278
01:51:58 [1279/4348] episode 47504781196406: hp 56->56 | total wins 1224/1279
01:51:58 [1280/4348] episode 47504781195405: hp 84->58 | total wins 1225/1280
01:51:59 [1281/4348] episode 47504781195407: hp 54->40 | total wins 1226/1281
01:51:59 [1282/4348] episode 47504781195406: hp 63->52 | total wins 1227/1282
01:51:59 [1283/4348] episode 47504781197403: hp 71->71 | total wins 1228/1283
01:51:59 [1284/4348] episode 47504781196403: hp 59->32 | total wins 1229/1284
01:51:59 [1285/4348] episode 47504781196405: hp 56->50 | total wins 1230/1285
01:52:00 [1286/4348] episode 47504781196404: hp 53->53 | total wins 1231/1286
01:52:01 [1287/4348] episode 47504781198402: hp 59->50 | total wins 1232/1287
01:52:01 [1288/4348] episode 47504781198400: hp 58->44 | total wins 1233/1288
01:52:03 [1289/4348] episode 47504781198405: hp 36->23 | total wins 1234/1289
01:52:03 [1290/4348] episode 47504781199402: hp 48->48 | total wins 1235/1290
01:52:03 [1291/4348] episode 47504781198406: hp 38->36 | total wins 1236/1291
01:52:04 [1292/4348] episode 47504781199404: hp 51->35 | total wins 1237/1292
01:52:04 [1293/4348] episode 47504781198403: hp 57->52 | total wins 1238/1293
01:52:04 [1294/4348] episode 47504781192401: hp 75->36 | total wins 1239/1294
01:52:04 [1295/4348] episode 47504781199401: hp 59->53 | total wins 1240/1295
01:52:05 [1296/4348] episode 47504781200401: hp 62->33 | total wins 1241/1296
01:52:06 [1297/4348] episode 47504781197404: hp 69->39 | total wins 1242/1297
01:52:06 [1298/4348] episode 47504781201404: hp 4->1 | total wins 1243/1298
01:52:06 [1299/4348] episode 47504781198404: hp 45->25 | total wins 1244/1299
01:52:06 [1300/4348] episode 47504781201401: hp 49->43 | total wins 1245/1300
01:52:06 [1301/4348] episode 47504781201405: hp 44->14 | total wins 1246/1301
01:52:06 [1302/4348] episode 47504781200400: hp 61->53 | total wins 1247/1302
01:52:07 [1303/4348] episode 47504781200404: hp 70->70 | total wins 1248/1303
01:52:07 [1304/4348] episode 47504781201406: hp 36->36 | total wins 1249/1304
01:52:07 [1305/4348] episode 47504781203402: hp 57->57 | total wins 1250/1305
01:52:09 [1306/4348] episode 47504781203406: hp 54->75 | total wins 1251/1306
01:52:09 [1307/4348] episode 47504781203405: hp 17->13 | total wins 1252/1307
01:52:09 [1308/4348] episode 47504781199403: hp 56->48 | total wins 1253/1308
01:52:10 [1309/4348] episode 47504781201403: hp 33->3 | total wins 1254/1309
01:52:10 [1310/4348] episode 47504781203404: hp 52->36 | total wins 1255/1310
01:52:10 [1311/4348] episode 47504781204401: hp 67->66 | total wins 1256/1311
01:52:10 [1312/4348] episode 47504781202400: hp 75->61 | total wins 1257/1312
01:52:12 [1313/4348] episode 47504781204404: hp 70->70 | total wins 1258/1313
01:52:13 [1314/4348] episode 47504781205405: hp 20->22 | total wins 1259/1314
01:52:13 [1315/4348] episode 47504781202405: hp 51->51 | total wins 1260/1315
01:52:13 [1316/4348] episode 47504781205407: hp 54->44 | total wins 1261/1316
01:52:14 [1317/4348] episode 47504781205401: hp 66->55 | total wins 1262/1317
01:52:14 [1318/4348] episode 47504781206400: hp 75->75 | total wins 1263/1318
01:52:15 [1319/4348] episode 47504781205404: hp 43->19 | total wins 1264/1319
01:52:15 [1320/4348] episode 47504781202402: hp 43->10 | total wins 1265/1320
01:52:15 [1321/4348] episode 47504781206402: hp 62->55 | total wins 1266/1321
01:52:15 [1322/4348] episode 47504781206404: hp 68->57 | total wins 1267/1322
01:52:16 [1323/4348] episode 47504781204403: hp 75->55 | total wins 1268/1323
01:52:16 [1324/4348] episode 47504781205406: hp 45->43 | total wins 1269/1324
01:52:17 [1325/4348] episode 47504781206405: hp 45->44 | total wins 1270/1325
01:52:17 [1326/4348] episode 47504781208402: hp 60->58 | total wins 1271/1326
01:52:18 [1327/4348] episode 47504781202404: hp 75->72 | total wins 1272/1327
01:52:19 [1328/4348] episode 47504781209401: hp 35->30 | total wins 1273/1328
01:52:19 [1329/4348] episode 47504781206406: hp 46->41 | total wins 1274/1329
01:52:20 [1330/4348] episode 47504781207402: hp 36->14 | total wins 1275/1330
01:52:20 [1331/4348] episode 47504781207404: hp 44->23 | total wins 1276/1331
01:52:20 [1332/4348] episode 47504781209403: hp 60->58 | total wins 1277/1332
01:52:21 [1333/4348] episode 47504781210400: hp 75->75 | total wins 1278/1333
01:52:21 [1334/4348] episode 47504781209402: hp 50->28 | total wins 1279/1334
01:52:22 [1335/4348] episode 47504781210403: hp 75->63 | total wins 1280/1335
01:52:22 [1336/4348] episode 47504781211401: hp 43->37 | total wins 1281/1336
01:52:23 [1337/4348] episode 47504781211403: hp 64->60 | total wins 1282/1337
01:52:23 [1338/4348] episode 47504781212401: hp 10->4 | total wins 1283/1338
01:52:23 [1339/4348] episode 47504781211402: hp 42->41 | total wins 1284/1339
01:52:23 [1340/4348] episode 47504781210404: hp 43->30 | total wins 1285/1340
01:52:23 [1341/4348] episode 47504781211404: hp 50->44 | total wins 1286/1341
01:52:24 [1342/4348] episode 47504781213400: hp 75->75 | total wins 1287/1342
01:52:25 [1343/4348] episode 47504781210401: hp 63->66 | total wins 1288/1343
01:52:25 [1344/4348] episode 47504781207405: hp 54->17 | total wins 1289/1344
01:52:26 [1345/4348] episode 47504781213402: hp 59->59 | total wins 1290/1345
01:52:26 [1346/4348] episode 47504781209404: hp 75->60 | total wins 1291/1346
01:52:26 [1347/4348] episode 47504781213404: hp 71->65 | total wins 1292/1347
01:52:27 [1348/4348] episode 47504781206403: hp 62->lost | total wins 1292/1348
01:52:27 [1349/4348] episode 47504781215405: hp 6->5 | total wins 1293/1349
01:52:28 [1350/4348] episode 47504781213406: hp 54->56 | total wins 1294/1350
01:52:29 [1351/4348] episode 47504781215407: hp 43->43 | total wins 1295/1351
01:52:29 [1352/4348] episode 47504781213405: hp 39->26 | total wins 1296/1352
01:52:29 [1353/4348] episode 47504781215401: hp 75->68 | total wins 1297/1353
01:52:30 [1354/4348] episode 47504781215402: hp 60->52 | total wins 1298/1354
01:52:30 [1355/4348] episode 47504781215406: hp 28->28 | total wins 1299/1355
01:52:31 [1356/4348] episode 47504781212402: hp 23->lost | total wins 1299/1356
01:52:31 [1357/4348] episode 47504781216403: hp 35->35 | total wins 1300/1357
01:52:31 [1358/4348] episode 47504781213403: hp 75->44 | total wins 1301/1358
01:52:32 [1359/4348] episode 47504781216402: hp 71->23 | total wins 1302/1359
01:52:32 [1360/4348] episode 47504781215408: hp 33->27 | total wins 1303/1360
01:52:32 [1361/4348] episode 47504781216400: hp 75->66 | total wins 1304/1361
01:52:33 [1362/4348] episode 47504781215403: hp 48->24 | total wins 1305/1362
01:52:33 [1363/4348] episode 47504781217404: hp 48->20 | total wins 1306/1363
01:52:34 [1364/4348] episode 47504781216404: hp 38->34 | total wins 1307/1364
01:52:34 [1365/4348] episode 47504781218402: hp 75->75 | total wins 1308/1365
01:52:34 [1366/4348] episode 47504781217405: hp 55->55 | total wins 1309/1366
01:52:35 [1367/4348] episode 47504781217402: hp 75->70 | total wins 1310/1367
01:52:35 [1368/4348] episode 47504781219402: hp 67->55 | total wins 1311/1368
01:52:36 [1369/4348] episode 47504781218403: hp 75->51 | total wins 1312/1369
01:52:36 [1370/4348] episode 47504781220405: hp 46->46 | total wins 1313/1370
01:52:37 [1371/4348] episode 47504781218404: hp 47->75 | total wins 1314/1371
01:52:37 [1372/4348] episode 47504781220403: hp 65->55 | total wins 1315/1372
01:52:37 [1373/4348] episode 47504781217401: hp 51->42 | total wins 1316/1373
01:52:38 [1374/4348] episode 47504781220407: hp 75->65 | total wins 1317/1374
01:52:39 [1375/4348] episode 47504781218405: hp 55->15 | total wins 1318/1375
01:52:39 [1376/4348] episode 47504781220404: hp 75->60 | total wins 1319/1376
01:52:39 [1377/4348] episode 47504781221400: hp 75->57 | total wins 1320/1377
01:52:39 [1378/4348] episode 47504781220406: hp 59->50 | total wins 1321/1378
01:52:39 [1379/4348] episode 47504781221402: hp 75->75 | total wins 1322/1379
01:52:40 [1380/4348] episode 47504781216405: hp 35->32 | total wins 1323/1380
01:52:40 [1381/4348] episode 47504781219404: hp 58->37 | total wins 1324/1381
01:52:40 [1382/4348] episode 47504781221404: hp 64->58 | total wins 1325/1382
01:52:40 [1383/4348] episode 47504781221405: hp 72->68 | total wins 1326/1383
01:52:40 [1384/4348] episode 47504781222401: hp 74->72 | total wins 1327/1384
01:52:40 [1385/4348] episode 47504781221406: hp 75->71 | total wins 1328/1385
01:52:41 [1386/4348] episode 47504781221403: hp 59->54 | total wins 1329/1386
01:52:41 [1387/4348] episode 47504781224400: hp 59->59 | total wins 1330/1387
01:52:42 [1388/4348] episode 47504781219403: hp 75->22 | total wins 1331/1388
01:52:42 [1389/4348] episode 47504781221407: hp 75->63 | total wins 1332/1389
01:52:42 [1390/4348] episode 47504781222402: hp 57->50 | total wins 1333/1390
01:52:43 [1391/4348] episode 47504781223404: hp 49->74 | total wins 1334/1391
01:52:43 [1392/4348] episode 47504781225403: hp 57->57 | total wins 1335/1392
01:52:43 [1393/4348] episode 47504781224405: hp 23->23 | total wins 1336/1393
01:52:44 [1394/4348] episode 47504781223403: hp 41->35 | total wins 1337/1394
01:52:44 [1395/4348] episode 47504781224401: hp 74->67 | total wins 1338/1395
01:52:44 [1396/4348] episode 47504781225401: hp 46->40 | total wins 1339/1396
01:52:44 [1397/4348] episode 47504781224406: hp 24->14 | total wins 1340/1397
01:52:45 [1398/4348] episode 47504781225405: hp 34->32 | total wins 1341/1398
01:52:46 [1399/4348] episode 47504781225406: hp 35->35 | total wins 1342/1399
01:52:47 [1400/4348] episode 47504781226404: hp 53->53 | total wins 1343/1400
01:52:47 [1401/4348] episode 47504781226405: hp 46->43 | total wins 1344/1401
01:52:47 [1402/4348] episode 47504781222404: hp 45->10 | total wins 1345/1402
01:52:47 [1403/4348] episode 47504781226402: hp 59->59 | total wins 1346/1403
01:52:48 [1404/4348] episode 47504781225404: hp 40->28 | total wins 1347/1404
01:52:49 [1405/4348] episode 47504781222403: hp 60->5 | total wins 1348/1405
01:52:49 [1406/4348] episode 47504781227402: hp 48->46 | total wins 1349/1406
01:52:50 [1407/4348] episode 47504781228404: hp 64->47 | total wins 1350/1407
01:52:50 [1408/4348] episode 47504781224403: hp 43->lost | total wins 1350/1408
01:52:51 [1409/4348] episode 47504781226406: hp 69->69 | total wins 1351/1409
01:52:52 [1410/4348] episode 47504781228400: hp 75->73 | total wins 1352/1410
01:52:52 [1411/4348] episode 47504781229401: hp 72->63 | total wins 1353/1411
01:52:53 [1412/4348] episode 47504781229402: hp 62->55 | total wins 1354/1412
01:52:53 [1413/4348] episode 47504781228405: hp 50->41 | total wins 1355/1413
01:52:54 [1414/4348] episode 47504781229404: hp 18->lost | total wins 1355/1414
01:52:54 [1415/4348] episode 47504781230400: hp 68->51 | total wins 1356/1415
01:52:54 [1416/4348] episode 47504781227404: hp 40->lost | total wins 1356/1416
01:52:55 [1417/4348] episode 47504781230405: hp 16->16 | total wins 1357/1417
01:52:55 [1418/4348] episode 47504781230404: hp 29->22 | total wins 1358/1418
01:52:57 [1419/4348] episode 47504781229403: hp 74->24 | total wins 1359/1419
01:52:57 [1420/4348] episode 47504781231405: hp 69->53 | total wins 1360/1420
01:52:58 [1421/4348] episode 47504781231403: hp 62->61 | total wins 1361/1421
01:52:59 [1422/4348] episode 47504781231404: hp 64->60 | total wins 1362/1422
01:52:59 [1423/4348] episode 47504781231407: hp 58->26 | total wins 1363/1423
01:52:59 [1424/4348] episode 47504781232402: hp 45->29 | total wins 1364/1424
01:52:59 [1425/4348] episode 47504781231406: hp 57->44 | total wins 1365/1425
01:52:59 [1426/4348] episode 47504781227403: hp 55->4 | total wins 1366/1426
01:53:00 [1427/4348] episode 47504781234401: hp 75->75 | total wins 1367/1427
01:53:00 [1428/4348] episode 47504781232405: hp 64->62 | total wins 1368/1428
01:53:00 [1429/4348] episode 47504781234403: hp 72->71 | total wins 1369/1429
01:53:01 [1430/4348] episode 47504781232401: hp 41->34 | total wins 1370/1430
01:53:01 [1431/4348] episode 47504781235403: hp 75->75 | total wins 1371/1431
01:53:02 [1432/4348] episode 47504781230403: hp 47->42 | total wins 1372/1432
01:53:02 [1433/4348] episode 47504781235404: hp 49->48 | total wins 1373/1433
01:53:03 [1434/4348] episode 47504781235401: hp 51->50 | total wins 1374/1434
01:53:03 [1435/4348] episode 47504781234404: hp 53->50 | total wins 1375/1435
01:53:03 [1436/4348] episode 47504781236401: hp 44->41 | total wins 1376/1436
01:53:05 [1437/4348] episode 47504781233404: hp 58->44 | total wins 1377/1437
01:53:05 [1438/4348] episode 47504781237400: hp 70->46 | total wins 1378/1438
01:53:05 [1439/4348] episode 47504781237402: hp 32->2 | total wins 1379/1439
01:53:06 [1440/4348] episode 47504781233406: hp 34->32 | total wins 1380/1440
01:53:07 [1441/4348] episode 47504781236404: hp 50->45 | total wins 1381/1441
01:53:07 [1442/4348] episode 47504781237404: hp 67->56 | total wins 1382/1442
01:53:07 [1443/4348] episode 47504781236403: hp 36->5 | total wins 1383/1443
01:53:07 [1444/4348] episode 47504781238402: hp 72->65 | total wins 1384/1444
01:53:08 [1445/4348] episode 47504781238403: hp 42->34 | total wins 1385/1445
01:53:08 [1446/4348] episode 47504781239400: hp 75->61 | total wins 1386/1446
01:53:08 [1447/4348] episode 47504781233405: hp 75->42 | total wins 1387/1447
01:53:09 [1448/4348] episode 47504781240401: hp 75->75 | total wins 1388/1448
01:53:09 [1449/4348] episode 47504781238405: hp 69->68 | total wins 1389/1449
01:53:09 [1450/4348] episode 47504781239401: hp 69->67 | total wins 1390/1450
01:53:09 [1451/4348] episode 47504781237403: hp 69->39 | total wins 1391/1451
01:53:09 [1452/4348] episode 47504781240400: hp 47->39 | total wins 1392/1452
01:53:10 [1453/4348] episode 47504781240402: hp 70->70 | total wins 1393/1453
01:53:10 [1454/4348] episode 47504781226403: hp 54->44 | total wins 1394/1454
01:53:11 [1455/4348] episode 47504781241402: hp 75->61 | total wins 1395/1455
01:53:11 [1456/4348] episode 47504781240403: hp 69->60 | total wins 1396/1456
01:53:11 [1457/4348] episode 47504781241401: hp 56->52 | total wins 1397/1457
01:53:12 [1458/4348] episode 47504781242402: hp 62->58 | total wins 1398/1458
01:53:13 [1459/4348] episode 47504781242401: hp 56->55 | total wins 1399/1459
01:53:13 [1460/4348] episode 47504781242406: hp 15->lost | total wins 1399/1460
01:53:14 [1461/4348] episode 47504781243403: hp 36->20 | total wins 1400/1461
01:53:14 [1462/4348] episode 47504781242405: hp 66->31 | total wins 1401/1462
01:53:14 [1463/4348] episode 47504781241404: hp 33->lost | total wins 1401/1463
01:53:15 [1464/4348] episode 47504781238404: hp 68->65 | total wins 1402/1464
01:53:15 [1465/4348] episode 47504781242403: hp 66->43 | total wins 1403/1465
01:53:16 [1466/4348] episode 47504781244400: hp 69->62 | total wins 1404/1466
01:53:16 [1467/4348] episode 47504781244401: hp 49->41 | total wins 1405/1467
01:53:16 [1468/4348] episode 47504781244404: hp 75->61 | total wins 1406/1468
01:53:16 [1469/4348] episode 47504781246404: hp 69->69 | total wins 1407/1469
01:53:16 [1470/4348] episode 47504781243404: hp 19->lost | total wins 1407/1470
01:53:17 [1471/4348] episode 47504781244403: hp 51->49 | total wins 1408/1471
01:53:18 [1472/4348] episode 47504781245400: hp 75->63 | total wins 1409/1472
01:53:18 [1473/4348] episode 47504781247402: hp 33->23 | total wins 1410/1473
01:53:18 [1474/4348] episode 47504781247407: hp 18->18 | total wins 1411/1474
01:53:18 [1475/4348] episode 47504781242404: hp 67->50 | total wins 1412/1475
01:53:19 [1476/4348] episode 47504781247406: hp 25->14 | total wins 1413/1476
01:53:19 [1477/4348] episode 47504781247405: hp 33->29 | total wins 1414/1477
01:53:19 [1478/4348] episode 47504781245404: hp 39->28 | total wins 1415/1478
01:53:19 [1479/4348] episode 47504781245403: hp 52->36 | total wins 1416/1479
01:53:19 [1480/4348] episode 47504781247403: hp 61->59 | total wins 1417/1480
01:53:20 [1481/4348] episode 47504781248400: hp 70->64 | total wins 1418/1481
01:53:20 [1482/4348] episode 47504781245405: hp 59->59 | total wins 1419/1482
01:53:20 [1483/4348] episode 47504781247404: hp 48->13 | total wins 1420/1483
01:53:21 [1484/4348] episode 47504781248406: hp 13->lost | total wins 1420/1484
01:53:21 [1485/4348] episode 47504781250402: hp 53->53 | total wins 1421/1485
01:53:22 [1486/4348] episode 47504781250401: hp 73->72 | total wins 1422/1486
01:53:22 [1487/4348] episode 47504781249401: hp 45->41 | total wins 1423/1487
01:53:22 [1488/4348] episode 47504781250405: hp 58->58 | total wins 1424/1488
01:53:23 [1489/4348] episode 47504781250403: hp 68->61 | total wins 1425/1489
01:53:25 [1490/4348] episode 47504781248404: hp 69->65 | total wins 1426/1490
01:53:25 [1491/4348] episode 47504781249404: hp 37->26 | total wins 1427/1491
01:53:26 [1492/4348] episode 47504781248403: hp 61->36 | total wins 1428/1492
01:53:27 [1493/4348] episode 47504781251403: hp 65->44 | total wins 1429/1493
01:53:28 [1494/4348] episode 47504781251405: hp 39->9 | total wins 1430/1494
01:53:28 [1495/4348] episode 47504781249403: hp 67->59 | total wins 1431/1495
01:53:28 [1496/4348] episode 47504781252401: hp 72->72 | total wins 1432/1496
01:53:28 [1497/4348] episode 47504781248407: hp 50->6 | total wins 1433/1497
01:53:30 [1498/4348] episode 47504781253400: hp 49->46 | total wins 1434/1498
01:53:30 [1499/4348] episode 47504781250404: hp 75->52 | total wins 1435/1499
01:53:30 [1500/4348] episode 47504781252403: hp 62->60 | total wins 1436/1500
01:53:30 [1501/4348] episode 47504781251404: hp 59->52 | total wins 1437/1501
01:53:30 [1502/4348] episode 47504781248405: hp 56->11 | total wins 1438/1502
01:53:30 [1503/4348] episode 47504781253401: hp 57->57 | total wins 1439/1503
01:53:31 [1504/4348] episode 47504781252402: hp 67->39 | total wins 1440/1504
01:53:31 [1505/4348] episode 47504781254401: hp 45->43 | total wins 1441/1505
01:53:32 [1506/4348] episode 47504781252404: hp 44->44 | total wins 1442/1506
01:53:32 [1507/4348] episode 47504781253406: hp 56->55 | total wins 1443/1507
01:53:32 [1508/4348] episode 47504781255402: hp 54->47 | total wins 1444/1508
01:53:34 [1509/4348] episode 47504781255401: hp 75->66 | total wins 1445/1509
01:53:34 [1510/4348] episode 47504781253405: hp 35->9 | total wins 1446/1510
01:53:35 [1511/4348] episode 47504781255404: hp 48->16 | total wins 1447/1511
01:53:35 [1512/4348] episode 47504781256400: hp 68->60 | total wins 1448/1512
01:53:35 [1513/4348] episode 47504781255403: hp 50->40 | total wins 1449/1513
01:53:35 [1514/4348] episode 47504781256401: hp 64->57 | total wins 1450/1514
01:53:36 [1515/4348] episode 47504781253402: hp 57->49 | total wins 1451/1515
01:53:36 [1516/4348] episode 47504781253403: hp 73->68 | total wins 1452/1516
01:53:37 [1517/4348] episode 47504781256402: hp 63->41 | total wins 1453/1517
01:53:37 [1518/4348] episode 47504781256405: hp 56->40 | total wins 1454/1518
01:53:38 [1519/4348] episode 47504781257405: hp 47->32 | total wins 1455/1519
01:53:38 [1520/4348] episode 47504781257402: hp 64->63 | total wins 1456/1520
01:53:38 [1521/4348] episode 47504781256404: hp 65->65 | total wins 1457/1521
01:53:39 [1522/4348] episode 47504781259400: hp 75->74 | total wins 1458/1522
01:53:40 [1523/4348] episode 47504781253404: hp 58->lost | total wins 1458/1523
01:53:41 [1524/4348] episode 47504781258403: hp 39->39 | total wins 1459/1524
01:53:41 [1525/4348] episode 47504781258402: hp 69->26 | total wins 1460/1525
01:53:42 [1526/4348] episode 47504781254402: hp 62->lost | total wins 1460/1526
01:53:42 [1527/4348] episode 47504781257403: hp 75->51 | total wins 1461/1527
01:53:42 [1528/4348] episode 47504781260402: hp 71->71 | total wins 1462/1528
01:53:42 [1529/4348] episode 47504781258405: hp 54->23 | total wins 1463/1529
01:53:43 [1530/4348] episode 47504781260404: hp 39->38 | total wins 1464/1530
01:53:43 [1531/4348] episode 47504781259403: hp 61->61 | total wins 1465/1531
01:53:44 [1532/4348] episode 47504781261402: hp 45->29 | total wins 1466/1532
01:53:44 [1533/4348] episode 47504781259404: hp 67->61 | total wins 1467/1533
01:53:45 [1534/4348] episode 47504781262400: hp 57->56 | total wins 1468/1534
01:53:45 [1535/4348] episode 47504781262402: hp 75->60 | total wins 1469/1535
01:53:45 [1536/4348] episode 47504781258404: hp 54->52 | total wins 1470/1536
01:53:46 [1537/4348] episode 47504781262406: hp 77->68 | total wins 1471/1537
01:53:46 [1538/4348] episode 47504781260403: hp 75->43 | total wins 1472/1538
01:53:47 [1539/4348] episode 47504781262403: hp 60->52 | total wins 1473/1539
01:53:48 [1540/4348] episode 47504781265401: hp 72->69 | total wins 1474/1540
01:53:49 [1541/4348] episode 47504781263404: hp 28->17 | total wins 1475/1541
01:53:49 [1542/4348] episode 47504781263403: hp 75->71 | total wins 1476/1542
01:53:49 [1543/4348] episode 47504781262405: hp 61->58 | total wins 1477/1543
01:53:49 [1544/4348] episode 47504781263400: hp 57->52 | total wins 1478/1544
01:53:49 [1545/4348] episode 47504781259405: hp 50->lost | total wins 1478/1545
01:53:49 [1546/4348] episode 47504781261403: hp 49->lost | total wins 1478/1546
01:53:50 [1547/4348] episode 47504781266404: hp 21->13 | total wins 1479/1547
01:53:50 [1548/4348] episode 47504781267400: hp 67->55 | total wins 1480/1548
01:53:51 [1549/4348] episode 47504781265405: hp 29->29 | total wins 1481/1549
01:53:51 [1550/4348] episode 47504781265403: hp 43->40 | total wins 1482/1550
01:53:51 [1551/4348] episode 47504781268404: hp 52->46 | total wins 1483/1551
01:53:52 [1552/4348] episode 47504781267403: hp 38->32 | total wins 1484/1552
01:53:52 [1553/4348] episode 47504781267404: hp 61->52 | total wins 1485/1553
01:53:53 [1554/4348] episode 47504781268403: hp 37->31 | total wins 1486/1554
01:53:53 [1555/4348] episode 47504781259406: hp 42->21 | total wins 1487/1555
01:53:53 [1556/4348] episode 47504781268401: hp 56->53 | total wins 1488/1556
01:53:53 [1557/4348] episode 47504781266403: hp 44->14 | total wins 1489/1557
01:53:54 [1558/4348] episode 47504781269400: hp 58->51 | total wins 1490/1558
01:53:54 [1559/4348] episode 47504781269402: hp 49->49 | total wins 1491/1559
01:53:55 [1560/4348] episode 47504781265404: hp 47->3 | total wins 1492/1560
01:53:55 [1561/4348] episode 47504781271400: hp 67->61 | total wins 1493/1561
01:53:55 [1562/4348] episode 47504781269403: hp 70->65 | total wins 1494/1562
01:53:55 [1563/4348] episode 47504781272404: hp 5->lost | total wins 1494/1563
01:53:55 [1564/4348] episode 47504781270400: hp 75->69 | total wins 1495/1564
01:53:58 [1565/4348] episode 47504781270402: hp 59->44 | total wins 1496/1565
01:53:58 [1566/4348] episode 47504781273403: hp 26->14 | total wins 1497/1566
01:53:59 [1567/4348] episode 47504781271403: hp 69->54 | total wins 1498/1567
01:53:59 [1568/4348] episode 47504781273400: hp 70->63 | total wins 1499/1568
01:53:59 [1569/4348] episode 47504781269404: hp 45->20 | total wins 1500/1569
01:54:00 [1570/4348] episode 47504781272405: hp 22->18 | total wins 1501/1570
01:54:00 [1571/4348] episode 47504781274400: hp 75->61 | total wins 1502/1571
01:54:00 [1572/4348] episode 47504781271404: hp 49->34 | total wins 1503/1572
01:54:00 [1573/4348] episode 47504781274401: hp 54->47 | total wins 1504/1573
01:54:00 [1574/4348] episode 47504781274404: hp 23->15 | total wins 1505/1574
01:54:00 [1575/4348] episode 47504781274402: hp 75->74 | total wins 1506/1575
01:54:01 [1576/4348] episode 47504781275401: hp 66->55 | total wins 1507/1576
01:54:01 [1577/4348] episode 47504781276400: hp 59->53 | total wins 1508/1577
01:54:02 [1578/4348] episode 47504781275403: hp 14->lost | total wins 1508/1578
01:54:03 [1579/4348] episode 47504781275402: hp 32->lost | total wins 1508/1579
01:54:04 [1580/4348] episode 47504781276403: hp 50->26 | total wins 1509/1580
01:54:04 [1581/4348] episode 47504781273405: hp 56->43 | total wins 1510/1581
01:54:05 [1582/4348] episode 47504781278401: hp 65->53 | total wins 1511/1582
01:54:05 [1583/4348] episode 47504781276404: hp 54->26 | total wins 1512/1583
01:54:05 [1584/4348] episode 47504781276401: hp 63->49 | total wins 1513/1584
01:54:05 [1585/4348] episode 47504781272402: hp 34->lost | total wins 1513/1585
01:54:06 [1586/4348] episode 47504781277405: hp 69->52 | total wins 1514/1586
01:54:07 [1587/4348] episode 47504781277404: hp 65->55 | total wins 1515/1587
01:54:07 [1588/4348] episode 47504781280400: hp 68->62 | total wins 1516/1588
01:54:07 [1589/4348] episode 47504781277402: hp 70->52 | total wins 1517/1589
01:54:07 [1590/4348] episode 47504781278400: hp 63->59 | total wins 1518/1590
01:54:09 [1591/4348] episode 47504781278403: hp 60->60 | total wins 1519/1591
01:54:09 [1592/4348] episode 47504781280402: hp 66->66 | total wins 1520/1592
01:54:10 [1593/4348] episode 47504781280403: hp 56->50 | total wins 1521/1593
01:54:10 [1594/4348] episode 47504781279402: hp 61->41 | total wins 1522/1594
01:54:10 [1595/4348] episode 47504781281400: hp 67->67 | total wins 1523/1595
01:54:11 [1596/4348] episode 47504781281401: hp 70->67 | total wins 1524/1596
01:54:12 [1597/4348] episode 47504781280404: hp 75->67 | total wins 1525/1597
01:54:12 [1598/4348] episode 47504781281404: hp 75->63 | total wins 1526/1598
01:54:13 [1599/4348] episode 47504781282400: hp 69->60 | total wins 1527/1599
01:54:14 [1600/4348] episode 47504781279401: hp 48->lost | total wins 1527/1600
01:54:14 [1601/4348] episode 47504781279404: hp 26->11 | total wins 1528/1601
01:54:14 [1602/4348] episode 47504781280406: hp 49->37 | total wins 1529/1602
01:54:15 [1603/4348] episode 47504781281403: hp 75->72 | total wins 1530/1603
01:54:15 [1604/4348] episode 47504781282404: hp 70->61 | total wins 1531/1604
01:54:16 [1605/4348] episode 47504781283401: hp 75->74 | total wins 1532/1605
01:54:16 [1606/4348] episode 47504781282403: hp 75->68 | total wins 1533/1606
01:54:16 [1607/4348] episode 47504781282402: hp 75->74 | total wins 1534/1607
01:54:17 [1608/4348] episode 47504781284401: hp 74->74 | total wins 1535/1608
01:54:17 [1609/4348] episode 47504781283404: hp 71->67 | total wins 1536/1609
01:54:17 [1610/4348] episode 47504781284400: hp 63->45 | total wins 1537/1610
01:54:19 [1611/4348] episode 47504781284403: hp 56->45 | total wins 1538/1611
01:54:19 [1612/4348] episode 47504781284405: hp 45->18 | total wins 1539/1612
01:54:20 [1613/4348] episode 47504781285400: hp 72->68 | total wins 1540/1613
01:54:20 [1614/4348] episode 47504781285402: hp 63->62 | total wins 1541/1614
01:54:21 [1615/4348] episode 47504781286403: hp 75->71 | total wins 1542/1615
01:54:22 [1616/4348] episode 47504781286402: hp 75->59 | total wins 1543/1616
01:54:22 [1617/4348] episode 47504781284404: hp 27->41 | total wins 1544/1617
01:54:23 [1618/4348] episode 47504781286404: hp 74->58 | total wins 1545/1618
01:54:23 [1619/4348] episode 47504781287402: hp 60->51 | total wins 1546/1619
01:54:24 [1620/4348] episode 47504781283403: hp 75->61 | total wins 1547/1620
01:54:24 [1621/4348] episode 47504781285403: hp 71->38 | total wins 1548/1621
01:54:24 [1622/4348] episode 47504781287403: hp 75->59 | total wins 1549/1622
01:54:24 [1623/4348] episode 47504781287405: hp 21->21 | total wins 1550/1623
01:54:25 [1624/4348] episode 47504781287406: hp 15->8 | total wins 1551/1624
01:54:25 [1625/4348] episode 47504781286405: hp 29->25 | total wins 1552/1625
01:54:26 [1626/4348] episode 47504781288404: hp 43->34 | total wins 1553/1626
01:54:27 [1627/4348] episode 47504781282405: hp 75->29 | total wins 1554/1627
01:54:28 [1628/4348] episode 47504781289401: hp 71->61 | total wins 1555/1628
01:54:28 [1629/4348] episode 47504781289403: hp 41->lost | total wins 1555/1629
01:54:28 [1630/4348] episode 47504781290405: hp 60->58 | total wins 1556/1630
01:54:29 [1631/4348] episode 47504781289402: hp 47->32 | total wins 1557/1631
01:54:31 [1632/4348] episode 47504781290402: hp 58->19 | total wins 1558/1632
01:54:31 [1633/4348] episode 47504781290404: hp 66->40 | total wins 1559/1633
01:54:32 [1634/4348] episode 47504781292401: hp 63->61 | total wins 1560/1634
01:54:32 [1635/4348] episode 47504781292402: hp 85->73 | total wins 1561/1635
01:54:33 [1636/4348] episode 47504781290406: hp 65->36 | total wins 1562/1636
01:54:33 [1637/4348] episode 47504781293402: hp 55->55 | total wins 1563/1637
01:54:33 [1638/4348] episode 47504781274403: hp 66->31 | total wins 1564/1638
01:54:33 [1639/4348] episode 47504780988407: hp 19->lost | total wins 1564/1639
01:54:34 [1640/4348] episode 47504781291406: hp 28->23 | total wins 1565/1640
01:54:35 [1641/4348] episode 47504781293403: hp 65->49 | total wins 1566/1641
01:54:35 [1642/4348] episode 47504781285404: hp 66->17 | total wins 1567/1642
01:54:35 [1643/4348] episode 47504781293404: hp 72->64 | total wins 1568/1643
01:54:35 [1644/4348] episode 47504781293405: hp 75->68 | total wins 1569/1644
01:54:35 [1645/4348] episode 47504781292405: hp 50->18 | total wins 1570/1645
01:54:35 [1646/4348] episode 47504781292404: hp 27->23 | total wins 1571/1646
01:54:36 [1647/4348] episode 47504781294402: hp 73->68 | total wins 1572/1647
01:54:36 [1648/4348] episode 47504781291404: hp 62->30 | total wins 1573/1648
01:54:36 [1649/4348] episode 47504781295402: hp 64->61 | total wins 1574/1649
01:54:38 [1650/4348] episode 47504781295404: hp 75->61 | total wins 1575/1650
01:54:38 [1651/4348] episode 47504781293406: hp 64->49 | total wins 1576/1651
01:54:38 [1652/4348] episode 47504781294404: hp 42->38 | total wins 1577/1652
01:54:38 [1653/4348] episode 47504781296400: hp 75->66 | total wins 1578/1653
01:54:39 [1654/4348] episode 47504781296404: hp 60->49 | total wins 1579/1654
01:54:39 [1655/4348] episode 47504781296402: hp 50->50 | total wins 1580/1655
01:54:40 [1656/4348] episode 47504781297402: hp 84->84 | total wins 1581/1656
01:54:41 [1657/4348] episode 47504781297400: hp 55->36 | total wins 1582/1657
01:54:41 [1658/4348] episode 47504781295405: hp 84->62 | total wins 1583/1658
01:54:42 [1659/4348] episode 47504781296403: hp 67->56 | total wins 1584/1659
01:54:42 [1660/4348] episode 47504781295403: hp 72->48 | total wins 1585/1660
01:54:43 [1661/4348] episode 47504781295406: hp 60->53 | total wins 1586/1661
01:54:44 [1662/4348] episode 47504781299400: hp 61->55 | total wins 1587/1662
01:54:44 [1663/4348] episode 47504781297403: hp 85->79 | total wins 1588/1663
01:54:44 [1664/4348] episode 47504781297404: hp 81->81 | total wins 1589/1664
01:54:44 [1665/4348] episode 47504781294406: hp 60->44 | total wins 1590/1665
01:54:46 [1666/4348] episode 47504781297406: hp 59->48 | total wins 1591/1666
01:54:46 [1667/4348] episode 47504781299401: hp 63->63 | total wins 1592/1667
01:54:47 [1668/4348] episode 47504781298404: hp 23->23 | total wins 1593/1668
01:54:47 [1669/4348] episode 47504781301400: hp 65->65 | total wins 1594/1669
01:54:48 [1670/4348] episode 47504781300405: hp 28->28 | total wins 1595/1670
01:54:48 [1671/4348] episode 47504781292403: hp 59->52 | total wins 1596/1671
01:54:49 [1672/4348] episode 47504781300403: hp 55->18 | total wins 1597/1672
01:54:49 [1673/4348] episode 47504781299405: hp 54->41 | total wins 1598/1673
01:54:49 [1674/4348] episode 47504781299406: hp 44->21 | total wins 1599/1674
01:54:50 [1675/4348] episode 47504781301402: hp 75->75 | total wins 1600/1675
01:54:51 [1676/4348] episode 47504781302405: hp 55->54 | total wins 1601/1676
01:54:51 [1677/4348] episode 47504781300404: hp 46->31 | total wins 1602/1677
01:54:51 [1678/4348] episode 47504781301403: hp 57->50 | total wins 1603/1678
01:54:52 [1679/4348] episode 47504781301405: hp 48->48 | total wins 1604/1679
01:54:52 [1680/4348] episode 47504781300406: hp 46->46 | total wins 1605/1680
01:54:52 [1681/4348] episode 47504781301407: hp 39->37 | total wins 1606/1681
01:54:53 [1682/4348] episode 47504781297405: hp 85->22 | total wins 1607/1682
01:54:53 [1683/4348] episode 47504781303400: hp 63->56 | total wins 1608/1683
01:54:54 [1684/4348] episode 47504781303403: hp 45->29 | total wins 1609/1684
01:54:55 [1685/4348] episode 47504781303405: hp 40->27 | total wins 1610/1685
01:54:55 [1686/4348] episode 47504781303404: hp 35->30 | total wins 1611/1686
01:54:56 [1687/4348] episode 47504781304403: hp 58->58 | total wins 1612/1687
01:54:56 [1688/4348] episode 47504781304402: hp 73->57 | total wins 1613/1688
01:54:56 [1689/4348] episode 47504781302403: hp 64->29 | total wins 1614/1689
01:54:56 [1690/4348] episode 47504781303406: hp 57->57 | total wins 1615/1690
01:54:57 [1691/4348] episode 47504781303407: hp 46->36 | total wins 1616/1691
01:54:57 [1692/4348] episode 47504781304401: hp 63->50 | total wins 1617/1692
01:54:57 [1693/4348] episode 47504781304404: hp 52->42 | total wins 1618/1693
01:54:57 [1694/4348] episode 47504781305403: hp 19->lost | total wins 1618/1694
01:54:58 [1695/4348] episode 47504781305401: hp 47->38 | total wins 1619/1695
01:54:59 [1696/4348] episode 47504781306404: hp 75->71 | total wins 1620/1696
01:55:00 [1697/4348] episode 47504781304405: hp 47->38 | total wins 1621/1697
01:55:00 [1698/4348] episode 47504781307401: hp 75->75 | total wins 1622/1698
01:55:00 [1699/4348] episode 47504781306403: hp 67->56 | total wins 1623/1699
01:55:01 [1700/4348] episode 47504781306406: hp 45->42 | total wins 1624/1700
01:55:02 [1701/4348] episode 47504781305405: hp 9->9 | total wins 1625/1701
01:55:02 [1702/4348] episode 47504781305402: hp 63->33 | total wins 1626/1702
01:55:02 [1703/4348] episode 47504781307402: hp 73->71 | total wins 1627/1703
01:55:02 [1704/4348] episode 47504781298403: hp 61->26 | total wins 1628/1704
01:55:02 [1705/4348] episode 47504781308402: hp 36->34 | total wins 1629/1705
01:55:02 [1706/4348] episode 47504781306405: hp 51->36 | total wins 1630/1706
01:55:04 [1707/4348] episode 47504781308400: hp 35->24 | total wins 1631/1707
01:55:05 [1708/4348] episode 47504781307405: hp 39->18 | total wins 1632/1708
01:55:05 [1709/4348] episode 47504781310403: hp 63->59 | total wins 1633/1709
01:55:05 [1710/4348] episode 47504781309403: hp 40->33 | total wins 1634/1710
01:55:05 [1711/4348] episode 47504781310405: hp 44->43 | total wins 1635/1711
01:55:05 [1712/4348] episode 47504781310406: hp 36->30 | total wins 1636/1712
01:55:05 [1713/4348] episode 47504781312403: hp 63->63 | total wins 1637/1713
01:55:06 [1714/4348] episode 47504781301406: hp 53->14 | total wins 1638/1714
01:55:07 [1715/4348] episode 47504781307404: hp 56->24 | total wins 1639/1715
01:55:07 [1716/4348] episode 47504781311405: hp 42->22 | total wins 1640/1716
01:55:08 [1717/4348] episode 47504781308403: hp 68->55 | total wins 1641/1717
01:55:08 [1718/4348] episode 47504781310404: hp 19->12 | total wins 1642/1718
01:55:08 [1719/4348] episode 47504781313404: hp 75->68 | total wins 1643/1719
01:55:08 [1720/4348] episode 47504781312401: hp 68->65 | total wins 1644/1720
01:55:09 [1721/4348] episode 47504781310402: hp 73->54 | total wins 1645/1721
01:55:10 [1722/4348] episode 47504781314401: hp 66->66 | total wins 1646/1722
01:55:11 [1723/4348] episode 47504781315401: hp 75->66 | total wins 1647/1723
01:55:11 [1724/4348] episode 47504781316401: hp 60->52 | total wins 1648/1724
01:55:11 [1725/4348] episode 47504781315403: hp 85->75 | total wins 1649/1725
01:55:12 [1726/4348] episode 47504781315404: hp 42->lost | total wins 1649/1726
01:55:13 [1727/4348] episode 47504781316406: hp 37->16 | total wins 1650/1727
01:55:13 [1728/4348] episode 47504781317404: hp 75->63 | total wins 1651/1728
01:55:13 [1729/4348] episode 47504781311402: hp 75->42 | total wins 1652/1729
01:55:13 [1730/4348] episode 47504781316403: hp 41->41 | total wins 1653/1730
01:55:14 [1731/4348] episode 47504781309402: hp 75->20 | total wins 1654/1731
01:55:16 [1732/4348] episode 47504781319402: hp 64->54 | total wins 1655/1732
01:55:16 [1733/4348] episode 47504781318403: hp 47->34 | total wins 1656/1733
01:55:16 [1734/4348] episode 47504781318406: hp 42->18 | total wins 1657/1734
01:55:16 [1735/4348] episode 47504781317403: hp 75->66 | total wins 1658/1735
01:55:17 [1736/4348] episode 47504781317405: hp 60->51 | total wins 1659/1736
01:55:17 [1737/4348] episode 47504781318404: hp 40->32 | total wins 1660/1737
01:55:17 [1738/4348] episode 47504781316405: hp 53->45 | total wins 1661/1738
01:55:17 [1739/4348] episode 47504781320401: hp 50->32 | total wins 1662/1739
01:55:18 [1740/4348] episode 47504781320402: hp 64->58 | total wins 1663/1740
01:55:18 [1741/4348] episode 47504781319406: hp 36->35 | total wins 1664/1741
01:55:18 [1742/4348] episode 47504781316404: hp 40->39 | total wins 1665/1742
01:55:18 [1743/4348] episode 47504781314402: hp 64->lost | total wins 1665/1743
01:55:18 [1744/4348] episode 47504781321402: hp 67->65 | total wins 1666/1744
01:55:19 [1745/4348] episode 47504781319405: hp 38->33 | total wins 1667/1745
01:55:20 [1746/4348] episode 47504781321404: hp 67->60 | total wins 1668/1746
01:55:20 [1747/4348] episode 47504781322402: hp 75->74 | total wins 1669/1747
01:55:20 [1748/4348] episode 47504781321400: hp 75->58 | total wins 1670/1748
01:55:20 [1749/4348] episode 47504781321403: hp 57->57 | total wins 1671/1749
01:55:20 [1750/4348] episode 47504781318405: hp 51->44 | total wins 1672/1750
01:55:21 [1751/4348] episode 47504781324400: hp 62->61 | total wins 1673/1751
01:55:21 [1752/4348] episode 47504781321405: hp 62->40 | total wins 1674/1752
01:55:21 [1753/4348] episode 47504781320403: hp 55->32 | total wins 1675/1753
01:55:21 [1754/4348] episode 47504781324401: hp 66->75 | total wins 1676/1754
01:55:21 [1755/4348] episode 47504781322403: hp 70->35 | total wins 1677/1755
01:55:22 [1756/4348] episode 47504781323402: hp 30->21 | total wins 1678/1756
01:55:22 [1757/4348] episode 47504781325401: hp 48->36 | total wins 1679/1757
01:55:23 [1758/4348] episode 47504781327402: hp 75->75 | total wins 1680/1758
01:55:23 [1759/4348] episode 47504781324403: hp 70->43 | total wins 1681/1759
01:55:23 [1760/4348] episode 47504781327403: hp 68->56 | total wins 1682/1760
01:55:24 [1761/4348] episode 47504781326401: hp 75->68 | total wins 1683/1761
01:55:24 [1762/4348] episode 47504781322404: hp 54->29 | total wins 1684/1762
01:55:24 [1763/4348] episode 47504781322405: hp 54->39 | total wins 1685/1763
01:55:24 [1764/4348] episode 47504781326404: hp 33->31 | total wins 1686/1764
01:55:25 [1765/4348] episode 47504781326402: hp 36->36 | total wins 1687/1765
01:55:25 [1766/4348] episode 47504781328403: hp 53->18 | total wins 1688/1766
01:55:26 [1767/4348] episode 47504781328404: hp 34->21 | total wins 1689/1767
01:55:26 [1768/4348] episode 47504781328405: hp 8->lost | total wins 1689/1768
01:55:26 [1769/4348] episode 47504781328406: hp 35->35 | total wins 1690/1769
01:55:26 [1770/4348] episode 47504781327404: hp 75->53 | total wins 1691/1770
01:55:27 [1771/4348] episode 47504781327405: hp 75->75 | total wins 1692/1771
01:55:27 [1772/4348] episode 47504781329401: hp 62->67 | total wins 1693/1772
01:55:28 [1773/4348] episode 47504781331403: hp 71->71 | total wins 1694/1773
01:55:29 [1774/4348] episode 47504781330401: hp 51->48 | total wins 1695/1774
01:55:29 [1775/4348] episode 47504781329404: hp 25->52 | total wins 1696/1775
01:55:30 [1776/4348] episode 47504781329403: hp 80->45 | total wins 1697/1776
01:55:30 [1777/4348] episode 47504781329402: hp 63->59 | total wins 1698/1777
01:55:30 [1778/4348] episode 47504781331402: hp 70->61 | total wins 1699/1778
01:55:30 [1779/4348] episode 47504781330403: hp 67->42 | total wins 1700/1779
01:55:30 [1780/4348] episode 47504781335403: hp 30->30 | total wins 1701/1780
01:55:31 [1781/4348] episode 47504781335401: hp 25->25 | total wins 1702/1781
01:55:31 [1782/4348] episode 47504781335402: hp 12->lost | total wins 1702/1782
01:55:32 [1783/4348] episode 47504781335405: hp 42->35 | total wins 1703/1783
01:55:32 [1784/4348] episode 47504781335400: hp 52->38 | total wins 1704/1784
01:55:33 [1785/4348] episode 47504781332403: hp 71->47 | total wins 1705/1785
01:55:33 [1786/4348] episode 47504781329406: hp 60->59 | total wins 1706/1786
01:55:33 [1787/4348] episode 47504781336401: hp 63->57 | total wins 1707/1787
01:55:33 [1788/4348] episode 47504781330404: hp 49->26 | total wins 1708/1788
01:55:34 [1789/4348] episode 47504781332405: hp 34->29 | total wins 1709/1789
01:55:34 [1790/4348] episode 47504781333404: hp 26->lost | total wins 1709/1790
01:55:34 [1791/4348] episode 47504781337400: hp 65->58 | total wins 1710/1791
01:55:34 [1792/4348] episode 47504781329405: hp 75->75 | total wins 1711/1792
01:55:34 [1793/4348] episode 47504781337403: hp 62->61 | total wins 1712/1793
01:55:35 [1794/4348] episode 47504781336404: hp 58->51 | total wins 1713/1794
01:55:36 [1795/4348] episode 47504781337401: hp 75->66 | total wins 1714/1795
01:55:38 [1796/4348] episode 47504781338402: hp 51->lost | total wins 1714/1796
01:55:38 [1797/4348] episode 47504781339400: hp 65->62 | total wins 1715/1797
01:55:38 [1798/4348] episode 47504781340402: hp 35->29 | total wins 1716/1798
01:55:40 [1799/4348] episode 47504781337404: hp 63->48 | total wins 1717/1799
01:55:40 [1800/4348] episode 47504781340403: hp 45->13 | total wins 1718/1800
01:55:40 [1801/4348] episode 47504781341400: hp 72->72 | total wins 1719/1801
01:55:40 [1802/4348] episode 47504781341401: hp 73->61 | total wins 1720/1802
01:55:41 [1803/4348] episode 47504781340405: hp 42->42 | total wins 1721/1803
01:55:41 [1804/4348] episode 47504781336403: hp 56->33 | total wins 1722/1804
01:55:42 [1805/4348] episode 47504781340407: hp 27->13 | total wins 1723/1805
01:55:42 [1806/4348] episode 47504781342400: hp 67->56 | total wins 1724/1806
01:55:42 [1807/4348] episode 47504781341402: hp 75->53 | total wins 1725/1807
01:55:43 [1808/4348] episode 47504781343405: hp 18->lost | total wins 1725/1808
01:55:43 [1809/4348] episode 47504781340404: hp 41->34 | total wins 1726/1809
01:55:43 [1810/4348] episode 47504781343402: hp 75->63 | total wins 1727/1810
01:55:44 [1811/4348] episode 47504781342405: hp 40->26 | total wins 1728/1811
01:55:44 [1812/4348] episode 47504781343400: hp 54->50 | total wins 1729/1812
01:55:44 [1813/4348] episode 47504781342401: hp 54->27 | total wins 1730/1813
01:55:44 [1814/4348] episode 47504781342404: hp 42->42 | total wins 1731/1814
01:55:44 [1815/4348] episode 47504781340406: hp 71->56 | total wins 1732/1815
01:55:45 [1816/4348] episode 47504781343404: hp 40->16 | total wins 1733/1816
01:55:45 [1817/4348] episode 47504781345401: hp 52->46 | total wins 1734/1817
01:55:45 [1818/4348] episode 47504781344401: hp 66->67 | total wins 1735/1818
01:55:45 [1819/4348] episode 47504781343406: hp 27->12 | total wins 1736/1819
01:55:46 [1820/4348] episode 47504781345406: hp 19->5 | total wins 1737/1820
01:55:46 [1821/4348] episode 47504781344403: hp 61->56 | total wins 1738/1821
01:55:46 [1822/4348] episode 47504781347405: hp 36->41 | total wins 1739/1822
01:55:46 [1823/4348] episode 47504781346402: hp 52->52 | total wins 1740/1823
01:55:48 [1824/4348] episode 47504781347400: hp 75->75 | total wins 1741/1824
01:55:48 [1825/4348] episode 47504781345403: hp 58->48 | total wins 1742/1825
01:55:48 [1826/4348] episode 47504781348404: hp 63->62 | total wins 1743/1826
01:55:49 [1827/4348] episode 47504781341405: hp 62->42 | total wins 1744/1827
01:55:49 [1828/4348] episode 47504781347404: hp 70->46 | total wins 1745/1828
01:55:49 [1829/4348] episode 47504781350402: hp 60->51 | total wins 1746/1829
01:55:49 [1830/4348] episode 47504781346404: hp 52->52 | total wins 1747/1830
01:55:50 [1831/4348] episode 47504781345405: hp 40->30 | total wins 1748/1831
01:55:50 [1832/4348] episode 47504781350400: hp 55->40 | total wins 1749/1832
01:55:50 [1833/4348] episode 47504781350403: hp 51->45 | total wins 1750/1833
01:55:51 [1834/4348] episode 47504781350405: hp 59->50 | total wins 1751/1834
01:55:51 [1835/4348] episode 47504781348402: hp 45->39 | total wins 1752/1835
01:55:51 [1836/4348] episode 47504781350404: hp 60->43 | total wins 1753/1836
01:55:52 [1837/4348] episode 47504781352401: hp 56->47 | total wins 1754/1837
01:55:52 [1838/4348] episode 47504781351401: hp 75->63 | total wins 1755/1838
01:55:53 [1839/4348] episode 47504781351404: hp 74->42 | total wins 1756/1839
01:55:53 [1840/4348] episode 47504781352402: hp 74->73 | total wins 1757/1840
01:55:53 [1841/4348] episode 47504781347406: hp 50->17 | total wins 1758/1841
01:55:54 [1842/4348] episode 47504781346403: hp 81->66 | total wins 1759/1842
01:55:54 [1843/4348] episode 47504781352405: hp 14->lost | total wins 1759/1843
01:55:54 [1844/4348] episode 47504781351403: hp 74->69 | total wins 1760/1844
01:55:54 [1845/4348] episode 47504781352403: hp 63->30 | total wins 1761/1845
01:55:55 [1846/4348] episode 47504781353403: hp 80->67 | total wins 1762/1846
01:55:55 [1847/4348] episode 47504781354400: hp 75->64 | total wins 1763/1847
01:55:56 [1848/4348] episode 47504781355401: hp 59->55 | total wins 1764/1848
01:55:56 [1849/4348] episode 47504781354404: hp 55->55 | total wins 1765/1849
01:55:56 [1850/4348] episode 47504781355400: hp 73->73 | total wins 1766/1850
01:55:56 [1851/4348] episode 47504781354405: hp 75->62 | total wins 1767/1851
01:55:56 [1852/4348] episode 47504781354402: hp 61->52 | total wins 1768/1852
01:55:57 [1853/4348] episode 47504781355404: hp 71->65 | total wins 1769/1853
01:55:57 [1854/4348] episode 47504781355403: hp 73->58 | total wins 1770/1854
01:55:58 [1855/4348] episode 47504781353405: hp 49->44 | total wins 1771/1855
01:55:58 [1856/4348] episode 47504781351405: hp 49->24 | total wins 1772/1856
01:55:58 [1857/4348] episode 47504781357403: hp 74->65 | total wins 1773/1857
01:55:58 [1858/4348] episode 47504781357402: hp 75->70 | total wins 1774/1858
01:55:58 [1859/4348] episode 47504781356401: hp 61->42 | total wins 1775/1859
01:55:58 [1860/4348] episode 47504781352404: hp 42->lost | total wins 1775/1860
01:55:59 [1861/4348] episode 47504781357400: hp 49->47 | total wins 1776/1861
01:55:59 [1862/4348] episode 47504781359405: hp 74->74 | total wins 1777/1862
01:56:00 [1863/4348] episode 47504781359401: hp 62->52 | total wins 1778/1863
01:56:00 [1864/4348] episode 47504781359403: hp 72->59 | total wins 1779/1864
01:56:00 [1865/4348] episode 47504781360400: hp 74->68 | total wins 1780/1865
01:56:00 [1866/4348] episode 47504781360401: hp 58->51 | total wins 1781/1866
01:56:01 [1867/4348] episode 47504781361402: hp 43->43 | total wins 1782/1867
01:56:01 [1868/4348] episode 47504781359404: hp 74->73 | total wins 1783/1868
01:56:01 [1869/4348] episode 47504781357405: hp 75->64 | total wins 1784/1869
01:56:01 [1870/4348] episode 47504781357404: hp 75->63 | total wins 1785/1870
01:56:02 [1871/4348] episode 47504781362401: hp 61->61 | total wins 1786/1871
01:56:02 [1872/4348] episode 47504781362406: hp 48->48 | total wins 1787/1872
01:56:02 [1873/4348] episode 47504781362402: hp 73->69 | total wins 1788/1873
01:56:02 [1874/4348] episode 47504781357406: hp 65->61 | total wins 1789/1874
01:56:02 [1875/4348] episode 47504781362407: hp 45->45 | total wins 1790/1875
01:56:03 [1876/4348] episode 47504781362405: hp 54->40 | total wins 1791/1876
01:56:03 [1877/4348] episode 47504781362400: hp 75->68 | total wins 1792/1877
01:56:04 [1878/4348] episode 47504781364405: hp 51->48 | total wins 1793/1878
01:56:04 [1879/4348] episode 47504781362408: hp 61->60 | total wins 1794/1879
01:56:05 [1880/4348] episode 47504781362403: hp 73->62 | total wins 1795/1880
01:56:05 [1881/4348] episode 47504781363403: hp 52->44 | total wins 1796/1881
01:56:06 [1882/4348] episode 47504781363404: hp 57->40 | total wins 1797/1882
01:56:06 [1883/4348] episode 47504781365400: hp 69->55 | total wins 1798/1883
01:56:06 [1884/4348] episode 47504781361403: hp 43->3 | total wins 1799/1884
01:56:07 [1885/4348] episode 47504781354403: hp 67->47 | total wins 1800/1885
01:56:08 [1886/4348] episode 47504781368403: hp 64->32 | total wins 1801/1886
01:56:08 [1887/4348] episode 47504781364403: hp 47->31 | total wins 1802/1887
01:56:08 [1888/4348] episode 47504781366404: hp 36->20 | total wins 1803/1888
01:56:09 [1889/4348] episode 47504781368402: hp 70->15 | total wins 1804/1889
01:56:09 [1890/4348] episode 47504781366405: hp 58->49 | total wins 1805/1890
01:56:09 [1891/4348] episode 47504781366403: hp 75->33 | total wins 1806/1891
01:56:09 [1892/4348] episode 47504781369406: hp 63->63 | total wins 1807/1892
01:56:10 [1893/4348] episode 47504781365401: hp 41->lost | total wins 1807/1893
01:56:11 [1894/4348] episode 47504781370404: hp 61->61 | total wins 1808/1894
01:56:12 [1895/4348] episode 47504781367402: hp 55->lost | total wins 1808/1895
01:56:12 [1896/4348] episode 47504781362404: hp 72->20 | total wins 1809/1896
01:56:12 [1897/4348] episode 47504781371403: hp 48->46 | total wins 1810/1897
01:56:12 [1898/4348] episode 47504781374404: hp 56->56 | total wins 1811/1898
01:56:13 [1899/4348] episode 47504781374401: hp 71->55 | total wins 1812/1899
01:56:13 [1900/4348] episode 47504781373402: hp 15->lost | total wins 1812/1900
01:56:14 [1901/4348] episode 47504781374402: hp 75->71 | total wins 1813/1901
01:56:15 [1902/4348] episode 47504781374407: hp 26->21 | total wins 1814/1902
01:56:15 [1903/4348] episode 47504781369405: hp 68->68 | total wins 1815/1903
01:56:15 [1904/4348] episode 47504781369403: hp 73->47 | total wins 1816/1904
01:56:16 [1905/4348] episode 47504781369404: hp 49->54 | total wins 1817/1905
01:56:16 [1906/4348] episode 47504781374405: hp 41->25 | total wins 1818/1906
01:56:16 [1907/4348] episode 47504781356402: hp 73->lost | total wins 1818/1907
01:56:16 [1908/4348] episode 47504781374403: hp 61->41 | total wins 1819/1908
01:56:17 [1909/4348] episode 47504781372403: hp 68->8 | total wins 1820/1909
01:56:18 [1910/4348] episode 47504781375401: hp 73->75 | total wins 1821/1910
01:56:18 [1911/4348] episode 47504781374406: hp 49->32 | total wins 1822/1911
01:56:19 [1912/4348] episode 47504781376405: hp 39->36 | total wins 1823/1912
01:56:19 [1913/4348] episode 47504781375407: hp 19->8 | total wins 1824/1913
01:56:19 [1914/4348] episode 47504781376406: hp 46->36 | total wins 1825/1914
01:56:19 [1915/4348] episode 47504781377404: hp 75->57 | total wins 1826/1915
01:56:19 [1916/4348] episode 47504781376403: hp 70->57 | total wins 1827/1916
01:56:19 [1917/4348] episode 47504781377403: hp 59->59 | total wins 1828/1917
01:56:19 [1918/4348] episode 47504781376404: hp 70->65 | total wins 1829/1918
01:56:19 [1919/4348] episode 47504781377406: hp 51->51 | total wins 1830/1919
01:56:20 [1920/4348] episode 47504781375403: hp 62->68 | total wins 1831/1920
01:56:20 [1921/4348] episode 47504781375405: hp 55->53 | total wins 1832/1921
01:56:20 [1922/4348] episode 47504781376407: hp 52->46 | total wins 1833/1922
01:56:21 [1923/4348] episode 47504781377401: hp 74->75 | total wins 1834/1923
01:56:21 [1924/4348] episode 47504781379403: hp 75->75 | total wins 1835/1924
01:56:21 [1925/4348] episode 47504781377402: hp 58->44 | total wins 1836/1925
01:56:22 [1926/4348] episode 47504781378404: hp 69->58 | total wins 1837/1926
01:56:22 [1927/4348] episode 47504781378400: hp 71->69 | total wins 1838/1927
01:56:22 [1928/4348] episode 47504781375406: hp 69->52 | total wins 1839/1928
01:56:22 [1929/4348] episode 47504781378403: hp 61->48 | total wins 1840/1929
01:56:23 [1930/4348] episode 47504781379404: hp 37->37 | total wins 1841/1930
01:56:23 [1931/4348] episode 47504781377405: hp 69->69 | total wins 1842/1931
01:56:23 [1932/4348] episode 47504781378405: hp 52->52 | total wins 1843/1932
01:56:23 [1933/4348] episode 47504781382400: hp 67->55 | total wins 1844/1933
01:56:24 [1934/4348] episode 47504781380402: hp 49->17 | total wins 1845/1934
01:56:24 [1935/4348] episode 47504781380403: hp 50->30 | total wins 1846/1935
01:56:25 [1936/4348] episode 47504781379405: hp 45->36 | total wins 1847/1936
01:56:25 [1937/4348] episode 47504781383401: hp 48->46 | total wins 1848/1937
01:56:25 [1938/4348] episode 47504781382401: hp 66->56 | total wins 1849/1938
01:56:25 [1939/4348] episode 47504781381402: hp 75->70 | total wins 1850/1939
01:56:26 [1940/4348] episode 47504781381403: hp 69->43 | total wins 1851/1940
01:56:26 [1941/4348] episode 47504781382407: hp 31->27 | total wins 1852/1941
01:56:27 [1942/4348] episode 47504781385401: hp 59->55 | total wins 1853/1942
01:56:28 [1943/4348] episode 47504781383404: hp 52->22 | total wins 1854/1943
01:56:28 [1944/4348] episode 47504781383403: hp 43->23 | total wins 1855/1944
01:56:28 [1945/4348] episode 47504781382403: hp 53->32 | total wins 1856/1945
01:56:28 [1946/4348] episode 47504781385405: hp 53->53 | total wins 1857/1946
01:56:29 [1947/4348] episode 47504781385404: hp 45->27 | total wins 1858/1947
01:56:29 [1948/4348] episode 47504781385403: hp 72->75 | total wins 1859/1948
01:56:29 [1949/4348] episode 47504781386400: hp 58->56 | total wins 1860/1949
01:56:30 [1950/4348] episode 47504781382404: hp 73->57 | total wins 1861/1950
01:56:30 [1951/4348] episode 47504781381404: hp 75->50 | total wins 1862/1951
01:56:31 [1952/4348] episode 47504781386401: hp 65->66 | total wins 1863/1952
01:56:31 [1953/4348] episode 47504781387402: hp 75->74 | total wins 1864/1953
01:56:31 [1954/4348] episode 47504781384403: hp 54->43 | total wins 1865/1954
01:56:32 [1955/4348] episode 47504781385406: hp 47->47 | total wins 1866/1955
01:56:32 [1956/4348] episode 47504781387403: hp 64->47 | total wins 1867/1956
01:56:33 [1957/4348] episode 47504781387401: hp 62->51 | total wins 1868/1957
01:56:33 [1958/4348] episode 47504781388400: hp 67->63 | total wins 1869/1958
01:56:33 [1959/4348] episode 47504781388407: hp 19->12 | total wins 1870/1959
01:56:33 [1960/4348] episode 47504781389405: hp 73->73 | total wins 1871/1960
01:56:33 [1961/4348] episode 47504781386404: hp 66->37 | total wins 1872/1961
01:56:34 [1962/4348] episode 47504781388404: hp 38->32 | total wins 1873/1962
01:56:35 [1963/4348] episode 47504781390404: hp 52->49 | total wins 1874/1963
01:56:35 [1964/4348] episode 47504781390402: hp 75->63 | total wins 1875/1964
01:56:35 [1965/4348] episode 47504781384402: hp 62->23 | total wins 1876/1965
01:56:35 [1966/4348] episode 47504781392400: hp 75->63 | total wins 1877/1966
01:56:35 [1967/4348] episode 47504781389404: hp 72->64 | total wins 1878/1967
01:56:36 [1968/4348] episode 47504781391400: hp 75->60 | total wins 1879/1968
01:56:36 [1969/4348] episode 47504781393403: hp 75->75 | total wins 1880/1969
01:56:36 [1970/4348] episode 47504781388406: hp 51->16 | total wins 1881/1970
01:56:37 [1971/4348] episode 47504781392401: hp 44->43 | total wins 1882/1971
01:56:37 [1972/4348] episode 47504781394405: hp 53->53 | total wins 1883/1972
01:56:37 [1973/4348] episode 47504781394400: hp 65->59 | total wins 1884/1973
01:56:37 [1974/4348] episode 47504781393404: hp 75->75 | total wins 1885/1974
01:56:37 [1975/4348] episode 47504781394402: hp 47->47 | total wins 1886/1975
01:56:37 [1976/4348] episode 47504781389400: hp 49->42 | total wins 1887/1976
01:56:38 [1977/4348] episode 47504781395405: hp 34->34 | total wins 1888/1977
01:56:38 [1978/4348] episode 47504781394404: hp 41->13 | total wins 1889/1978
01:56:38 [1979/4348] episode 47504781392402: hp 60->50 | total wins 1890/1979
01:56:38 [1980/4348] episode 47504781394403: hp 40->25 | total wins 1891/1980
01:56:39 [1981/4348] episode 47504781391401: hp 44->lost | total wins 1891/1981
01:56:39 [1982/4348] episode 47504781395402: hp 68->54 | total wins 1892/1982
01:56:40 [1983/4348] episode 47504781397400: hp 47->40 | total wins 1893/1983
01:56:40 [1984/4348] episode 47504781395403: hp 43->26 | total wins 1894/1984
01:56:41 [1985/4348] episode 47504781387404: hp 68->1 | total wins 1895/1985
01:56:41 [1986/4348] episode 47504781395404: hp 57->39 | total wins 1896/1986
01:56:41 [1987/4348] episode 47504781395401: hp 72->60 | total wins 1897/1987
01:56:41 [1988/4348] episode 47504781396402: hp 40->28 | total wins 1898/1988
01:56:41 [1989/4348] episode 47504781396400: hp 66->48 | total wins 1899/1989
01:56:42 [1990/4348] episode 47504781397402: hp 68->62 | total wins 1900/1990
01:56:42 [1991/4348] episode 47504781398401: hp 50->46 | total wins 1901/1991
01:56:42 [1992/4348] episode 47504781398404: hp 54->50 | total wins 1902/1992
01:56:42 [1993/4348] episode 47504781398402: hp 75->60 | total wins 1903/1993
01:56:42 [1994/4348] episode 47504781395406: hp 60->42 | total wins 1904/1994
01:56:42 [1995/4348] episode 47504781399400: hp 61->49 | total wins 1905/1995
01:56:43 [1996/4348] episode 47504781397401: hp 73->73 | total wins 1906/1996
01:56:44 [1997/4348] episode 47504781399406: hp 38->38 | total wins 1907/1997
01:56:44 [1998/4348] episode 47504781399403: hp 70->46 | total wins 1908/1998
01:56:44 [1999/4348] episode 47504781399401: hp 75->71 | total wins 1909/1999
01:56:45 [2000/4348] episode 47504781400402: hp 42->41 | total wins 1910/2000
01:56:45 [2001/4348] episode 47504781399404: hp 40->40 | total wins 1911/2001
01:56:46 [2002/4348] episode 47504781400403: hp 69->68 | total wins 1912/2002
01:56:46 [2003/4348] episode 47504781401405: hp 39->33 | total wins 1913/2003
01:56:46 [2004/4348] episode 47504781401402: hp 52->24 | total wins 1914/2004
01:56:47 [2005/4348] episode 47504781403404: hp 32->32 | total wins 1915/2005
01:56:47 [2006/4348] episode 47504781403400: hp 59->57 | total wins 1916/2006
01:56:47 [2007/4348] episode 47504781400404: hp 64->57 | total wins 1917/2007
01:56:47 [2008/4348] episode 47504781404404: hp 40->40 | total wins 1918/2008
01:56:47 [2009/4348] episode 47504781399405: hp 34->34 | total wins 1919/2009
01:56:47 [2010/4348] episode 47504781404402: hp 75->80 | total wins 1920/2010
01:56:48 [2011/4348] episode 47504781403403: hp 59->37 | total wins 1921/2011
01:56:48 [2012/4348] episode 47504781402402: hp 70->22 | total wins 1922/2012
01:56:48 [2013/4348] episode 47504781404401: hp 74->62 | total wins 1923/2013
01:56:49 [2014/4348] episode 47504781405402: hp 45->45 | total wins 1924/2014
01:56:49 [2015/4348] episode 47504781405401: hp 43->40 | total wins 1925/2015
01:56:49 [2016/4348] episode 47504781404406: hp 57->57 | total wins 1926/2016
01:56:49 [2017/4348] episode 47504781404405: hp 56->26 | total wins 1927/2017
01:56:49 [2018/4348] episode 47504781405403: hp 58->51 | total wins 1928/2018
01:56:50 [2019/4348] episode 47504781401403: hp 50->36 | total wins 1929/2019
01:56:50 [2020/4348] episode 47504781406405: hp 66->59 | total wins 1930/2020
01:56:50 [2021/4348] episode 47504781405404: hp 80->76 | total wins 1931/2021
01:56:50 [2022/4348] episode 47504781406403: hp 73->65 | total wins 1932/2022
01:56:50 [2023/4348] episode 47504781406402: hp 61->60 | total wins 1933/2023
01:56:51 [2024/4348] episode 47504781402403: hp 42->lost | total wins 1933/2024
01:56:51 [2025/4348] episode 47504781407400: hp 61->58 | total wins 1934/2025
01:56:52 [2026/4348] episode 47504781407402: hp 75->43 | total wins 1935/2026
01:56:52 [2027/4348] episode 47504781403405: hp 36->26 | total wins 1936/2027
01:56:52 [2028/4348] episode 47504781408400: hp 71->57 | total wins 1937/2028
01:56:53 [2029/4348] episode 47504781406404: hp 54->48 | total wins 1938/2029
01:56:53 [2030/4348] episode 47504781407401: hp 75->62 | total wins 1939/2030
01:56:54 [2031/4348] episode 47504781408402: hp 48->51 | total wins 1940/2031
01:56:54 [2032/4348] episode 47504781410400: hp 56->50 | total wins 1941/2032
01:56:55 [2033/4348] episode 47504781405405: hp 69->53 | total wins 1942/2033
01:56:55 [2034/4348] episode 47504781409404: hp 55->17 | total wins 1943/2034
01:56:55 [2035/4348] episode 47504781409402: hp 14->2 | total wins 1944/2035
01:56:56 [2036/4348] episode 47504781408401: hp 45->37 | total wins 1945/2036
01:56:56 [2037/4348] episode 47504781408404: hp 51->20 | total wins 1946/2037
01:56:57 [2038/4348] episode 47504781410403: hp 75->75 | total wins 1947/2038
01:56:58 [2039/4348] episode 47504781411400: hp 70->59 | total wins 1948/2039
01:56:58 [2040/4348] episode 47504781408403: hp 49->38 | total wins 1949/2040
01:56:58 [2041/4348] episode 47504781410401: hp 68->62 | total wins 1950/2041
01:56:59 [2042/4348] episode 47504781411402: hp 30->26 | total wins 1951/2042
01:56:59 [2043/4348] episode 47504781411401: hp 75->61 | total wins 1952/2043
01:57:00 [2044/4348] episode 47504781411404: hp 67->46 | total wins 1953/2044
01:57:01 [2045/4348] episode 47504781411403: hp 75->62 | total wins 1954/2045
01:57:01 [2046/4348] episode 47504781412403: hp 59->68 | total wins 1955/2046
01:57:01 [2047/4348] episode 47504781413402: hp 75->74 | total wins 1956/2047
01:57:01 [2048/4348] episode 47504781413404: hp 51->40 | total wins 1957/2048
01:57:01 [2049/4348] episode 47504781410404: hp 75->72 | total wins 1958/2049
01:57:02 [2050/4348] episode 47504781409401: hp 58->10 | total wins 1959/2050
01:57:02 [2051/4348] episode 47504781414403: hp 60->52 | total wins 1960/2051
01:57:03 [2052/4348] episode 47504781413403: hp 75->35 | total wins 1961/2052
01:57:03 [2053/4348] episode 47504781413406: hp 42->42 | total wins 1962/2053
01:57:03 [2054/4348] episode 47504781413405: hp 42->34 | total wins 1963/2054
01:57:03 [2055/4348] episode 47504781411405: hp 16->lost | total wins 1963/2055
01:57:04 [2056/4348] episode 47504781407403: hp 44->24 | total wins 1964/2056
01:57:04 [2057/4348] episode 47504781414405: hp 81->79 | total wins 1965/2057
01:57:04 [2058/4348] episode 47504781415401: hp 75->68 | total wins 1966/2058
01:57:05 [2059/4348] episode 47504781417400: hp 61->60 | total wins 1967/2059
01:57:06 [2060/4348] episode 47504781417402: hp 75->68 | total wins 1968/2060
01:57:06 [2061/4348] episode 47504781416404: hp 57->49 | total wins 1969/2061
01:57:06 [2062/4348] episode 47504781416402: hp 74->72 | total wins 1970/2062
01:57:06 [2063/4348] episode 47504781417401: hp 65->64 | total wins 1971/2063
01:57:06 [2064/4348] episode 47504781413407: hp 44->57 | total wins 1972/2064
01:57:08 [2065/4348] episode 47504781418402: hp 38->36 | total wins 1973/2065
01:57:08 [2066/4348] episode 47504781415404: hp 44->44 | total wins 1974/2066
01:57:10 [2067/4348] episode 47504781418406: hp 45->29 | total wins 1975/2067
01:57:11 [2068/4348] episode 47504781418405: hp 45->21 | total wins 1976/2068
01:57:11 [2069/4348] episode 47504781418401: hp 64->57 | total wins 1977/2069
01:57:11 [2070/4348] episode 47504781416405: hp 68->18 | total wins 1978/2070
01:57:11 [2071/4348] episode 47504781417403: hp 75->25 | total wins 1979/2071
01:57:11 [2072/4348] episode 47504781410405: hp 75->53 | total wins 1980/2072
01:57:11 [2073/4348] episode 47504781418403: hp 32->2 | total wins 1981/2073
01:57:11 [2074/4348] episode 47504781420405: hp 1->lost | total wins 1981/2074
01:57:11 [2075/4348] episode 47504781419400: hp 65->56 | total wins 1982/2075
01:57:12 [2076/4348] episode 47504781418404: hp 25->3 | total wins 1983/2076
01:57:12 [2077/4348] episode 47504781419403: hp 64->48 | total wins 1984/2077
01:57:13 [2078/4348] episode 47504781420404: hp 34->30 | total wins 1985/2078
01:57:13 [2079/4348] episode 47504781421401: hp 75->66 | total wins 1986/2079
01:57:13 [2080/4348] episode 47504781420401: hp 61->56 | total wins 1987/2080
01:57:14 [2081/4348] episode 47504781420402: hp 75->51 | total wins 1988/2081
01:57:15 [2082/4348] episode 47504781422402: hp 59->56 | total wins 1989/2082
01:57:15 [2083/4348] episode 47504781421405: hp 25->25 | total wins 1990/2083
01:57:15 [2084/4348] episode 47504781420406: hp 23->17 | total wins 1991/2084
01:57:16 [2085/4348] episode 47504781421403: hp 68->22 | total wins 1992/2085
01:57:17 [2086/4348] episode 47504781424404: hp 54->46 | total wins 1993/2086
01:57:17 [2087/4348] episode 47504781423404: hp 24->lost | total wins 1993/2087
01:57:19 [2088/4348] episode 47504781424406: hp 58->53 | total wins 1994/2088
01:57:19 [2089/4348] episode 47504781424405: hp 39->37 | total wins 1995/2089
01:57:20 [2090/4348] episode 47504781423405: hp 25->9 | total wins 1996/2090
01:57:20 [2091/4348] episode 47504781415405: hp 68->36 | total wins 1997/2091
01:57:20 [2092/4348] episode 47504781425405: hp 44->44 | total wins 1998/2092
01:57:20 [2093/4348] episode 47504781425404: hp 74->39 | total wins 1999/2093
01:57:20 [2094/4348] episode 47504781426405: hp 59->59 | total wins 2000/2094
01:57:21 [2095/4348] episode 47504781425402: hp 58->48 | total wins 2001/2095
01:57:21 [2096/4348] episode 47504781426404: hp 65->62 | total wins 2002/2096
01:57:22 [2097/4348] episode 47504781427403: hp 75->64 | total wins 2003/2097
01:57:23 [2098/4348] episode 47504781422403: hp 75->lost | total wins 2003/2098
01:57:23 [2099/4348] episode 47504781427402: hp 64->61 | total wins 2004/2099
01:57:24 [2100/4348] episode 47504781426403: hp 72->33 | total wins 2005/2100
01:57:24 [2101/4348] episode 47504781427406: hp 39->34 | total wins 2006/2101
01:57:25 [2102/4348] episode 47504781428400: hp 72->66 | total wins 2007/2102
01:57:25 [2103/4348] episode 47504781427405: hp 51->17 | total wins 2008/2103
01:57:25 [2104/4348] episode 47504781428406: hp 58->58 | total wins 2009/2104
01:57:25 [2105/4348] episode 47504781428407: hp 63->63 | total wins 2010/2105
01:57:25 [2106/4348] episode 47504781428405: hp 49->43 | total wins 2011/2106
01:57:26 [2107/4348] episode 47504781428403: hp 53->42 | total wins 2012/2107
01:57:26 [2108/4348] episode 47504781427400: hp 71->58 | total wins 2013/2108
01:57:27 [2109/4348] episode 47504781430400: hp 54->42 | total wins 2014/2109
01:57:27 [2110/4348] episode 47504781429405: hp 43->27 | total wins 2015/2110
01:57:28 [2111/4348] episode 47504781429403: hp 75->69 | total wins 2016/2111
01:57:29 [2112/4348] episode 47504781429401: hp 66->59 | total wins 2017/2112
01:57:29 [2113/4348] episode 47504781430405: hp 56->56 | total wins 2018/2113
01:57:29 [2114/4348] episode 47504781432401: hp 75->75 | total wins 2019/2114
01:57:30 [2115/4348] episode 47504781432402: hp 66->66 | total wins 2020/2115
01:57:30 [2116/4348] episode 47504781430406: hp 51->39 | total wins 2021/2116
01:57:30 [2117/4348] episode 47504781429404: hp 51->26 | total wins 2022/2117
01:57:30 [2118/4348] episode 47504781429406: hp 49->29 | total wins 2023/2118
01:57:30 [2119/4348] episode 47504781432405: hp 53->53 | total wins 2024/2119
01:57:31 [2120/4348] episode 47504781430407: hp 46->45 | total wins 2025/2120
01:57:31 [2121/4348] episode 47504781433404: hp 75->70 | total wins 2026/2121
01:57:31 [2122/4348] episode 47504781434400: hp 75->67 | total wins 2027/2122
01:57:32 [2123/4348] episode 47504781433402: hp 54->45 | total wins 2028/2123
01:57:32 [2124/4348] episode 47504781431404: hp 32->19 | total wins 2029/2124
01:57:32 [2125/4348] episode 47504781434402: hp 74->59 | total wins 2030/2125
01:57:32 [2126/4348] episode 47504781432403: hp 75->70 | total wins 2031/2126
01:57:32 [2127/4348] episode 47504781434404: hp 28->12 | total wins 2032/2127
01:57:33 [2128/4348] episode 47504781430403: hp 75->66 | total wins 2033/2128
01:57:33 [2129/4348] episode 47504781433403: hp 57->49 | total wins 2034/2129
01:57:33 [2130/4348] episode 47504781423402: hp 75->24 | total wins 2035/2130
01:57:34 [2131/4348] episode 47504781437401: hp 36->36 | total wins 2036/2131
01:57:35 [2132/4348] episode 47504781434405: hp 19->lost | total wins 2036/2132
01:57:35 [2133/4348] episode 47504781436405: hp 59->57 | total wins 2037/2133
01:57:35 [2134/4348] episode 47504781434403: hp 65->45 | total wins 2038/2134
01:57:35 [2135/4348] episode 47504781436402: hp 46->11 | total wins 2039/2135
01:57:35 [2136/4348] episode 47504781436404: hp 45->40 | total wins 2040/2136
01:57:36 [2137/4348] episode 47504781427407: hp 55->42 | total wins 2041/2137
01:57:36 [2138/4348] episode 47504781436401: hp 61->55 | total wins 2042/2138
01:57:36 [2139/4348] episode 47504781440404: hp 17->14 | total wins 2043/2139
01:57:36 [2140/4348] episode 47504781439404: hp 11->lost | total wins 2043/2140
01:57:38 [2141/4348] episode 47504781435403: hp 37->22 | total wins 2044/2141
01:57:38 [2142/4348] episode 47504781435404: hp 65->59 | total wins 2045/2142
01:57:39 [2143/4348] episode 47504781441405: hp 54->41 | total wins 2046/2143
01:57:39 [2144/4348] episode 47504781439400: hp 64->57 | total wins 2047/2144
01:57:39 [2145/4348] episode 47504781441400: hp 73->67 | total wins 2048/2145
01:57:39 [2146/4348] episode 47504781442401: hp 75->63 | total wins 2049/2146
01:57:40 [2147/4348] episode 47504781441403: hp 71->23 | total wins 2050/2147
01:57:40 [2148/4348] episode 47504781443402: hp 56->55 | total wins 2051/2148
01:57:41 [2149/4348] episode 47504781443400: hp 53->46 | total wins 2052/2149
01:57:41 [2150/4348] episode 47504781444400: hp 75->72 | total wins 2053/2150
01:57:41 [2151/4348] episode 47504781444404: hp 5->5 | total wins 2054/2151
01:57:41 [2152/4348] episode 47504781444405: hp 44->55 | total wins 2055/2152
01:57:42 [2153/4348] episode 47504781439403: hp 75->61 | total wins 2056/2153
01:57:42 [2154/4348] episode 47504781441404: hp 48->39 | total wins 2057/2154
01:57:42 [2155/4348] episode 47504781443403: hp 38->34 | total wins 2058/2155
01:57:43 [2156/4348] episode 47504781444403: hp 75->55 | total wins 2059/2156
01:57:43 [2157/4348] episode 47504781442402: hp 65->46 | total wins 2060/2157
01:57:43 [2158/4348] episode 47504781440405: hp 34->19 | total wins 2061/2158
01:57:44 [2159/4348] episode 47504781445402: hp 75->72 | total wins 2062/2159
01:57:45 [2160/4348] episode 47504781447403: hp 53->41 | total wins 2063/2160
01:57:45 [2161/4348] episode 47504781448402: hp 75->75 | total wins 2064/2161
01:57:45 [2162/4348] episode 47504781446403: hp 62->18 | total wins 2065/2162
01:57:46 [2163/4348] episode 47504781447405: hp 32->11 | total wins 2066/2163
01:57:46 [2164/4348] episode 47504781447406: hp 50->39 | total wins 2067/2164
01:57:47 [2165/4348] episode 47504781446404: hp 44->lost | total wins 2067/2165
01:57:49 [2166/4348] episode 47504781448404: hp 66->52 | total wins 2068/2166
01:57:51 [2167/4348] episode 47504781449404: hp 36->20 | total wins 2069/2167
01:57:51 [2168/4348] episode 47504781447401: hp 75->45 | total wins 2070/2168
01:57:52 [2169/4348] episode 47504781445404: hp 53->21 | total wins 2071/2169
01:57:52 [2170/4348] episode 47504781450401: hp 46->45 | total wins 2072/2170
01:57:52 [2171/4348] episode 47504781449405: hp 32->7 | total wins 2073/2171
01:57:52 [2172/4348] episode 47504781450404: hp 15->15 | total wins 2074/2172
01:57:53 [2173/4348] episode 47504781445403: hp 64->50 | total wins 2075/2173
01:57:53 [2174/4348] episode 47504781450402: hp 51->46 | total wins 2076/2174
01:57:53 [2175/4348] episode 47504781450400: hp 67->55 | total wins 2077/2175
01:57:54 [2176/4348] episode 47504781451400: hp 62->61 | total wins 2078/2176
01:57:54 [2177/4348] episode 47504781452403: hp 67->56 | total wins 2079/2177
01:57:54 [2178/4348] episode 47504781451404: hp 14->14 | total wins 2080/2178
01:57:55 [2179/4348] episode 47504781451402: hp 59->59 | total wins 2081/2179
01:57:55 [2180/4348] episode 47504781452404: hp 45->32 | total wins 2082/2180
01:57:55 [2181/4348] episode 47504781450405: hp 26->31 | total wins 2083/2181
01:57:55 [2182/4348] episode 47504781449403: hp 75->25 | total wins 2084/2182
01:57:56 [2183/4348] episode 47504781451401: hp 55->52 | total wins 2085/2183
01:57:56 [2184/4348] episode 47504781453401: hp 62->62 | total wins 2086/2184
01:57:56 [2185/4348] episode 47504781454401: hp 60->59 | total wins 2087/2185
01:57:58 [2186/4348] episode 47504781454404: hp 57->53 | total wins 2088/2186
01:57:58 [2187/4348] episode 47504781454402: hp 50->43 | total wins 2089/2187
01:57:59 [2188/4348] episode 47504781454405: hp 63->63 | total wins 2090/2188
01:57:59 [2189/4348] episode 47504781454403: hp 54->36 | total wins 2091/2189
01:57:59 [2190/4348] episode 47504781454400: hp 72->61 | total wins 2092/2190
01:58:00 [2191/4348] episode 47504781453404: hp 75->67 | total wins 2093/2191
01:58:00 [2192/4348] episode 47504781450403: hp 41->lost | total wins 2093/2192
01:58:01 [2193/4348] episode 47504781440403: hp 46->29 | total wins 2094/2193
01:58:01 [2194/4348] episode 47504781444402: hp 54->58 | total wins 2095/2194
01:58:01 [2195/4348] episode 47504781451403: hp 45->29 | total wins 2096/2195
01:58:01 [2196/4348] episode 47504781453403: hp 75->72 | total wins 2097/2196
01:58:02 [2197/4348] episode 47504781455404: hp 75->66 | total wins 2098/2197
01:58:02 [2198/4348] episode 47504781456401: hp 73->73 | total wins 2099/2198
01:58:02 [2199/4348] episode 47504781455403: hp 71->70 | total wins 2100/2199
01:58:03 [2200/4348] episode 47504781454406: hp 72->63 | total wins 2101/2200
01:58:03 [2201/4348] episode 47504781458400: hp 75->69 | total wins 2102/2201
01:58:04 [2202/4348] episode 47504781456403: hp 55->44 | total wins 2103/2202
01:58:05 [2203/4348] episode 47504781458403: hp 74->74 | total wins 2104/2203
01:58:05 [2204/4348] episode 47504781459401: hp 73->73 | total wins 2105/2204
01:58:05 [2205/4348] episode 47504781458401: hp 75->71 | total wins 2106/2205
01:58:05 [2206/4348] episode 47504781459404: hp 71->71 | total wins 2107/2206
01:58:05 [2207/4348] episode 47504781456406: hp 48->32 | total wins 2108/2207
01:58:05 [2208/4348] episode 47504781458404: hp 64->54 | total wins 2109/2208
01:58:05 [2209/4348] episode 47504781456407: hp 49->43 | total wins 2110/2209
01:58:05 [2210/4348] episode 47504781457402: hp 40->lost | total wins 2110/2210
01:58:06 [2211/4348] episode 47504781459406: hp 75->65 | total wins 2111/2211
01:58:07 [2212/4348] episode 47504781458405: hp 56->38 | total wins 2112/2212
01:58:08 [2213/4348] episode 47504781456405: hp 62->42 | total wins 2113/2213
01:58:08 [2214/4348] episode 47504781460406: hp 75->67 | total wins 2114/2214
01:58:08 [2215/4348] episode 47504781460400: hp 75->61 | total wins 2115/2215
01:58:09 [2216/4348] episode 47504781459403: hp 75->45 | total wins 2116/2216
01:58:09 [2217/4348] episode 47504781459405: hp 70->54 | total wins 2117/2217
01:58:09 [2218/4348] episode 47504781458406: hp 45->10 | total wins 2118/2218
01:58:10 [2219/4348] episode 47504781460403: hp 65->65 | total wins 2119/2219
01:58:11 [2220/4348] episode 47504781462403: hp 72->58 | total wins 2120/2220
01:58:11 [2221/4348] episode 47504781456404: hp 75->45 | total wins 2121/2221
01:58:11 [2222/4348] episode 47504781463402: hp 71->57 | total wins 2122/2222
01:58:11 [2223/4348] episode 47504781462402: hp 71->56 | total wins 2123/2223
01:58:12 [2224/4348] episode 47504781462405: hp 19->7 | total wins 2124/2224
01:58:12 [2225/4348] episode 47504781461403: hp 65->51 | total wins 2125/2225
01:58:12 [2226/4348] episode 47504781462404: hp 32->32 | total wins 2126/2226
01:58:13 [2227/4348] episode 47504781463404: hp 58->24 | total wins 2127/2227
01:58:13 [2228/4348] episode 47504781460404: hp 59->45 | total wins 2128/2228
01:58:13 [2229/4348] episode 47504781460405: hp 55->60 | total wins 2129/2229
01:58:14 [2230/4348] episode 47504781463403: hp 71->66 | total wins 2130/2230
01:58:14 [2231/4348] episode 47504781464404: hp 34->34 | total wins 2131/2231
01:58:14 [2232/4348] episode 47504781465404: hp 66->59 | total wins 2132/2232
01:58:14 [2233/4348] episode 47504781465406: hp 65->53 | total wins 2133/2233
01:58:15 [2234/4348] episode 47504781464405: hp 42->40 | total wins 2134/2234
01:58:15 [2235/4348] episode 47504781465405: hp 69->69 | total wins 2135/2235
01:58:15 [2236/4348] episode 47504781463405: hp 30->lost | total wins 2135/2236
01:58:15 [2237/4348] episode 47504781466403: hp 59->59 | total wins 2136/2237
01:58:16 [2238/4348] episode 47504781465403: hp 56->49 | total wins 2137/2238
01:58:16 [2239/4348] episode 47504781467400: hp 71->65 | total wins 2138/2239
01:58:16 [2240/4348] episode 47504781467402: hp 53->50 | total wins 2139/2240
01:58:16 [2241/4348] episode 47504781466400: hp 67->54 | total wins 2140/2241
01:58:17 [2242/4348] episode 47504781464403: hp 66->15 | total wins 2141/2242
01:58:17 [2243/4348] episode 47504781468403: hp 34->43 | total wins 2142/2243
01:58:18 [2244/4348] episode 47504781466404: hp 56->56 | total wins 2143/2244
01:58:18 [2245/4348] episode 47504781466405: hp 74->72 | total wins 2144/2245
01:58:19 [2246/4348] episode 47504781469403: hp 45->45 | total wins 2145/2246
01:58:19 [2247/4348] episode 47504781469400: hp 71->64 | total wins 2146/2247
01:58:19 [2248/4348] episode 47504781468406: hp 51->36 | total wins 2147/2248
01:58:19 [2249/4348] episode 47504781467403: hp 44->42 | total wins 2148/2249
01:58:19 [2250/4348] episode 47504781469402: hp 75->43 | total wins 2149/2250
01:58:20 [2251/4348] episode 47504781469405: hp 29->18 | total wins 2150/2251
01:58:20 [2252/4348] episode 47504781468405: hp 10->5 | total wins 2151/2252
01:58:20 [2253/4348] episode 47504781468404: hp 35->16 | total wins 2152/2253
01:58:20 [2254/4348] episode 47504781469401: hp 63->51 | total wins 2153/2254
01:58:21 [2255/4348] episode 47504781470404: hp 62->30 | total wins 2154/2255
01:58:21 [2256/4348] episode 47504781470405: hp 25->41 | total wins 2155/2256
01:58:21 [2257/4348] episode 47504781468407: hp 51->17 | total wins 2156/2257
01:58:21 [2258/4348] episode 47504781471400: hp 61->57 | total wins 2157/2258
01:58:22 [2259/4348] episode 47504781471403: hp 62->55 | total wins 2158/2259
01:58:23 [2260/4348] episode 47504781470402: hp 65->63 | total wins 2159/2260
01:58:23 [2261/4348] episode 47504781467404: hp 44->31 | total wins 2160/2261
01:58:23 [2262/4348] episode 47504781472404: hp 50->46 | total wins 2161/2262
01:58:24 [2263/4348] episode 47504781470406: hp 53->50 | total wins 2162/2263
01:58:24 [2264/4348] episode 47504781472405: hp 31->9 | total wins 2163/2264
01:58:25 [2265/4348] episode 47504781470403: hp 75->65 | total wins 2164/2265
01:58:25 [2266/4348] episode 47504781473403: hp 59->52 | total wins 2165/2266
01:58:25 [2267/4348] episode 47504781472400: hp 75->74 | total wins 2166/2267
01:58:26 [2268/4348] episode 47504781473402: hp 75->73 | total wins 2167/2268
01:58:26 [2269/4348] episode 47504781472406: hp 51->51 | total wins 2168/2269
01:58:26 [2270/4348] episode 47504781475405: hp 52->49 | total wins 2169/2270
01:58:27 [2271/4348] episode 47504781471406: hp 48->28 | total wins 2170/2271
01:58:27 [2272/4348] episode 47504781475400: hp 64->60 | total wins 2171/2272
01:58:27 [2273/4348] episode 47504781475403: hp 67->53 | total wins 2172/2273
01:58:27 [2274/4348] episode 47504781475406: hp 61->61 | total wins 2173/2274
01:58:27 [2275/4348] episode 47504781476403: hp 37->30 | total wins 2174/2275
01:58:28 [2276/4348] episode 47504781474400: hp 64->53 | total wins 2175/2276
01:58:28 [2277/4348] episode 47504781473405: hp 70->67 | total wins 2176/2277
01:58:28 [2278/4348] episode 47504781471404: hp 71->71 | total wins 2177/2278
01:58:29 [2279/4348] episode 47504781477405: hp 9->lost | total wins 2177/2279
01:58:30 [2280/4348] episode 47504781477400: hp 73->67 | total wins 2178/2280
01:58:30 [2281/4348] episode 47504781478403: hp 57->42 | total wins 2179/2281
01:58:30 [2282/4348] episode 47504781478405: hp 77->65 | total wins 2180/2282
01:58:30 [2283/4348] episode 47504781478404: hp 55->52 | total wins 2181/2283
01:58:30 [2284/4348] episode 47504781476402: hp 74->44 | total wins 2182/2284
01:58:30 [2285/4348] episode 47504781477402: hp 75->65 | total wins 2183/2285
01:58:30 [2286/4348] episode 47504781479400: hp 74->72 | total wins 2184/2286
01:58:30 [2287/4348] episode 47504781474403: hp 57->22 | total wins 2185/2287
01:58:31 [2288/4348] episode 47504781479403: hp 62->62 | total wins 2186/2288
01:58:32 [2289/4348] episode 47504781481400: hp 75->69 | total wins 2187/2289
01:58:32 [2290/4348] episode 47504781480407: hp 37->37 | total wins 2188/2290
01:58:33 [2291/4348] episode 47504781481404: hp 62->53 | total wins 2189/2291
01:58:34 [2292/4348] episode 47504781480406: hp 58->53 | total wins 2190/2292
01:58:35 [2293/4348] episode 47504781482402: hp 74->74 | total wins 2191/2293
01:58:35 [2294/4348] episode 47504781481403: hp 62->53 | total wins 2192/2294
01:58:35 [2295/4348] episode 47504781480400: hp 75->64 | total wins 2193/2295
01:58:35 [2296/4348] episode 47504781480404: hp 60->31 | total wins 2194/2296
01:58:35 [2297/4348] episode 47504781481405: hp 33->25 | total wins 2195/2297
01:58:36 [2298/4348] episode 47504781479404: hp 69->69 | total wins 2196/2298
01:58:36 [2299/4348] episode 47504781477404: hp 42->2 | total wins 2197/2299
01:58:36 [2300/4348] episode 47504781483400: hp 63->56 | total wins 2198/2300
01:58:36 [2301/4348] episode 47504781484400: hp 75->69 | total wins 2199/2301
01:58:37 [2302/4348] episode 47504781483405: hp 66->54 | total wins 2200/2302
01:58:37 [2303/4348] episode 47504781482405: hp 39->33 | total wins 2201/2303
01:58:38 [2304/4348] episode 47504781480405: hp 32->lost | total wins 2201/2304
01:58:38 [2305/4348] episode 47504781485400: hp 75->69 | total wins 2202/2305
01:58:39 [2306/4348] episode 47504781482403: hp 51->36 | total wins 2203/2306
01:58:39 [2307/4348] episode 47504781486402: hp 64->64 | total wins 2204/2307
01:58:39 [2308/4348] episode 47504781481406: hp 47->32 | total wins 2205/2308
01:58:39 [2309/4348] episode 47504781484401: hp 75->71 | total wins 2206/2309
01:58:40 [2310/4348] episode 47504781483403: hp 59->41 | total wins 2207/2310
01:58:40 [2311/4348] episode 47504781487400: hp 70->61 | total wins 2208/2311
01:58:40 [2312/4348] episode 47504781484406: hp 50->50 | total wins 2209/2312
01:58:40 [2313/4348] episode 47504781485403: hp 46->14 | total wins 2210/2313
01:58:41 [2314/4348] episode 47504781484403: hp 44->28 | total wins 2211/2314
01:58:42 [2315/4348] episode 47504781490401: hp 63->55 | total wins 2212/2315
01:58:42 [2316/4348] episode 47504781489403: hp 32->19 | total wins 2213/2316
01:58:42 [2317/4348] episode 47504781484405: hp 58->54 | total wins 2214/2317
01:58:42 [2318/4348] episode 47504781491401: hp 73->73 | total wins 2215/2318
01:58:42 [2319/4348] episode 47504781487402: hp 33->12 | total wins 2216/2319
01:58:43 [2320/4348] episode 47504781488401: hp 60->57 | total wins 2217/2320
01:58:43 [2321/4348] episode 47504781490403: hp 63->50 | total wins 2218/2321
01:58:43 [2322/4348] episode 47504781491400: hp 75->69 | total wins 2219/2322
01:58:45 [2323/4348] episode 47504781492400: hp 54->47 | total wins 2220/2323
01:58:45 [2324/4348] episode 47504781490402: hp 31->lost | total wins 2220/2324
01:58:46 [2325/4348] episode 47504781491403: hp 56->54 | total wins 2221/2325
01:58:46 [2326/4348] episode 47504781484404: hp 75->17 | total wins 2222/2326
01:58:46 [2327/4348] episode 47504781492402: hp 67->62 | total wins 2223/2327
01:58:47 [2328/4348] episode 47504781488402: hp 36->lost | total wins 2223/2328
01:58:47 [2329/4348] episode 47504781493402: hp 49->34 | total wins 2224/2329
01:58:47 [2330/4348] episode 47504781491404: hp 50->35 | total wins 2225/2330
01:58:47 [2331/4348] episode 47504781489402: hp 44->8 | total wins 2226/2331
01:58:47 [2332/4348] episode 47504781494400: hp 75->74 | total wins 2227/2332
01:58:48 [2333/4348] episode 47504781494404: hp 51->41 | total wins 2228/2333
01:58:49 [2334/4348] episode 47504781493405: hp 26->10 | total wins 2229/2334
01:58:50 [2335/4348] episode 47504781492403: hp 40->lost | total wins 2229/2335
01:58:50 [2336/4348] episode 47504781493404: hp 23->15 | total wins 2230/2336
01:58:50 [2337/4348] episode 47504781494403: hp 50->31 | total wins 2231/2337
01:58:50 [2338/4348] episode 47504781495400: hp 71->62 | total wins 2232/2338
01:58:51 [2339/4348] episode 47504781493403: hp 55->42 | total wins 2233/2339
01:58:51 [2340/4348] episode 47504781494402: hp 71->68 | total wins 2234/2340
01:58:51 [2341/4348] episode 47504781496400: hp 75->63 | total wins 2235/2341
01:58:51 [2342/4348] episode 47504781494405: hp 70->65 | total wins 2236/2342
01:58:51 [2343/4348] episode 47504781494406: hp 61->61 | total wins 2237/2343
01:58:52 [2344/4348] episode 47504781495403: hp 49->25 | total wins 2238/2344
01:58:52 [2345/4348] episode 47504781497400: hp 53->47 | total wins 2239/2345
01:58:52 [2346/4348] episode 47504781498400: hp 72->66 | total wins 2240/2346
01:58:52 [2347/4348] episode 47504781495405: hp 49->49 | total wins 2241/2347
01:58:53 [2348/4348] episode 47504781496403: hp 41->4 | total wins 2242/2348
01:58:53 [2349/4348] episode 47504781499404: hp 59->59 | total wins 2243/2349
01:58:53 [2350/4348] episode 47504781499405: hp 28->28 | total wins 2244/2350
01:58:53 [2351/4348] episode 47504781495404: hp 65->47 | total wins 2245/2351
01:58:54 [2352/4348] episode 47504781499402: hp 75->75 | total wins 2246/2352
01:58:54 [2353/4348] episode 47504781499400: hp 59->57 | total wins 2247/2353
01:58:54 [2354/4348] episode 47504781499403: hp 68->36 | total wins 2248/2354
01:58:54 [2355/4348] episode 47504781498406: hp 42->20 | total wins 2249/2355
01:58:55 [2356/4348] episode 47504781499406: hp 63->57 | total wins 2250/2356
01:58:55 [2357/4348] episode 47504781497401: hp 75->66 | total wins 2251/2357
01:58:55 [2358/4348] episode 47504781498403: hp 59->53 | total wins 2252/2358
01:58:56 [2359/4348] episode 47504781487401: hp 73->10 | total wins 2253/2359
01:58:56 [2360/4348] episode 47504781500400: hp 75->73 | total wins 2254/2360
01:58:57 [2361/4348] episode 47504781500406: hp 41->27 | total wins 2255/2361
01:58:57 [2362/4348] episode 47504781500405: hp 46->33 | total wins 2256/2362
01:58:57 [2363/4348] episode 47504781500403: hp 69->36 | total wins 2257/2363
01:58:58 [2364/4348] episode 47504781500404: hp 41->40 | total wins 2258/2364
01:58:58 [2365/4348] episode 47504781502402: hp 72->65 | total wins 2259/2365
01:58:58 [2366/4348] episode 47504781498405: hp 37->6 | total wins 2260/2366
01:58:59 [2367/4348] episode 47504781502406: hp 24->20 | total wins 2261/2367
01:58:59 [2368/4348] episode 47504781504402: hp 75->75 | total wins 2262/2368
01:59:00 [2369/4348] episode 47504781503403: hp 55->55 | total wins 2263/2369
01:59:00 [2370/4348] episode 47504781503400: hp 68->66 | total wins 2264/2370
01:59:00 [2371/4348] episode 47504781502404: hp 58->42 | total wins 2265/2371
01:59:00 [2372/4348] episode 47504781505401: hp 75->75 | total wins 2266/2372
01:59:00 [2373/4348] episode 47504781503404: hp 67->64 | total wins 2267/2373
01:59:01 [2374/4348] episode 47504781501403: hp 75->67 | total wins 2268/2374
01:59:01 [2375/4348] episode 47504781505402: hp 70->63 | total wins 2269/2375
01:59:01 [2376/4348] episode 47504781501406: hp 41->36 | total wins 2270/2376
01:59:01 [2377/4348] episode 47504781501405: hp 23->15 | total wins 2271/2377
01:59:02 [2378/4348] episode 47504781504405: hp 50->42 | total wins 2272/2378
01:59:02 [2379/4348] episode 47504781502405: hp 33->lost | total wins 2272/2379
01:59:02 [2380/4348] episode 47504781507401: hp 73->61 | total wins 2273/2380
01:59:03 [2381/4348] episode 47504781501404: hp 60->17 | total wins 2274/2381
01:59:03 [2382/4348] episode 47504781507400: hp 75->67 | total wins 2275/2382
01:59:04 [2383/4348] episode 47504781508401: hp 63->56 | total wins 2276/2383
01:59:04 [2384/4348] episode 47504781509404: hp 74->71 | total wins 2277/2384
01:59:04 [2385/4348] episode 47504781507402: hp 75->45 | total wins 2278/2385
01:59:04 [2386/4348] episode 47504781508405: hp 31->28 | total wins 2279/2386
01:59:05 [2387/4348] episode 47504781509405: hp 57->45 | total wins 2280/2387
01:59:05 [2388/4348] episode 47504781508403: hp 63->35 | total wins 2281/2388
01:59:06 [2389/4348] episode 47504781504403: hp 72->48 | total wins 2282/2389
01:59:06 [2390/4348] episode 47504781510403: hp 67->66 | total wins 2283/2390
01:59:06 [2391/4348] episode 47504781506403: hp 72->60 | total wins 2284/2391
01:59:06 [2392/4348] episode 47504781509403: hp 58->47 | total wins 2285/2392
01:59:07 [2393/4348] episode 47504781510406: hp 68->67 | total wins 2286/2393
01:59:07 [2394/4348] episode 47504781512401: hp 47->36 | total wins 2287/2394
01:59:07 [2395/4348] episode 47504781514405: hp 70->70 | total wins 2288/2395
01:59:08 [2396/4348] episode 47504781510405: hp 75->47 | total wins 2289/2396
01:59:08 [2397/4348] episode 47504781513404: hp 28->23 | total wins 2290/2397
01:59:08 [2398/4348] episode 47504781511401: hp 75->65 | total wins 2291/2398
01:59:09 [2399/4348] episode 47504781513401: hp 46->39 | total wins 2292/2399
01:59:09 [2400/4348] episode 47504781516403: hp 75->69 | total wins 2293/2400
01:59:09 [2401/4348] episode 47504781515403: hp 75->75 | total wins 2294/2401
01:59:09 [2402/4348] episode 47504781513403: hp 32->24 | total wins 2295/2402
01:59:10 [2403/4348] episode 47504781516405: hp 54->42 | total wins 2296/2403
01:59:10 [2404/4348] episode 47504781508404: hp 55->23 | total wins 2297/2404
01:59:10 [2405/4348] episode 47504781514403: hp 75->70 | total wins 2298/2405
01:59:10 [2406/4348] episode 47504781516404: hp 49->36 | total wins 2299/2406
01:59:11 [2407/4348] episode 47504781514407: hp 44->39 | total wins 2300/2407
01:59:11 [2408/4348] episode 47504781517401: hp 45->39 | total wins 2301/2408
01:59:12 [2409/4348] episode 47504781516400: hp 68->60 | total wins 2302/2409
01:59:12 [2410/4348] episode 47504781518400: hp 68->56 | total wins 2303/2410
01:59:12 [2411/4348] episode 47504781519401: hp 60->50 | total wins 2304/2411
01:59:13 [2412/4348] episode 47504781520401: hp 68->58 | total wins 2305/2412
01:59:13 [2413/4348] episode 47504781520403: hp 71->63 | total wins 2306/2413
01:59:13 [2414/4348] episode 47504781517404: hp 55->53 | total wins 2307/2414
01:59:13 [2415/4348] episode 47504781514404: hp 69->52 | total wins 2308/2415
01:59:14 [2416/4348] episode 47504781520402: hp 72->70 | total wins 2309/2416
01:59:14 [2417/4348] episode 47504781518404: hp 33->33 | total wins 2310/2417
01:59:14 [2418/4348] episode 47504781521401: hp 66->65 | total wins 2311/2418
01:59:14 [2419/4348] episode 47504781521402: hp 75->75 | total wins 2312/2419
01:59:14 [2420/4348] episode 47504781521403: hp 56->56 | total wins 2313/2420
01:59:14 [2421/4348] episode 47504781511403: hp 64->36 | total wins 2314/2421
01:59:15 [2422/4348] episode 47504781522405: hp 18->7 | total wins 2315/2422
01:59:16 [2423/4348] episode 47504781519402: hp 75->47 | total wins 2316/2423
01:59:16 [2424/4348] episode 47504781521400: hp 69->64 | total wins 2317/2424
01:59:17 [2425/4348] episode 47504781523401: hp 67->58 | total wins 2318/2425
01:59:17 [2426/4348] episode 47504781520404: hp 75->48 | total wins 2319/2426
01:59:17 [2427/4348] episode 47504781521404: hp 69->58 | total wins 2320/2427
01:59:17 [2428/4348] episode 47504781523403: hp 62->50 | total wins 2321/2428
01:59:18 [2429/4348] episode 47504781517403: hp 70->55 | total wins 2322/2429
01:59:18 [2430/4348] episode 47504781522403: hp 75->35 | total wins 2323/2430
01:59:18 [2431/4348] episode 47504781525403: hp 75->75 | total wins 2324/2431
01:59:18 [2432/4348] episode 47504781514406: hp 54->25 | total wins 2325/2432
01:59:18 [2433/4348] episode 47504781524401: hp 62->61 | total wins 2326/2433
01:59:18 [2434/4348] episode 47504781524400: hp 56->54 | total wins 2327/2434
01:59:19 [2435/4348] episode 47504781523405: hp 41->41 | total wins 2328/2435
01:59:19 [2436/4348] episode 47504781524403: hp 40->40 | total wins 2329/2436
01:59:19 [2437/4348] episode 47504781526404: hp 75->75 | total wins 2330/2437
01:59:19 [2438/4348] episode 47504781524404: hp 33->32 | total wins 2331/2438
01:59:20 [2439/4348] episode 47504781522404: hp 33->30 | total wins 2332/2439
01:59:20 [2440/4348] episode 47504781526402: hp 75->63 | total wins 2333/2440
01:59:21 [2441/4348] episode 47504781525404: hp 65->64 | total wins 2334/2441
01:59:21 [2442/4348] episode 47504781523404: hp 33->24 | total wins 2335/2442
01:59:21 [2443/4348] episode 47504781524402: hp 43->12 | total wins 2336/2443
01:59:21 [2444/4348] episode 47504781526405: hp 68->68 | total wins 2337/2444
01:59:22 [2445/4348] episode 47504781529402: hp 75->75 | total wins 2338/2445
01:59:23 [2446/4348] episode 47504781525405: hp 36->27 | total wins 2339/2446
01:59:23 [2447/4348] episode 47504781526403: hp 70->54 | total wins 2340/2447
01:59:23 [2448/4348] episode 47504781528404: hp 57->25 | total wins 2341/2448
01:59:24 [2449/4348] episode 47504781529404: hp 64->53 | total wins 2342/2449
01:59:24 [2450/4348] episode 47504781528403: hp 35->11 | total wins 2343/2450
01:59:24 [2451/4348] episode 47504781530400: hp 65->53 | total wins 2344/2451
01:59:25 [2452/4348] episode 47504781528402: hp 58->18 | total wins 2345/2452
01:59:25 [2453/4348] episode 47504781530401: hp 61->61 | total wins 2346/2453
01:59:25 [2454/4348] episode 47504781527404: hp 44->lost | total wins 2346/2454
01:59:25 [2455/4348] episode 47504781529401: hp 75->70 | total wins 2347/2455
01:59:25 [2456/4348] episode 47504781527403: hp 49->45 | total wins 2348/2456
01:59:26 [2457/4348] episode 47504781530405: hp 43->42 | total wins 2349/2457
01:59:26 [2458/4348] episode 47504781530406: hp 62->62 | total wins 2350/2458
01:59:27 [2459/4348] episode 47504781530407: hp 52->49 | total wins 2351/2459
01:59:27 [2460/4348] episode 47504781531402: hp 55->53 | total wins 2352/2460
01:59:28 [2461/4348] episode 47504781532401: hp 66->54 | total wins 2353/2461
01:59:29 [2462/4348] episode 47504781530403: hp 75->66 | total wins 2354/2462
01:59:30 [2463/4348] episode 47504781531404: hp 64->64 | total wins 2355/2463
01:59:30 [2464/4348] episode 47504781530404: hp 73->46 | total wins 2356/2464
01:59:30 [2465/4348] episode 47504781532403: hp 49->31 | total wins 2357/2465
01:59:31 [2466/4348] episode 47504781532405: hp 60->59 | total wins 2358/2466
01:59:31 [2467/4348] episode 47504781531401: hp 74->74 | total wins 2359/2467
01:59:32 [2468/4348] episode 47504781534404: hp 32->32 | total wins 2360/2468
01:59:32 [2469/4348] episode 47504781534403: hp 55->39 | total wins 2361/2469
01:59:32 [2470/4348] episode 47504781534402: hp 40->38 | total wins 2362/2470
01:59:32 [2471/4348] episode 47504781532406: hp 75->64 | total wins 2363/2471
01:59:32 [2472/4348] episode 47504781528406: hp 62->39 | total wins 2364/2472
01:59:32 [2473/4348] episode 47504781531403: hp 71->61 | total wins 2365/2473
01:59:32 [2474/4348] episode 47504781533401: hp 38->38 | total wins 2366/2474
01:59:32 [2475/4348] episode 47504781533402: hp 19->lost | total wins 2366/2475
01:59:33 [2476/4348] episode 47504781535405: hp 51->38 | total wins 2367/2476
01:59:33 [2477/4348] episode 47504781535407: hp 42->42 | total wins 2368/2477
01:59:33 [2478/4348] episode 47504781532404: hp 74->65 | total wins 2369/2478
01:59:33 [2479/4348] episode 47504781536400: hp 60->59 | total wins 2370/2479
01:59:34 [2480/4348] episode 47504781529403: hp 75->50 | total wins 2371/2480
01:59:34 [2481/4348] episode 47504781537403: hp 17->2 | total wins 2372/2481
01:59:35 [2482/4348] episode 47504781535403: hp 66->65 | total wins 2373/2482
01:59:35 [2483/4348] episode 47504781535406: hp 57->46 | total wins 2374/2483
01:59:35 [2484/4348] episode 47504781535400: hp 70->69 | total wins 2375/2484
01:59:35 [2485/4348] episode 47504781536401: hp 71->66 | total wins 2376/2485
01:59:36 [2486/4348] episode 47504781537401: hp 39->38 | total wins 2377/2486
01:59:37 [2487/4348] episode 47504781534405: hp 39->20 | total wins 2378/2487
01:59:37 [2488/4348] episode 47504781536404: hp 37->1 | total wins 2379/2488
01:59:37 [2489/4348] episode 47504781538400: hp 67->62 | total wins 2380/2489
01:59:37 [2490/4348] episode 47504781536403: hp 48->22 | total wins 2381/2490
01:59:38 [2491/4348] episode 47504781538405: hp 75->45 | total wins 2382/2491
01:59:38 [2492/4348] episode 47504781538404: hp 75->69 | total wins 2383/2492
01:59:38 [2493/4348] episode 47504781539400: hp 49->37 | total wins 2384/2493
01:59:39 [2494/4348] episode 47504781540400: hp 71->65 | total wins 2385/2494
01:59:39 [2495/4348] episode 47504781539403: hp 66->62 | total wins 2386/2495
01:59:39 [2496/4348] episode 47504781537404: hp 36->17 | total wins 2387/2496
01:59:39 [2497/4348] episode 47504781538403: hp 75->75 | total wins 2388/2497
01:59:41 [2498/4348] episode 47504781540401: hp 64->64 | total wins 2389/2498
01:59:41 [2499/4348] episode 47504781540404: hp 18->lost | total wins 2389/2499
01:59:41 [2500/4348] episode 47504781539405: hp 75->65 | total wins 2390/2500
01:59:41 [2501/4348] episode 47504781538402: hp 75->73 | total wins 2391/2501
01:59:41 [2502/4348] episode 47504781542403: hp 73->73 | total wins 2392/2502
01:59:41 [2503/4348] episode 47504781539406: hp 68->55 | total wins 2393/2503
01:59:41 [2504/4348] episode 47504781541402: hp 63->61 | total wins 2394/2504
01:59:41 [2505/4348] episode 47504781541403: hp 75->69 | total wins 2395/2505
01:59:41 [2506/4348] episode 47504781539401: hp 62->45 | total wins 2396/2506
01:59:42 [2507/4348] episode 47504781538406: hp 58->54 | total wins 2397/2507
01:59:42 [2508/4348] episode 47504781542405: hp 66->45 | total wins 2398/2508
01:59:43 [2509/4348] episode 47504781541400: hp 62->52 | total wins 2399/2509
01:59:43 [2510/4348] episode 47504781541405: hp 56->67 | total wins 2400/2510
01:59:43 [2511/4348] episode 47504781542406: hp 40->24 | total wins 2401/2511
01:59:44 [2512/4348] episode 47504781542404: hp 56->44 | total wins 2402/2512
01:59:44 [2513/4348] episode 47504781544403: hp 75->64 | total wins 2403/2513
01:59:44 [2514/4348] episode 47504781544400: hp 67->58 | total wins 2404/2514
01:59:45 [2515/4348] episode 47504781544405: hp 75->75 | total wins 2405/2515
01:59:45 [2516/4348] episode 47504781543403: hp 75->67 | total wins 2406/2516
01:59:45 [2517/4348] episode 47504781545402: hp 48->46 | total wins 2407/2517
01:59:45 [2518/4348] episode 47504781540402: hp 61->26 | total wins 2408/2518
01:59:45 [2519/4348] episode 47504781543405: hp 43->35 | total wins 2409/2519
01:59:46 [2520/4348] episode 47504781545400: hp 75->69 | total wins 2410/2520
01:59:46 [2521/4348] episode 47504781545403: hp 65->48 | total wins 2411/2521
01:59:46 [2522/4348] episode 47504781547403: hp 38->37 | total wins 2412/2522
01:59:46 [2523/4348] episode 47504781546400: hp 75->66 | total wins 2413/2523
01:59:47 [2524/4348] episode 47504781547405: hp 55->54 | total wins 2414/2524
01:59:47 [2525/4348] episode 47504781544404: hp 75->69 | total wins 2415/2525
01:59:48 [2526/4348] episode 47504781546404: hp 33->21 | total wins 2416/2526
01:59:48 [2527/4348] episode 47504781548406: hp 75->74 | total wins 2417/2527
01:59:48 [2528/4348] episode 47504781549400: hp 60->50 | total wins 2418/2528
01:59:48 [2529/4348] episode 47504781549401: hp 64->63 | total wins 2419/2529
01:59:48 [2530/4348] episode 47504781544407: hp 61->49 | total wins 2420/2530
01:59:49 [2531/4348] episode 47504781549403: hp 75->29 | total wins 2421/2531
01:59:49 [2532/4348] episode 47504781552402: hp 50->49 | total wins 2422/2532
01:59:49 [2533/4348] episode 47504781546402: hp 59->27 | total wins 2423/2533
01:59:50 [2534/4348] episode 47504781548404: hp 46->36 | total wins 2424/2534
01:59:51 [2535/4348] episode 47504781552403: hp 57->49 | total wins 2425/2535
01:59:51 [2536/4348] episode 47504781552404: hp 75->59 | total wins 2426/2536
01:59:51 [2537/4348] episode 47504781550404: hp 48->42 | total wins 2427/2537
01:59:51 [2538/4348] episode 47504781548403: hp 36->6 | total wins 2428/2538
01:59:52 [2539/4348] episode 47504781552406: hp 51->37 | total wins 2429/2539
01:59:53 [2540/4348] episode 47504781553404: hp 54->54 | total wins 2430/2540
01:59:53 [2541/4348] episode 47504781554401: hp 41->41 | total wins 2431/2541
01:59:53 [2542/4348] episode 47504781553403: hp 51->43 | total wins 2432/2542
01:59:53 [2543/4348] episode 47504781549404: hp 36->27 | total wins 2433/2543
01:59:54 [2544/4348] episode 47504781552405: hp 55->50 | total wins 2434/2544
01:59:54 [2545/4348] episode 47504781553406: hp 52->51 | total wins 2435/2545
01:59:54 [2546/4348] episode 47504781554403: hp 69->51 | total wins 2436/2546
01:59:54 [2547/4348] episode 47504781556404: hp 53->53 | total wins 2437/2547
01:59:55 [2548/4348] episode 47504781554404: hp 60->50 | total wins 2438/2548
01:59:55 [2549/4348] episode 47504781555400: hp 64->60 | total wins 2439/2549
01:59:55 [2550/4348] episode 47504781555403: hp 51->51 | total wins 2440/2550
01:59:56 [2551/4348] episode 47504781554405: hp 63->63 | total wins 2441/2551
01:59:56 [2552/4348] episode 47504781549405: hp 49->27 | total wins 2442/2552
01:59:57 [2553/4348] episode 47504781557404: hp 55->48 | total wins 2443/2553
01:59:57 [2554/4348] episode 47504781556405: hp 63->47 | total wins 2444/2554
01:59:57 [2555/4348] episode 47504781557406: hp 68->60 | total wins 2445/2555
01:59:57 [2556/4348] episode 47504781557408: hp 52->52 | total wins 2446/2556
01:59:58 [2557/4348] episode 47504781558404: hp 29->3 | total wins 2447/2557
01:59:58 [2558/4348] episode 47504781557407: hp 29->25 | total wins 2448/2558
01:59:59 [2559/4348] episode 47504781558405: hp 17->17 | total wins 2449/2559
01:59:59 [2560/4348] episode 47504781557403: hp 68->34 | total wins 2450/2560
01:59:59 [2561/4348] episode 47504781556403: hp 66->57 | total wins 2451/2561
02:00:00 [2562/4348] episode 47504781555401: hp 68->31 | total wins 2452/2562
02:00:00 [2563/4348] episode 47504781559400: hp 55->54 | total wins 2453/2563
02:00:01 [2564/4348] episode 47504781553405: hp 70->35 | total wins 2454/2564
02:00:01 [2565/4348] episode 47504781558403: hp 51->5 | total wins 2455/2565
02:00:03 [2566/4348] episode 47504781560400: hp 58->52 | total wins 2456/2566
02:00:03 [2567/4348] episode 47504781559402: hp 62->62 | total wins 2457/2567
02:00:03 [2568/4348] episode 47504781559403: hp 48->32 | total wins 2458/2568
02:00:04 [2569/4348] episode 47504781558406: hp 24->22 | total wins 2459/2569
02:00:04 [2570/4348] episode 47504781560402: hp 75->73 | total wins 2460/2570
02:00:06 [2571/4348] episode 47504781560403: hp 62->47 | total wins 2461/2571
02:00:06 [2572/4348] episode 47504781561400: hp 60->54 | total wins 2462/2572
02:00:06 [2573/4348] episode 47504781560406: hp 39->31 | total wins 2463/2573
02:00:06 [2574/4348] episode 47504781556406: hp 75->35 | total wins 2464/2574
02:00:07 [2575/4348] episode 47504781560407: hp 34->34 | total wins 2465/2575
02:00:07 [2576/4348] episode 47504781559405: hp 47->47 | total wins 2466/2576
02:00:07 [2577/4348] episode 47504781548405: hp 54->lost | total wins 2466/2577
02:00:07 [2578/4348] episode 47504781559406: hp 50->41 | total wins 2467/2578
02:00:07 [2579/4348] episode 47504781560404: hp 59->52 | total wins 2468/2579
02:00:08 [2580/4348] episode 47504781561401: hp 75->68 | total wins 2469/2580
02:00:08 [2581/4348] episode 47504781561402: hp 63->66 | total wins 2470/2581
02:00:10 [2582/4348] episode 47504781561405: hp 49->46 | total wins 2471/2582
02:00:10 [2583/4348] episode 47504781561406: hp 47->40 | total wins 2472/2583
02:00:10 [2584/4348] episode 47504781562402: hp 48->40 | total wins 2473/2584
02:00:10 [2585/4348] episode 47504781563402: hp 44->44 | total wins 2474/2585
02:00:11 [2586/4348] episode 47504781564403: hp 37->25 | total wins 2475/2586
02:00:11 [2587/4348] episode 47504781562405: hp 49->41 | total wins 2476/2587
02:00:12 [2588/4348] episode 47504781565404: hp 50->36 | total wins 2477/2588
02:00:13 [2589/4348] episode 47504781564401: hp 75->68 | total wins 2478/2589
02:00:13 [2590/4348] episode 47504781563403: hp 41->41 | total wins 2479/2590
02:00:13 [2591/4348] episode 47504781564404: hp 56->34 | total wins 2480/2591
02:00:13 [2592/4348] episode 47504781562406: hp 36->30 | total wins 2481/2592
02:00:13 [2593/4348] episode 47504781566401: hp 58->58 | total wins 2482/2593
02:00:15 [2594/4348] episode 47504781565405: hp 37->33 | total wins 2483/2594
02:00:15 [2595/4348] episode 47504781560405: hp 63->29 | total wins 2484/2595
02:00:15 [2596/4348] episode 47504781561403: hp 75->30 | total wins 2485/2596
02:00:16 [2597/4348] episode 47504781566402: hp 73->71 | total wins 2486/2597
02:00:16 [2598/4348] episode 47504781566403: hp 75->43 | total wins 2487/2598
02:00:17 [2599/4348] episode 47504781566404: hp 64->44 | total wins 2488/2599
02:00:17 [2600/4348] episode 47504781566405: hp 49->49 | total wins 2489/2600
02:00:17 [2601/4348] episode 47504781567402: hp 73->72 | total wins 2490/2601
02:00:17 [2602/4348] episode 47504781567406: hp 13->13 | total wins 2491/2602
02:00:18 [2603/4348] episode 47504781562403: hp 59->14 | total wins 2492/2603
02:00:19 [2604/4348] episode 47504781567403: hp 45->38 | total wins 2493/2604
02:00:20 [2605/4348] episode 47504781563404: hp 52->50 | total wins 2494/2605
02:00:20 [2606/4348] episode 47504781569402: hp 75->71 | total wins 2495/2606
02:00:20 [2607/4348] episode 47504781567405: hp 37->17 | total wins 2496/2607
02:00:21 [2608/4348] episode 47504781568404: hp 75->72 | total wins 2497/2608
02:00:21 [2609/4348] episode 47504781569403: hp 57->47 | total wins 2498/2609
02:00:22 [2610/4348] episode 47504781569406: hp 65->59 | total wins 2499/2610
02:00:22 [2611/4348] episode 47504781571400: hp 62->50 | total wins 2500/2611
02:00:22 [2612/4348] episode 47504781569400: hp 49->41 | total wins 2501/2612
02:00:22 [2613/4348] episode 47504781570403: hp 45->7 | total wins 2502/2613
02:00:23 [2614/4348] episode 47504781571405: hp 4->lost | total wins 2502/2614
02:00:23 [2615/4348] episode 47504781569405: hp 47->46 | total wins 2503/2615
02:00:24 [2616/4348] episode 47504781568403: hp 75->56 | total wins 2504/2616
02:00:24 [2617/4348] episode 47504781571402: hp 58->52 | total wins 2505/2617
02:00:24 [2618/4348] episode 47504781569404: hp 62->46 | total wins 2506/2618
02:00:25 [2619/4348] episode 47504781571403: hp 75->63 | total wins 2507/2619
02:00:25 [2620/4348] episode 47504781572404: hp 46->37 | total wins 2508/2620
02:00:26 [2621/4348] episode 47504781562404: hp 46->28 | total wins 2509/2621
02:00:26 [2622/4348] episode 47504781572405: hp 80->52 | total wins 2510/2622
02:00:26 [2623/4348] episode 47504781567404: hp 59->12 | total wins 2511/2623
02:00:26 [2624/4348] episode 47504781572406: hp 71->60 | total wins 2512/2624
02:00:27 [2625/4348] episode 47504781573401: hp 75->73 | total wins 2513/2625
02:00:27 [2626/4348] episode 47504781572403: hp 75->58 | total wins 2514/2626
02:00:28 [2627/4348] episode 47504781571404: hp 41->11 | total wins 2515/2627
02:00:28 [2628/4348] episode 47504781575403: hp 38->38 | total wins 2516/2628
02:00:28 [2629/4348] episode 47504781572407: hp 80->69 | total wins 2517/2629
02:00:28 [2630/4348] episode 47504781574401: hp 51->44 | total wins 2518/2630
02:00:29 [2631/4348] episode 47504781577400: hp 70->58 | total wins 2519/2631
02:00:30 [2632/4348] episode 47504781574404: hp 64->57 | total wins 2520/2632
02:00:30 [2633/4348] episode 47504781570404: hp 51->2 | total wins 2521/2633
02:00:30 [2634/4348] episode 47504781574403: hp 75->58 | total wins 2522/2634
02:00:30 [2635/4348] episode 47504781573405: hp 14->14 | total wins 2523/2635
02:00:30 [2636/4348] episode 47504781576403: hp 49->2 | total wins 2524/2636
02:00:31 [2637/4348] episode 47504781575400: hp 61->54 | total wins 2525/2637
02:00:32 [2638/4348] episode 47504781578402: hp 75->69 | total wins 2526/2638
02:00:32 [2639/4348] episode 47504781578403: hp 62->46 | total wins 2527/2639
02:00:33 [2640/4348] episode 47504781577405: hp 15->15 | total wins 2528/2640
02:00:33 [2641/4348] episode 47504781576404: hp 52->52 | total wins 2529/2641
02:00:34 [2642/4348] episode 47504781573403: hp 75->73 | total wins 2530/2642
02:00:34 [2643/4348] episode 47504781578404: hp 65->48 | total wins 2531/2643
02:00:35 [2644/4348] episode 47504781574405: hp 68->48 | total wins 2532/2644
02:00:35 [2645/4348] episode 47504781579400: hp 70->66 | total wins 2533/2645
02:00:36 [2646/4348] episode 47504781578400: hp 75->68 | total wins 2534/2646
02:00:36 [2647/4348] episode 47504781580404: hp 58->58 | total wins 2535/2647
02:00:37 [2648/4348] episode 47504781580402: hp 75->69 | total wins 2536/2648
02:00:37 [2649/4348] episode 47504781580403: hp 75->67 | total wins 2537/2649
02:00:37 [2650/4348] episode 47504781577406: hp 26->18 | total wins 2538/2650
02:00:37 [2651/4348] episode 47504781579405: hp 30->6 | total wins 2539/2651
02:00:38 [2652/4348] episode 47504781579403: hp 64->24 | total wins 2540/2652
02:00:38 [2653/4348] episode 47504781578405: hp 75->45 | total wins 2541/2653
02:00:39 [2654/4348] episode 47504781579404: hp 35->26 | total wins 2542/2654
02:00:40 [2655/4348] episode 47504781579406: hp 26->44 | total wins 2543/2655
02:00:40 [2656/4348] episode 47504781583402: hp 67->71 | total wins 2544/2656
02:00:40 [2657/4348] episode 47504781580405: hp 49->42 | total wins 2545/2657
02:00:40 [2658/4348] episode 47504781582402: hp 72->68 | total wins 2546/2658
02:00:41 [2659/4348] episode 47504781584402: hp 75->63 | total wins 2547/2659
02:00:41 [2660/4348] episode 47504781584405: hp 51->43 | total wins 2548/2660
02:00:41 [2661/4348] episode 47504781585404: hp 45->45 | total wins 2549/2661
02:00:41 [2662/4348] episode 47504781583400: hp 58->53 | total wins 2550/2662
02:00:42 [2663/4348] episode 47504781582404: hp 75->43 | total wins 2551/2663
02:00:43 [2664/4348] episode 47504781582403: hp 75->56 | total wins 2552/2664
02:00:44 [2665/4348] episode 47504781586402: hp 75->63 | total wins 2553/2665
02:00:44 [2666/4348] episode 47504781581402: hp 51->lost | total wins 2553/2666
02:00:45 [2667/4348] episode 47504781583401: hp 75->19 | total wins 2554/2667
02:00:45 [2668/4348] episode 47504781585402: hp 51->21 | total wins 2555/2668
02:00:45 [2669/4348] episode 47504781586403: hp 75->75 | total wins 2556/2669
02:00:45 [2670/4348] episode 47504781584404: hp 21->16 | total wins 2557/2670
02:00:45 [2671/4348] episode 47504781586405: hp 42->42 | total wins 2558/2671
02:00:46 [2672/4348] episode 47504781587404: hp 49->38 | total wins 2559/2672
02:00:47 [2673/4348] episode 47504781587402: hp 65->75 | total wins 2560/2673
02:00:47 [2674/4348] episode 47504781587405: hp 38->6 | total wins 2561/2674
02:00:47 [2675/4348] episode 47504781585405: hp 50->36 | total wins 2562/2675
02:00:47 [2676/4348] episode 47504781588401: hp 32->25 | total wins 2563/2676
02:00:47 [2677/4348] episode 47504781586406: hp 49->45 | total wins 2564/2677
02:00:48 [2678/4348] episode 47504781587403: hp 75->49 | total wins 2565/2678
02:00:48 [2679/4348] episode 47504781588403: hp 37->21 | total wins 2566/2679
02:00:48 [2680/4348] episode 47504781589400: hp 51->45 | total wins 2567/2680
02:00:49 [2681/4348] episode 47504781583403: hp 55->18 | total wins 2568/2681
02:00:49 [2682/4348] episode 47504781589405: hp 32->16 | total wins 2569/2682
02:00:50 [2683/4348] episode 47504781589406: hp 1->lost | total wins 2569/2683
02:00:50 [2684/4348] episode 47504781589403: hp 74->56 | total wins 2570/2684
02:00:50 [2685/4348] episode 47504781590402: hp 59->59 | total wins 2571/2685
02:00:50 [2686/4348] episode 47504781590401: hp 75->74 | total wins 2572/2686
02:00:51 [2687/4348] episode 47504781589401: hp 66->59 | total wins 2573/2687
02:00:51 [2688/4348] episode 47504781589407: hp 38->11 | total wins 2574/2688
02:00:51 [2689/4348] episode 47504781591402: hp 69->73 | total wins 2575/2689
02:00:52 [2690/4348] episode 47504781589404: hp 70->37 | total wins 2576/2690
02:00:52 [2691/4348] episode 47504781593405: hp 49->49 | total wins 2577/2691
02:00:53 [2692/4348] episode 47504781590403: hp 63->63 | total wins 2578/2692
02:00:54 [2693/4348] episode 47504781591404: hp 37->24 | total wins 2579/2693
02:00:54 [2694/4348] episode 47504781588404: hp 32->lost | total wins 2579/2694
02:00:54 [2695/4348] episode 47504781593404: hp 61->42 | total wins 2580/2695
02:00:54 [2696/4348] episode 47504781590404: hp 74->73 | total wins 2581/2696
02:00:55 [2697/4348] episode 47504781594404: hp 75->61 | total wins 2582/2697
02:00:55 [2698/4348] episode 47504781595401: hp 40->39 | total wins 2583/2698
02:00:56 [2699/4348] episode 47504781595400: hp 75->75 | total wins 2584/2699
02:00:56 [2700/4348] episode 47504781592402: hp 50->lost | total wins 2584/2700
02:00:57 [2701/4348] episode 47504781594401: hp 70->60 | total wins 2585/2701
02:00:57 [2702/4348] episode 47504781594403: hp 50->39 | total wins 2586/2702
02:00:57 [2703/4348] episode 47504781591405: hp 39->13 | total wins 2587/2703
02:00:57 [2704/4348] episode 47504781594405: hp 68->61 | total wins 2588/2704
02:00:58 [2705/4348] episode 47504781596402: hp 58->39 | total wins 2589/2705
02:00:58 [2706/4348] episode 47504781595402: hp 64->64 | total wins 2590/2706
02:00:59 [2707/4348] episode 47504781597404: hp 33->24 | total wins 2591/2707
02:00:59 [2708/4348] episode 47504781596400: hp 55->47 | total wins 2592/2708
02:00:59 [2709/4348] episode 47504781596403: hp 85->78 | total wins 2593/2709
02:00:59 [2710/4348] episode 47504781595403: hp 56->74 | total wins 2594/2710
02:01:00 [2711/4348] episode 47504781595404: hp 75->75 | total wins 2595/2711
02:01:00 [2712/4348] episode 47504781597401: hp 57->51 | total wins 2596/2712
02:01:00 [2713/4348] episode 47504781599400: hp 72->60 | total wins 2597/2713
02:01:00 [2714/4348] episode 47504781598400: hp 62->61 | total wins 2598/2714
02:01:00 [2715/4348] episode 47504781595405: hp 64->64 | total wins 2599/2715
02:01:01 [2716/4348] episode 47504781598404: hp 14->7 | total wins 2600/2716
02:01:01 [2717/4348] episode 47504781599402: hp 62->62 | total wins 2601/2717
02:01:01 [2718/4348] episode 47504781599405: hp 20->9 | total wins 2602/2718
02:01:02 [2719/4348] episode 47504781599404: hp 15->1 | total wins 2603/2719
02:01:03 [2720/4348] episode 47504781597405: hp 63->38 | total wins 2604/2720
02:01:03 [2721/4348] episode 47504781591403: hp 73->49 | total wins 2605/2721
02:01:06 [2722/4348] episode 47504781603404: hp 68->62 | total wins 2606/2722
02:01:06 [2723/4348] episode 47504781601404: hp 62->58 | total wins 2607/2723
02:01:06 [2724/4348] episode 47504781599406: hp 42->19 | total wins 2608/2724
02:01:06 [2725/4348] episode 47504781602404: hp 56->28 | total wins 2609/2725
02:01:06 [2726/4348] episode 47504781598406: hp 72->59 | total wins 2610/2726
02:01:07 [2727/4348] episode 47504781599403: hp 44->19 | total wins 2611/2727
02:01:07 [2728/4348] episode 47504781601402: hp 72->36 | total wins 2612/2728
02:01:08 [2729/4348] episode 47504781604400: hp 75->69 | total wins 2613/2729
02:01:08 [2730/4348] episode 47504781604401: hp 46->39 | total wins 2614/2730
02:01:08 [2731/4348] episode 47504781604404: hp 63->63 | total wins 2615/2731
02:01:08 [2732/4348] episode 47504781603406: hp 75->62 | total wins 2616/2732
02:01:08 [2733/4348] episode 47504781603403: hp 75->68 | total wins 2617/2733
02:01:09 [2734/4348] episode 47504781602403: hp 75->47 | total wins 2618/2734
02:01:10 [2735/4348] episode 47504781604403: hp 47->7 | total wins 2619/2735
02:01:10 [2736/4348] episode 47504781606400: hp 66->56 | total wins 2620/2736
02:01:11 [2737/4348] episode 47504781604405: hp 39->35 | total wins 2621/2737
02:01:11 [2738/4348] episode 47504781605402: hp 64->58 | total wins 2622/2738
02:01:11 [2739/4348] episode 47504781605401: hp 58->55 | total wins 2623/2739
02:01:12 [2740/4348] episode 47504781607401: hp 49->48 | total wins 2624/2740
02:01:13 [2741/4348] episode 47504781603405: hp 60->42 | total wins 2625/2741
02:01:13 [2742/4348] episode 47504781607403: hp 19->12 | total wins 2626/2742
02:01:14 [2743/4348] episode 47504781607402: hp 59->36 | total wins 2627/2743
02:01:14 [2744/4348] episode 47504781607400: hp 70->63 | total wins 2628/2744
02:01:14 [2745/4348] episode 47504781608404: hp 59->53 | total wins 2629/2745
02:01:16 [2746/4348] episode 47504781606404: hp 67->45 | total wins 2630/2746
02:01:17 [2747/4348] episode 47504781605404: hp 32->lost | total wins 2630/2747
02:01:17 [2748/4348] episode 47504781608403: hp 75->48 | total wins 2631/2748
02:01:17 [2749/4348] episode 47504781608406: hp 73->67 | total wins 2632/2749
02:01:17 [2750/4348] episode 47504781608405: hp 53->33 | total wins 2633/2750
02:01:17 [2751/4348] episode 47504781606402: hp 75->39 | total wins 2634/2751
02:01:17 [2752/4348] episode 47504781609402: hp 57->18 | total wins 2635/2752
02:01:18 [2753/4348] episode 47504781610402: hp 49->14 | total wins 2636/2753
02:01:18 [2754/4348] episode 47504781609404: hp 64->42 | total wins 2637/2754
02:01:18 [2755/4348] episode 47504781612402: hp 58->54 | total wins 2638/2755
02:01:19 [2756/4348] episode 47504781612403: hp 75->64 | total wins 2639/2756
02:01:19 [2757/4348] episode 47504781613400: hp 59->40 | total wins 2640/2757
02:01:20 [2758/4348] episode 47504781612400: hp 73->64 | total wins 2641/2758
02:01:21 [2759/4348] episode 47504781610403: hp 40->22 | total wins 2642/2759
02:01:21 [2760/4348] episode 47504781615406: hp 51->51 | total wins 2643/2760
02:01:21 [2761/4348] episode 47504781614405: hp 60->60 | total wins 2644/2761
02:01:21 [2762/4348] episode 47504781614403: hp 75->47 | total wins 2645/2762
02:01:21 [2763/4348] episode 47504781615405: hp 50->50 | total wins 2646/2763
02:01:21 [2764/4348] episode 47504781614404: hp 63->63 | total wins 2647/2764
02:01:22 [2765/4348] episode 47504781616402: hp 56->56 | total wins 2648/2765
02:01:22 [2766/4348] episode 47504781613403: hp 75->45 | total wins 2649/2766
02:01:22 [2767/4348] episode 47504781617402: hp 65->65 | total wins 2650/2767
02:01:22 [2768/4348] episode 47504781615403: hp 60->32 | total wins 2651/2768
02:01:23 [2769/4348] episode 47504781616400: hp 75->68 | total wins 2652/2769
02:01:23 [2770/4348] episode 47504781616403: hp 75->69 | total wins 2653/2770
02:01:23 [2771/4348] episode 47504781611404: hp 41->lost | total wins 2653/2771
02:01:24 [2772/4348] episode 47504781617401: hp 55->26 | total wins 2654/2772
02:01:24 [2773/4348] episode 47504781613404: hp 63->23 | total wins 2655/2773
02:01:25 [2774/4348] episode 47504781618400: hp 67->55 | total wins 2656/2774
02:01:25 [2775/4348] episode 47504781618401: hp 50->36 | total wins 2657/2775
02:01:25 [2776/4348] episode 47504781619404: hp 11->14 | total wins 2658/2776
02:01:25 [2777/4348] episode 47504781617403: hp 70->41 | total wins 2659/2777
02:01:25 [2778/4348] episode 47504781619400: hp 75->67 | total wins 2660/2778
02:01:25 [2779/4348] episode 47504781619401: hp 53->50 | total wins 2661/2779
02:01:25 [2780/4348] episode 47504781617404: hp 40->29 | total wins 2662/2780
02:01:25 [2781/4348] episode 47504781618404: hp 57->45 | total wins 2663/2781
02:01:26 [2782/4348] episode 47504781620402: hp 75->75 | total wins 2664/2782
02:01:27 [2783/4348] episode 47504781621400: hp 62->49 | total wins 2665/2783
02:01:27 [2784/4348] episode 47504781620406: hp 45->20 | total wins 2666/2784
02:01:29 [2785/4348] episode 47504781582406: hp 25->17 | total wins 2667/2785
02:01:29 [2786/4348] episode 47504781620403: hp 50->69 | total wins 2668/2786
02:01:29 [2787/4348] episode 47504781620404: hp 75->72 | total wins 2669/2787
02:01:29 [2788/4348] episode 47504781621403: hp 46->26 | total wins 2670/2788
02:01:30 [2789/4348] episode 47504781623405: hp 48->36 | total wins 2671/2789
02:01:30 [2790/4348] episode 47504781623403: hp 58->54 | total wins 2672/2790
02:01:31 [2791/4348] episode 47504781621406: hp 46->34 | total wins 2673/2791
02:01:31 [2792/4348] episode 47504781621405: hp 41->25 | total wins 2674/2792
02:01:31 [2793/4348] episode 47504781623404: hp 54->42 | total wins 2675/2793
02:01:31 [2794/4348] episode 47504781621404: hp 42->13 | total wins 2676/2794
02:01:32 [2795/4348] episode 47504781622403: hp 65->24 | total wins 2677/2795
02:01:32 [2796/4348] episode 47504781625404: hp 28->28 | total wins 2678/2796
02:01:32 [2797/4348] episode 47504781619405: hp 26->lost | total wins 2678/2797
02:01:32 [2798/4348] episode 47504781624404: hp 47->47 | total wins 2679/2798
02:01:33 [2799/4348] episode 47504781624400: hp 73->69 | total wins 2680/2799
02:01:33 [2800/4348] episode 47504781625400: hp 58->44 | total wins 2681/2800
02:01:34 [2801/4348] episode 47504781625401: hp 75->71 | total wins 2682/2801
02:01:35 [2802/4348] episode 47504781627401: hp 52->28 | total wins 2683/2802
02:01:35 [2803/4348] episode 47504781626402: hp 24->lost | total wins 2683/2803
02:01:36 [2804/4348] episode 47504781629402: hp 62->61 | total wins 2684/2804
02:01:36 [2805/4348] episode 47504781629401: hp 62->54 | total wins 2685/2805
02:01:36 [2806/4348] episode 47504781628402: hp 24->20 | total wins 2686/2806
02:01:38 [2807/4348] episode 47504781624402: hp 75->36 | total wins 2687/2807
02:01:38 [2808/4348] episode 47504781629405: hp 65->65 | total wins 2688/2808
02:01:38 [2809/4348] episode 47504781629406: hp 75->71 | total wins 2689/2809
02:01:38 [2810/4348] episode 47504781630401: hp 45->44 | total wins 2690/2810
02:01:38 [2811/4348] episode 47504781630400: hp 70->64 | total wins 2691/2811
02:01:38 [2812/4348] episode 47504781631402: hp 68->68 | total wins 2692/2812
02:01:38 [2813/4348] episode 47504781625402: hp 75->40 | total wins 2693/2813
02:01:38 [2814/4348] episode 47504781629404: hp 45->30 | total wins 2694/2814
02:01:39 [2815/4348] episode 47504781623406: hp 35->1 | total wins 2695/2815
02:01:40 [2816/4348] episode 47504781631405: hp 33->27 | total wins 2696/2816
02:01:40 [2817/4348] episode 47504781630405: hp 47->47 | total wins 2697/2817
02:01:41 [2818/4348] episode 47504781632402: hp 66->63 | total wins 2698/2818
02:01:42 [2819/4348] episode 47504781632400: hp 75->72 | total wins 2699/2819
02:01:42 [2820/4348] episode 47504781627403: hp 65->38 | total wins 2700/2820
02:01:44 [2821/4348] episode 47504781631404: hp 26->26 | total wins 2701/2821
02:01:44 [2822/4348] episode 47504781633400: hp 73->67 | total wins 2702/2822
02:01:44 [2823/4348] episode 47504781632405: hp 45->42 | total wins 2703/2823
02:01:45 [2824/4348] episode 47504781631406: hp 34->29 | total wins 2704/2824
02:01:46 [2825/4348] episode 47504781628403: hp 69->31 | total wins 2705/2825
02:01:46 [2826/4348] episode 47504781634403: hp 72->53 | total wins 2706/2826
02:01:46 [2827/4348] episode 47504781633401: hp 67->66 | total wins 2707/2827
02:01:46 [2828/4348] episode 47504781634405: hp 35->35 | total wins 2708/2828
02:01:46 [2829/4348] episode 47504781630402: hp 67->27 | total wins 2709/2829
02:01:46 [2830/4348] episode 47504781633405: hp 22->lost | total wins 2709/2830
02:01:46 [2831/4348] episode 47504781630404: hp 25->lost | total wins 2709/2831
02:01:48 [2832/4348] episode 47504781635403: hp 49->42 | total wins 2710/2832
02:01:48 [2833/4348] episode 47504781633404: hp 53->18 | total wins 2711/2833
02:01:49 [2834/4348] episode 47504781635401: hp 64->56 | total wins 2712/2834
02:01:49 [2835/4348] episode 47504781636401: hp 61->75 | total wins 2713/2835
02:01:49 [2836/4348] episode 47504781635400: hp 69->58 | total wins 2714/2836
02:01:49 [2837/4348] episode 47504781634404: hp 52->37 | total wins 2715/2837
02:01:49 [2838/4348] episode 47504781632403: hp 50->22 | total wins 2716/2838
02:01:50 [2839/4348] episode 47504781635404: hp 62->55 | total wins 2717/2839
02:01:50 [2840/4348] episode 47504781638403: hp 59->59 | total wins 2718/2840
02:01:50 [2841/4348] episode 47504781636406: hp 41->30 | total wins 2719/2841
02:01:51 [2842/4348] episode 47504781636405: hp 38->33 | total wins 2720/2842
02:01:51 [2843/4348] episode 47504781638400: hp 75->68 | total wins 2721/2843
02:01:51 [2844/4348] episode 47504781637400: hp 68->58 | total wins 2722/2844
02:01:51 [2845/4348] episode 47504781640403: hp 65->65 | total wins 2723/2845
02:01:51 [2846/4348] episode 47504781636403: hp 56->49 | total wins 2724/2846
02:01:52 [2847/4348] episode 47504781638407: hp 53->34 | total wins 2725/2847
02:01:52 [2848/4348] episode 47504781640402: hp 75->59 | total wins 2726/2848
02:01:53 [2849/4348] episode 47504781640404: hp 53->47 | total wins 2727/2849
02:01:53 [2850/4348] episode 47504781641401: hp 63->56 | total wins 2728/2850
02:01:53 [2851/4348] episode 47504781636404: hp 61->36 | total wins 2729/2851
02:01:54 [2852/4348] episode 47504781633403: hp 67->7 | total wins 2730/2852
02:01:54 [2853/4348] episode 47504781640405: hp 51->20 | total wins 2731/2853
02:01:54 [2854/4348] episode 47504781642400: hp 57->41 | total wins 2732/2854
02:01:55 [2855/4348] episode 47504781638406: hp 47->35 | total wins 2733/2855
02:01:55 [2856/4348] episode 47504781641404: hp 34->5 | total wins 2734/2856
02:01:56 [2857/4348] episode 47504781642402: hp 41->40 | total wins 2735/2857
02:01:56 [2858/4348] episode 47504781642404: hp 32->31 | total wins 2736/2858
02:01:56 [2859/4348] episode 47504781642403: hp 43->9 | total wins 2737/2859
02:01:57 [2860/4348] episode 47504781640407: hp 17->13 | total wins 2738/2860
02:01:57 [2861/4348] episode 47504781641402: hp 59->37 | total wins 2739/2861
02:01:57 [2862/4348] episode 47504781643401: hp 62->48 | total wins 2740/2862
02:01:58 [2863/4348] episode 47504781643402: hp 52->51 | total wins 2741/2863
02:01:58 [2864/4348] episode 47504781643403: hp 39->36 | total wins 2742/2864
02:01:58 [2865/4348] episode 47504781642407: hp 64->63 | total wins 2743/2865
02:01:59 [2866/4348] episode 47504781643405: hp 58->32 | total wins 2744/2866
02:02:00 [2867/4348] episode 47504781639401: hp 67->35 | total wins 2745/2867
02:02:00 [2868/4348] episode 47504781642406: hp 54->54 | total wins 2746/2868
02:02:00 [2869/4348] episode 47504781643406: hp 47->47 | total wins 2747/2869
02:02:00 [2870/4348] episode 47504781644403: hp 37->37 | total wins 2748/2870
02:02:00 [2871/4348] episode 47504781642405: hp 44->42 | total wins 2749/2871
02:02:01 [2872/4348] episode 47504781645401: hp 75->75 | total wins 2750/2872
02:02:02 [2873/4348] episode 47504781645403: hp 75->63 | total wins 2751/2873
02:02:02 [2874/4348] episode 47504781632404: hp 38->36 | total wins 2752/2874
02:02:02 [2875/4348] episode 47504781644404: hp 45->44 | total wins 2753/2875
02:02:03 [2876/4348] episode 47504781645405: hp 48->32 | total wins 2754/2876
02:02:03 [2877/4348] episode 47504781644402: hp 67->7 | total wins 2755/2877
02:02:03 [2878/4348] episode 47504781645404: hp 61->60 | total wins 2756/2878
02:02:04 [2879/4348] episode 47504781645400: hp 75->68 | total wins 2757/2879
02:02:04 [2880/4348] episode 47504781646406: hp 10->5 | total wins 2758/2880
02:02:04 [2881/4348] episode 47504781646403: hp 78->50 | total wins 2759/2881
02:02:04 [2882/4348] episode 47504781643404: hp 38->8 | total wins 2760/2882
02:02:05 [2883/4348] episode 47504781647401: hp 69->62 | total wins 2761/2883
02:02:06 [2884/4348] episode 47504781646404: hp 58->43 | total wins 2762/2884
02:02:06 [2885/4348] episode 47504781647405: hp 58->58 | total wins 2763/2885
02:02:08 [2886/4348] episode 47504781647403: hp 75->21 | total wins 2764/2886
02:02:08 [2887/4348] episode 47504781648402: hp 63->63 | total wins 2765/2887
02:02:08 [2888/4348] episode 47504781649400: hp 69->57 | total wins 2766/2888
02:02:09 [2889/4348] episode 47504781648403: hp 75->57 | total wins 2767/2889
02:02:09 [2890/4348] episode 47504781647404: hp 58->28 | total wins 2768/2890
02:02:09 [2891/4348] episode 47504781644405: hp 43->16 | total wins 2769/2891
02:02:10 [2892/4348] episode 47504781646405: hp 36->lost | total wins 2769/2892
02:02:11 [2893/4348] episode 47504781649402: hp 41->24 | total wins 2770/2893
02:02:11 [2894/4348] episode 47504781649404: hp 33->28 | total wins 2771/2894
02:02:12 [2895/4348] episode 47504781648406: hp 44->36 | total wins 2772/2895
02:02:12 [2896/4348] episode 47504781651401: hp 62->62 | total wins 2773/2896
02:02:13 [2897/4348] episode 47504781650407: hp 44->18 | total wins 2774/2897
02:02:13 [2898/4348] episode 47504781650404: hp 44->42 | total wins 2775/2898
02:02:14 [2899/4348] episode 47504781649403: hp 37->31 | total wins 2776/2899
02:02:14 [2900/4348] episode 47504781650403: hp 49->34 | total wins 2777/2900
02:02:15 [2901/4348] episode 47504781651403: hp 75->60 | total wins 2778/2901
02:02:15 [2902/4348] episode 47504781651402: hp 54->53 | total wins 2779/2902
02:02:16 [2903/4348] episode 47504781651404: hp 63->25 | total wins 2780/2903
02:02:17 [2904/4348] episode 47504781652402: hp 75->65 | total wins 2781/2904
02:02:18 [2905/4348] episode 47504781650405: hp 43->20 | total wins 2782/2905
02:02:19 [2906/4348] episode 47504781653401: hp 65->59 | total wins 2783/2906
02:02:19 [2907/4348] episode 47504781653400: hp 55->48 | total wins 2784/2907
02:02:19 [2908/4348] episode 47504781652403: hp 75->57 | total wins 2785/2908
02:02:20 [2909/4348] episode 47504781652405: hp 49->49 | total wins 2786/2909
02:02:20 [2910/4348] episode 47504781650406: hp 31->19 | total wins 2787/2910
02:02:20 [2911/4348] episode 47504781654404: hp 64->64 | total wins 2788/2911
02:02:20 [2912/4348] episode 47504781653403: hp 71->65 | total wins 2789/2912
02:02:21 [2913/4348] episode 47504781654405: hp 73->61 | total wins 2790/2913
02:02:21 [2914/4348] episode 47504781648404: hp 71->11 | total wins 2791/2914
02:02:21 [2915/4348] episode 47504781651405: hp 39->36 | total wins 2792/2915
02:02:22 [2916/4348] episode 47504781655405: hp 40->39 | total wins 2793/2916
02:02:22 [2917/4348] episode 47504781655403: hp 69->56 | total wins 2794/2917
02:02:23 [2918/4348] episode 47504781654402: hp 52->52 | total wins 2795/2918
02:02:23 [2919/4348] episode 47504781655404: hp 37->21 | total wins 2796/2919
02:02:23 [2920/4348] episode 47504781654403: hp 72->59 | total wins 2797/2920
02:02:23 [2921/4348] episode 47504781654406: hp 49->36 | total wins 2798/2921
02:02:23 [2922/4348] episode 47504781655407: hp 28->8 | total wins 2799/2922
02:02:24 [2923/4348] episode 47504781655402: hp 59->41 | total wins 2800/2923
02:02:24 [2924/4348] episode 47504781656401: hp 66->54 | total wins 2801/2924
02:02:24 [2925/4348] episode 47504781656405: hp 45->45 | total wins 2802/2925
02:02:25 [2926/4348] episode 47504781657400: hp 58->57 | total wins 2803/2926
02:02:25 [2927/4348] episode 47504781651406: hp 47->29 | total wins 2804/2927
02:02:25 [2928/4348] episode 47504781656400: hp 75->67 | total wins 2805/2928
02:02:26 [2929/4348] episode 47504781656403: hp 62->50 | total wins 2806/2929
02:02:26 [2930/4348] episode 47504781656404: hp 43->36 | total wins 2807/2930
02:02:27 [2931/4348] episode 47504781658400: hp 65->57 | total wins 2808/2931
02:02:28 [2932/4348] episode 47504781657404: hp 75->63 | total wins 2809/2932
02:02:29 [2933/4348] episode 47504781658401: hp 74->67 | total wins 2810/2933
02:02:29 [2934/4348] episode 47504781657405: hp 41->11 | total wins 2811/2934
02:02:29 [2935/4348] episode 47504781657403: hp 69->66 | total wins 2812/2935
02:02:29 [2936/4348] episode 47504781659403: hp 62->62 | total wins 2813/2936
02:02:30 [2937/4348] episode 47504781658406: hp 38->29 | total wins 2814/2937
02:02:30 [2938/4348] episode 47504781658407: hp 39->28 | total wins 2815/2938
02:02:32 [2939/4348] episode 47504781659405: hp 55->42 | total wins 2816/2939
02:02:32 [2940/4348] episode 47504781658408: hp 55->50 | total wins 2817/2940
02:02:33 [2941/4348] episode 47504781652404: hp 67->32 | total wins 2818/2941
02:02:33 [2942/4348] episode 47504781659407: hp 48->43 | total wins 2819/2942
02:02:33 [2943/4348] episode 47504781658405: hp 49->47 | total wins 2820/2943
02:02:34 [2944/4348] episode 47504781660403: hp 16->4 | total wins 2821/2944
02:02:34 [2945/4348] episode 47504781658403: hp 73->60 | total wins 2822/2945
02:02:34 [2946/4348] episode 47504781659406: hp 75->52 | total wins 2823/2946
02:02:34 [2947/4348] episode 47504781638404: hp 75->66 | total wins 2824/2947
02:02:34 [2948/4348] episode 47504781659404: hp 75->68 | total wins 2825/2948
02:02:35 [2949/4348] episode 47504781662402: hp 30->30 | total wins 2826/2949
02:02:36 [2950/4348] episode 47504781660404: hp 15->11 | total wins 2827/2950
02:02:36 [2951/4348] episode 47504781661401: hp 63->57 | total wins 2828/2951
02:02:36 [2952/4348] episode 47504781661403: hp 59->53 | total wins 2829/2952
02:02:36 [2953/4348] episode 47504781661404: hp 44->31 | total wins 2830/2953
02:02:37 [2954/4348] episode 47504781658404: hp 57->7 | total wins 2831/2954
02:02:37 [2955/4348] episode 47504781660405: hp 29->25 | total wins 2832/2955
02:02:37 [2956/4348] episode 47504781663400: hp 75->69 | total wins 2833/2956
02:02:37 [2957/4348] episode 47504781661400: hp 64->46 | total wins 2834/2957
02:02:38 [2958/4348] episode 47504781663403: hp 29->22 | total wins 2835/2958
02:02:38 [2959/4348] episode 47504781662405: hp 61->55 | total wins 2836/2959
02:02:39 [2960/4348] episode 47504781663402: hp 37->28 | total wins 2837/2960
02:02:39 [2961/4348] episode 47504781665402: hp 64->57 | total wins 2838/2961
02:02:40 [2962/4348] episode 47504781664402: hp 47->40 | total wins 2839/2962
02:02:40 [2963/4348] episode 47504781665403: hp 75->70 | total wins 2840/2963
02:02:40 [2964/4348] episode 47504781665404: hp 69->51 | total wins 2841/2964
02:02:40 [2965/4348] episode 47504781665406: hp 31->28 | total wins 2842/2965
02:02:42 [2966/4348] episode 47504781666405: hp 20->8 | total wins 2843/2966
02:02:42 [2967/4348] episode 47504781662404: hp 60->38 | total wins 2844/2967
02:02:42 [2968/4348] episode 47504781666403: hp 70->67 | total wins 2845/2968
02:02:43 [2969/4348] episode 47504781666401: hp 50->46 | total wins 2846/2969
02:02:43 [2970/4348] episode 47504781665405: hp 27->18 | total wins 2847/2970
02:02:43 [2971/4348] episode 47504781666400: hp 67->58 | total wins 2848/2971
02:02:43 [2972/4348] episode 47504781667402: hp 63->62 | total wins 2849/2972
02:02:43 [2973/4348] episode 47504781660402: hp 75->50 | total wins 2850/2973
02:02:44 [2974/4348] episode 47504781666404: hp 54->46 | total wins 2851/2974
02:02:44 [2975/4348] episode 47504781668400: hp 65->56 | total wins 2852/2975
02:02:45 [2976/4348] episode 47504781667404: hp 39->28 | total wins 2853/2976
02:02:45 [2977/4348] episode 47504781669404: hp 56->50 | total wins 2854/2977
02:02:45 [2978/4348] episode 47504781669401: hp 75->73 | total wins 2855/2978
02:02:46 [2979/4348] episode 47504781663401: hp 31->14 | total wins 2856/2979
02:02:47 [2980/4348] episode 47504781667403: hp 32->4 | total wins 2857/2980
02:02:47 [2981/4348] episode 47504781669403: hp 44->4 | total wins 2858/2981
02:02:47 [2982/4348] episode 47504781669406: hp 11->9 | total wins 2859/2982
02:02:47 [2983/4348] episode 47504781669407: hp 66->65 | total wins 2860/2983
02:02:47 [2984/4348] episode 47504781670401: hp 75->72 | total wins 2861/2984
02:02:48 [2985/4348] episode 47504781670404: hp 48->61 | total wins 2862/2985
02:02:48 [2986/4348] episode 47504781671405: hp 34->24 | total wins 2863/2986
02:02:48 [2987/4348] episode 47504781672403: hp 75->75 | total wins 2864/2987
02:02:49 [2988/4348] episode 47504781672404: hp 75->75 | total wins 2865/2988
02:02:50 [2989/4348] episode 47504781672401: hp 23->1 | total wins 2866/2989
02:02:50 [2990/4348] episode 47504781672402: hp 45->75 | total wins 2867/2990
02:02:51 [2991/4348] episode 47504781673404: hp 75->67 | total wins 2868/2991
02:02:51 [2992/4348] episode 47504781673400: hp 71->67 | total wins 2869/2992
02:02:51 [2993/4348] episode 47504781671402: hp 54->29 | total wins 2870/2993
02:02:52 [2994/4348] episode 47504781664403: hp 45->lost | total wins 2870/2994
02:02:52 [2995/4348] episode 47504781674401: hp 51->49 | total wins 2871/2995
02:02:52 [2996/4348] episode 47504781669405: hp 42->16 | total wins 2872/2996
02:02:52 [2997/4348] episode 47504781675405: hp 65->59 | total wins 2873/2997
02:02:53 [2998/4348] episode 47504781673405: hp 61->61 | total wins 2874/2998
02:02:53 [2999/4348] episode 47504781671404: hp 62->28 | total wins 2875/2999
02:02:53 [3000/4348] episode 47504781668403: hp 42->lost | total wins 2875/3000
02:02:53 [3001/4348] episode 47504781673403: hp 67->29 | total wins 2876/3001
02:02:54 [3002/4348] episode 47504781676405: hp 49->23 | total wins 2877/3002
02:02:55 [3003/4348] episode 47504781677400: hp 71->59 | total wins 2878/3003
02:02:55 [3004/4348] episode 47504781676403: hp 69->54 | total wins 2879/3004
02:02:56 [3005/4348] episode 47504781674403: hp 48->8 | total wins 2880/3005
02:02:57 [3006/4348] episode 47504781675403: hp 55->45 | total wins 2881/3006
02:02:57 [3007/4348] episode 47504781677407: hp 3->lost | total wins 2881/3007
02:02:57 [3008/4348] episode 47504781676406: hp 60->49 | total wins 2882/3008
02:02:57 [3009/4348] episode 47504781677404: hp 38->15 | total wins 2883/3009
02:02:57 [3010/4348] episode 47504781678400: hp 73->67 | total wins 2884/3010
02:02:57 [3011/4348] episode 47504781676407: hp 27->lost | total wins 2884/3011
02:02:57 [3012/4348] episode 47504781676404: hp 63->49 | total wins 2885/3012
02:02:58 [3013/4348] episode 47504781676408: hp 24->18 | total wins 2886/3013
02:02:58 [3014/4348] episode 47504781677403: hp 31->29 | total wins 2887/3014
02:02:59 [3015/4348] episode 47504781679403: hp 74->79 | total wins 2888/3015
02:02:59 [3016/4348] episode 47504781678401: hp 72->69 | total wins 2889/3016
02:02:59 [3017/4348] episode 47504781678405: hp 55->54 | total wins 2890/3017
02:02:59 [3018/4348] episode 47504781681402: hp 61->49 | total wins 2891/3018
02:03:00 [3019/4348] episode 47504781679402: hp 60->28 | total wins 2892/3019
02:03:00 [3020/4348] episode 47504781681403: hp 74->68 | total wins 2893/3020
02:03:00 [3021/4348] episode 47504781680403: hp 29->29 | total wins 2894/3021
02:03:00 [3022/4348] episode 47504781681404: hp 75->62 | total wins 2895/3022
02:03:01 [3023/4348] episode 47504781682400: hp 74->68 | total wins 2896/3023
02:03:01 [3024/4348] episode 47504781677406: hp 47->39 | total wins 2897/3024
02:03:01 [3025/4348] episode 47504781680404: hp 18->lost | total wins 2897/3025
02:03:01 [3026/4348] episode 47504781682402: hp 67->57 | total wins 2898/3026
02:03:02 [3027/4348] episode 47504781683401: hp 67->61 | total wins 2899/3027
02:03:02 [3028/4348] episode 47504781682405: hp 34->24 | total wins 2900/3028
02:03:02 [3029/4348] episode 47504781685401: hp 19->13 | total wins 2901/3029
02:03:03 [3030/4348] episode 47504781680401: hp 49->47 | total wins 2902/3030
02:03:03 [3031/4348] episode 47504781685404: hp 44->44 | total wins 2903/3031
02:03:03 [3032/4348] episode 47504781683405: hp 42->33 | total wins 2904/3032
02:03:05 [3033/4348] episode 47504781683400: hp 53->35 | total wins 2905/3033
02:03:05 [3034/4348] episode 47504781688400: hp 46->42 | total wins 2906/3034
02:03:05 [3035/4348] episode 47504781685403: hp 48->41 | total wins 2907/3035
02:03:05 [3036/4348] episode 47504781688402: hp 44->6 | total wins 2908/3036
02:03:06 [3037/4348] episode 47504781688405: hp 8->1 | total wins 2909/3037
02:03:06 [3038/4348] episode 47504781684404: hp 50->25 | total wins 2910/3038
02:03:07 [3039/4348] episode 47504781678404: hp 34->9 | total wins 2911/3039
02:03:08 [3040/4348] episode 47504781690402: hp 74->73 | total wins 2912/3040
02:03:08 [3041/4348] episode 47504781689401: hp 56->48 | total wins 2913/3041
02:03:08 [3042/4348] episode 47504781689404: hp 21->2 | total wins 2914/3042
02:03:09 [3043/4348] episode 47504781687401: hp 64->14 | total wins 2915/3043
02:03:09 [3044/4348] episode 47504781682404: hp 40->5 | total wins 2916/3044
02:03:09 [3045/4348] episode 47504781688404: hp 31->lost | total wins 2916/3045
02:03:09 [3046/4348] episode 47504781690406: hp 54->54 | total wins 2917/3046
02:03:10 [3047/4348] episode 47504781691400: hp 62->61 | total wins 2918/3047
02:03:10 [3048/4348] episode 47504781683404: hp 53->35 | total wins 2919/3048
02:03:10 [3049/4348] episode 47504781691403: hp 68->60 | total wins 2920/3049
02:03:10 [3050/4348] episode 47504781686403: hp 34->lost | total wins 2920/3050
02:03:10 [3051/4348] episode 47504781690405: hp 53->50 | total wins 2921/3051
02:03:11 [3052/4348] episode 47504781690404: hp 71->68 | total wins 2922/3052
02:03:12 [3053/4348] episode 47504781692401: hp 74->74 | total wins 2923/3053
02:03:13 [3054/4348] episode 47504781693400: hp 72->66 | total wins 2924/3054
02:03:13 [3055/4348] episode 47504781689403: hp 65->3 | total wins 2925/3055
02:03:13 [3056/4348] episode 47504781690403: hp 75->55 | total wins 2926/3056
02:03:13 [3057/4348] episode 47504781691405: hp 58->52 | total wins 2927/3057
02:03:13 [3058/4348] episode 47504781691406: hp 75->68 | total wins 2928/3058
02:03:14 [3059/4348] episode 47504781691404: hp 65->38 | total wins 2929/3059
02:03:14 [3060/4348] episode 47504781694403: hp 60->47 | total wins 2930/3060
02:03:14 [3061/4348] episode 47504781693402: hp 56->41 | total wins 2931/3061
02:03:15 [3062/4348] episode 47504781693405: hp 47->38 | total wins 2932/3062
02:03:15 [3063/4348] episode 47504781693404: hp 49->27 | total wins 2933/3063
02:03:16 [3064/4348] episode 47504781692403: hp 73->69 | total wins 2934/3064
02:03:16 [3065/4348] episode 47504781694406: hp 1->1 | total wins 2935/3065
02:03:16 [3066/4348] episode 47504781693406: hp 37->32 | total wins 2936/3066
02:03:17 [3067/4348] episode 47504781697401: hp 66->65 | total wins 2937/3067
02:03:18 [3068/4348] episode 47504781694407: hp 15->13 | total wins 2938/3068
02:03:18 [3069/4348] episode 47504781694405: hp 36->12 | total wins 2939/3069
02:03:18 [3070/4348] episode 47504781697402: hp 43->40 | total wins 2940/3070
02:03:19 [3071/4348] episode 47504781697400: hp 75->61 | total wins 2941/3071
02:03:19 [3072/4348] episode 47504781697405: hp 10->lost | total wins 2941/3072
02:03:20 [3073/4348] episode 47504781696403: hp 46->38 | total wins 2942/3073
02:03:20 [3074/4348] episode 47504781698400: hp 75->56 | total wins 2943/3074
02:03:20 [3075/4348] episode 47504781695401: hp 63->63 | total wins 2944/3075
02:03:20 [3076/4348] episode 47504781691407: hp 75->43 | total wins 2945/3076
02:03:21 [3077/4348] episode 47504781692404: hp 80->49 | total wins 2946/3077
02:03:21 [3078/4348] episode 47504781699400: hp 46->32 | total wins 2947/3078
02:03:21 [3079/4348] episode 47504781699401: hp 75->65 | total wins 2948/3079
02:03:23 [3080/4348] episode 47504781699404: hp 54->52 | total wins 2949/3080
02:03:23 [3081/4348] episode 47504781699406: hp 54->54 | total wins 2950/3081
02:03:23 [3082/4348] episode 47504781698402: hp 58->32 | total wins 2951/3082
02:03:24 [3083/4348] episode 47504781699403: hp 75->62 | total wins 2952/3083
02:03:24 [3084/4348] episode 47504781699402: hp 60->48 | total wins 2953/3084
02:03:25 [3085/4348] episode 47504781700403: hp 75->69 | total wins 2954/3085
02:03:25 [3086/4348] episode 47504781695402: hp 56->lost | total wins 2954/3086
02:03:25 [3087/4348] episode 47504781701405: hp 29->27 | total wins 2955/3087
02:03:25 [3088/4348] episode 47504781697404: hp 49->34 | total wins 2956/3088
02:03:25 [3089/4348] episode 47504781702400: hp 75->68 | total wins 2957/3089
02:03:27 [3090/4348] episode 47504781702402: hp 35->35 | total wins 2958/3090
02:03:27 [3091/4348] episode 47504781700404: hp 75->67 | total wins 2959/3091
02:03:27 [3092/4348] episode 47504781697403: hp 60->47 | total wins 2960/3092
02:03:27 [3093/4348] episode 47504781701402: hp 57->13 | total wins 2961/3093
02:03:29 [3094/4348] episode 47504781703405: hp 47->47 | total wins 2962/3094
02:03:29 [3095/4348] episode 47504781702407: hp 36->22 | total wins 2963/3095
02:03:29 [3096/4348] episode 47504781703404: hp 49->46 | total wins 2964/3096
02:03:30 [3097/4348] episode 47504781703403: hp 62->50 | total wins 2965/3097
02:03:30 [3098/4348] episode 47504781702406: hp 40->32 | total wins 2966/3098
02:03:30 [3099/4348] episode 47504781702405: hp 41->20 | total wins 2967/3099
02:03:30 [3100/4348] episode 47504781703400: hp 75->66 | total wins 2968/3100
02:03:31 [3101/4348] episode 47504781703406: hp 59->59 | total wins 2969/3101
02:03:32 [3102/4348] episode 47504781704400: hp 75->56 | total wins 2970/3102
02:03:32 [3103/4348] episode 47504781704405: hp 73->73 | total wins 2971/3103
02:03:32 [3104/4348] episode 47504781705401: hp 63->49 | total wins 2972/3104
02:03:32 [3105/4348] episode 47504781704404: hp 63->52 | total wins 2973/3105
02:03:32 [3106/4348] episode 47504781701403: hp 62->26 | total wins 2974/3106
02:03:33 [3107/4348] episode 47504781704403: hp 48->52 | total wins 2975/3107
02:03:33 [3108/4348] episode 47504781705405: hp 46->23 | total wins 2976/3108
02:03:33 [3109/4348] episode 47504781702404: hp 63->23 | total wins 2977/3109
02:03:33 [3110/4348] episode 47504781705404: hp 59->58 | total wins 2978/3110
02:03:33 [3111/4348] episode 47504781707400: hp 65->53 | total wins 2979/3111
02:03:35 [3112/4348] episode 47504781706403: hp 40->33 | total wins 2980/3112
02:03:35 [3113/4348] episode 47504781707405: hp 32->32 | total wins 2981/3113
02:03:36 [3114/4348] episode 47504781707401: hp 75->70 | total wins 2982/3114
02:03:36 [3115/4348] episode 47504781706405: hp 59->59 | total wins 2983/3115
02:03:36 [3116/4348] episode 47504781708400: hp 55->46 | total wins 2984/3116
02:03:36 [3117/4348] episode 47504781707404: hp 56->40 | total wins 2985/3117
02:03:36 [3118/4348] episode 47504781708401: hp 75->75 | total wins 2986/3118
02:03:36 [3119/4348] episode 47504781707403: hp 58->57 | total wins 2987/3119
02:03:38 [3120/4348] episode 47504781708405: hp 71->71 | total wins 2988/3120
02:03:38 [3121/4348] episode 47504781702403: hp 75->45 | total wins 2989/3121
02:03:38 [3122/4348] episode 47504781708403: hp 71->71 | total wins 2990/3122
02:03:38 [3123/4348] episode 47504781709400: hp 61->54 | total wins 2991/3123
02:03:39 [3124/4348] episode 47504781706404: hp 47->45 | total wins 2992/3124
02:03:39 [3125/4348] episode 47504781709403: hp 47->35 | total wins 2993/3125
02:03:39 [3126/4348] episode 47504781708404: hp 75->75 | total wins 2994/3126
02:03:40 [3127/4348] episode 47504781709404: hp 52->51 | total wins 2995/3127
02:03:41 [3128/4348] episode 47504781711405: hp 36->29 | total wins 2996/3128
02:03:41 [3129/4348] episode 47504781711401: hp 59->56 | total wins 2997/3129
02:03:42 [3130/4348] episode 47504781709402: hp 45->6 | total wins 2998/3130
02:03:42 [3131/4348] episode 47504781710400: hp 61->52 | total wins 2999/3131
02:03:42 [3132/4348] episode 47504781711403: hp 68->32 | total wins 3000/3132
02:03:43 [3133/4348] episode 47504781711407: hp 57->57 | total wins 3001/3133
02:03:43 [3134/4348] episode 47504781711404: hp 60->52 | total wins 3002/3134
02:03:44 [3135/4348] episode 47504781710401: hp 60->lost | total wins 3002/3135
02:03:44 [3136/4348] episode 47504781706402: hp 72->55 | total wins 3003/3136
02:03:44 [3137/4348] episode 47504781714405: hp 58->58 | total wins 3004/3137
02:03:44 [3138/4348] episode 47504781714402: hp 75->71 | total wins 3005/3138
02:03:44 [3139/4348] episode 47504781709405: hp 53->43 | total wins 3006/3139
02:03:45 [3140/4348] episode 47504781711406: hp 42->27 | total wins 3007/3140
02:03:46 [3141/4348] episode 47504781709406: hp 71->66 | total wins 3008/3141
02:03:46 [3142/4348] episode 47504781712404: hp 36->lost | total wins 3008/3142
02:03:46 [3143/4348] episode 47504781714407: hp 52->43 | total wins 3009/3143
02:03:46 [3144/4348] episode 47504781716402: hp 75->75 | total wins 3010/3144
02:03:47 [3145/4348] episode 47504781715404: hp 62->50 | total wins 3011/3145
02:03:47 [3146/4348] episode 47504781714404: hp 38->8 | total wins 3012/3146
02:03:47 [3147/4348] episode 47504781713403: hp 65->59 | total wins 3013/3147
02:03:47 [3148/4348] episode 47504781715403: hp 75->70 | total wins 3014/3148
02:03:48 [3149/4348] episode 47504781715405: hp 75->66 | total wins 3015/3149
02:03:48 [3150/4348] episode 47504781715407: hp 3->lost | total wins 3015/3150
02:03:48 [3151/4348] episode 47504781717400: hp 75->63 | total wins 3016/3151
02:03:49 [3152/4348] episode 47504781717403: hp 17->12 | total wins 3017/3152
02:03:50 [3153/4348] episode 47504781714406: hp 74->54 | total wins 3018/3153
02:03:50 [3154/4348] episode 47504781717404: hp 36->20 | total wins 3019/3154
02:03:50 [3155/4348] episode 47504781718402: hp 75->73 | total wins 3020/3155
02:03:50 [3156/4348] episode 47504781717406: hp 44->32 | total wins 3021/3156
02:03:50 [3157/4348] episode 47504781719401: hp 52->52 | total wins 3022/3157
02:03:51 [3158/4348] episode 47504781718400: hp 74->64 | total wins 3023/3158
02:03:51 [3159/4348] episode 47504781719402: hp 66->66 | total wins 3024/3159
02:03:51 [3160/4348] episode 47504781720405: hp 63->63 | total wins 3025/3160
02:03:52 [3161/4348] episode 47504781719405: hp 51->19 | total wins 3026/3161
02:03:52 [3162/4348] episode 47504781720401: hp 58->54 | total wins 3027/3162
02:03:52 [3163/4348] episode 47504781712402: hp 52->5 | total wins 3028/3163
02:03:53 [3164/4348] episode 47504781717405: hp 55->31 | total wins 3029/3164
02:03:54 [3165/4348] episode 47504781719406: hp 17->17 | total wins 3030/3165
02:03:54 [3166/4348] episode 47504781721401: hp 66->60 | total wins 3031/3166
02:03:54 [3167/4348] episode 47504781721400: hp 75->56 | total wins 3032/3167
02:03:54 [3168/4348] episode 47504781719403: hp 46->39 | total wins 3033/3168
02:03:54 [3169/4348] episode 47504781720400: hp 72->67 | total wins 3034/3169
02:03:55 [3170/4348] episode 47504781721403: hp 41->40 | total wins 3035/3170
02:03:56 [3171/4348] episode 47504781721402: hp 27->7 | total wins 3036/3171
02:03:56 [3172/4348] episode 47504781715406: hp 63->48 | total wins 3037/3172
02:03:56 [3173/4348] episode 47504781721406: hp 72->72 | total wins 3038/3173
02:03:56 [3174/4348] episode 47504781718403: hp 39->lost | total wins 3038/3174
02:03:57 [3175/4348] episode 47504781722404: hp 49->46 | total wins 3039/3175
02:03:57 [3176/4348] episode 47504781721405: hp 73->73 | total wins 3040/3176
02:03:57 [3177/4348] episode 47504781723406: hp 13->lost | total wins 3040/3177
02:03:57 [3178/4348] episode 47504781723402: hp 21->21 | total wins 3041/3178
02:03:58 [3179/4348] episode 47504781724406: hp 75->75 | total wins 3042/3179
02:03:58 [3180/4348] episode 47504781723403: hp 29->20 | total wins 3043/3180
02:03:58 [3181/4348] episode 47504781724403: hp 74->71 | total wins 3044/3181
02:03:58 [3182/4348] episode 47504781724405: hp 70->64 | total wins 3045/3182
02:03:59 [3183/4348] episode 47504781724402: hp 75->70 | total wins 3046/3183
02:04:00 [3184/4348] episode 47504781723401: hp 75->70 | total wins 3047/3184
02:04:00 [3185/4348] episode 47504781726402: hp 42->26 | total wins 3048/3185
02:04:01 [3186/4348] episode 47504781726401: hp 52->45 | total wins 3049/3186
02:04:01 [3187/4348] episode 47504781725403: hp 58->40 | total wins 3050/3187
02:04:01 [3188/4348] episode 47504781725401: hp 31->31 | total wins 3051/3188
02:04:02 [3189/4348] episode 47504781724404: hp 75->68 | total wins 3052/3189
02:04:02 [3190/4348] episode 47504781727402: hp 75->74 | total wins 3053/3190
02:04:02 [3191/4348] episode 47504781726403: hp 46->37 | total wins 3054/3191
02:04:02 [3192/4348] episode 47504781725405: hp 35->19 | total wins 3055/3192
02:04:03 [3193/4348] episode 47504781721404: hp 73->52 | total wins 3056/3193
02:04:04 [3194/4348] episode 47504781725404: hp 34->30 | total wins 3057/3194
02:04:04 [3195/4348] episode 47504781727403: hp 67->51 | total wins 3058/3195
02:04:04 [3196/4348] episode 47504781728403: hp 45->45 | total wins 3059/3196
02:04:04 [3197/4348] episode 47504781728400: hp 62->58 | total wins 3060/3197
02:04:04 [3198/4348] episode 47504781727404: hp 70->74 | total wins 3061/3198
02:04:05 [3199/4348] episode 47504781729403: hp 60->60 | total wins 3062/3199
02:04:05 [3200/4348] episode 47504781727405: hp 75->59 | total wins 3063/3200
02:04:05 [3201/4348] episode 47504781729400: hp 69->62 | total wins 3064/3201
02:04:05 [3202/4348] episode 47504781728404: hp 49->42 | total wins 3065/3202
02:04:05 [3203/4348] episode 47504781729401: hp 66->66 | total wins 3066/3203
02:04:06 [3204/4348] episode 47504781728401: hp 49->48 | total wins 3067/3204
02:04:06 [3205/4348] episode 47504781730405: hp 46->30 | total wins 3068/3205
02:04:06 [3206/4348] episode 47504781728402: hp 52->45 | total wins 3069/3206
02:04:06 [3207/4348] episode 47504781722403: hp 75->46 | total wins 3070/3207
02:04:07 [3208/4348] episode 47504781728405: hp 75->58 | total wins 3071/3208
02:04:07 [3209/4348] episode 47504781731401: hp 59->55 | total wins 3072/3209
02:04:07 [3210/4348] episode 47504781730400: hp 55->36 | total wins 3073/3210
02:04:07 [3211/4348] episode 47504781726404: hp 62->27 | total wins 3074/3211
02:04:08 [3212/4348] episode 47504781731402: hp 75->47 | total wins 3075/3212
02:04:08 [3213/4348] episode 47504781730403: hp 71->64 | total wins 3076/3213
02:04:09 [3214/4348] episode 47504781731404: hp 69->68 | total wins 3077/3214
02:04:10 [3215/4348] episode 47504781729404: hp 36->23 | total wins 3078/3215
02:04:10 [3216/4348] episode 47504781730404: hp 46->26 | total wins 3079/3216
02:04:10 [3217/4348] episode 47504781733405: hp 54->26 | total wins 3080/3217
02:04:10 [3218/4348] episode 47504781733403: hp 75->75 | total wins 3081/3218
02:04:10 [3219/4348] episode 47504781732400: hp 63->56 | total wins 3082/3219
02:04:11 [3220/4348] episode 47504781731405: hp 73->54 | total wins 3083/3220
02:04:11 [3221/4348] episode 47504781733401: hp 59->54 | total wins 3084/3221
02:04:11 [3222/4348] episode 47504781731400: hp 65->61 | total wins 3085/3222
02:04:11 [3223/4348] episode 47504781733406: hp 45->9 | total wins 3086/3223
02:04:11 [3224/4348] episode 47504781735405: hp 66->65 | total wins 3087/3224
02:04:11 [3225/4348] episode 47504781735402: hp 61->61 | total wins 3088/3225
02:04:12 [3226/4348] episode 47504781737402: hp 74->73 | total wins 3089/3226
02:04:13 [3227/4348] episode 47504781733407: hp 58->44 | total wins 3090/3227
02:04:13 [3228/4348] episode 47504781734404: hp 15->9 | total wins 3091/3228
02:04:13 [3229/4348] episode 47504781737404: hp 27->27 | total wins 3092/3229
02:04:15 [3230/4348] episode 47504781736401: hp 75->54 | total wins 3093/3230
02:04:15 [3231/4348] episode 47504781734405: hp 26->lost | total wins 3093/3231
02:04:15 [3232/4348] episode 47504781737406: hp 52->52 | total wins 3094/3232
02:04:16 [3233/4348] episode 47504781736400: hp 62->41 | total wins 3095/3233
02:04:16 [3234/4348] episode 47504781734401: hp 61->60 | total wins 3096/3234
02:04:16 [3235/4348] episode 47504781737405: hp 55->27 | total wins 3097/3235
02:04:17 [3236/4348] episode 47504781738400: hp 61->58 | total wins 3098/3236
02:04:17 [3237/4348] episode 47504781737407: hp 57->57 | total wins 3099/3237
02:04:18 [3238/4348] episode 47504781738401: hp 27->27 | total wins 3100/3238
02:04:18 [3239/4348] episode 47504781740404: hp 19->13 | total wins 3101/3239
02:04:19 [3240/4348] episode 47504781739401: hp 60->60 | total wins 3102/3240
02:04:19 [3241/4348] episode 47504781739405: hp 65->65 | total wins 3103/3241
02:04:19 [3242/4348] episode 47504781735403: hp 75->34 | total wins 3104/3242
02:04:19 [3243/4348] episode 47504781741401: hp 69->63 | total wins 3105/3243
02:04:20 [3244/4348] episode 47504781739402: hp 72->71 | total wins 3106/3244
02:04:20 [3245/4348] episode 47504781737403: hp 69->9 | total wins 3107/3245
02:04:20 [3246/4348] episode 47504781732402: hp 66->lost | total wins 3107/3246
02:04:21 [3247/4348] episode 47504781744403: hp 15->15 | total wins 3108/3247
02:04:21 [3248/4348] episode 47504781736402: hp 64->29 | total wins 3109/3248
02:04:22 [3249/4348] episode 47504781742402: hp 75->75 | total wins 3110/3249
02:04:23 [3250/4348] episode 47504781743403: hp 24->lost | total wins 3110/3250
02:04:23 [3251/4348] episode 47504781739406: hp 75->68 | total wins 3111/3251
02:04:23 [3252/4348] episode 47504781743401: hp 50->38 | total wins 3112/3252
02:04:24 [3253/4348] episode 47504781744404: hp 33->33 | total wins 3113/3253
02:04:25 [3254/4348] episode 47504781746401: hp 54->50 | total wins 3114/3254
02:04:26 [3255/4348] episode 47504781746402: hp 38->30 | total wins 3115/3255
02:04:26 [3256/4348] episode 47504781746403: hp 50->37 | total wins 3116/3256
02:04:27 [3257/4348] episode 47504781747401: hp 75->73 | total wins 3117/3257
02:04:29 [3258/4348] episode 47504781746404: hp 47->46 | total wins 3118/3258
02:04:29 [3259/4348] episode 47504781747403: hp 75->51 | total wins 3119/3259
02:04:29 [3260/4348] episode 47504781742405: hp 58->9 | total wins 3120/3260
02:04:29 [3261/4348] episode 47504781746406: hp 41->29 | total wins 3121/3261
02:04:30 [3262/4348] episode 47504781742404: hp 72->51 | total wins 3122/3262
02:04:30 [3263/4348] episode 47504781742403: hp 65->57 | total wins 3123/3263
02:04:30 [3264/4348] episode 47504781747404: hp 55->55 | total wins 3124/3264
02:04:31 [3265/4348] episode 47504781741403: hp 41->lost | total wins 3124/3265
02:04:32 [3266/4348] episode 47504781750400: hp 56->54 | total wins 3125/3266
02:04:33 [3267/4348] episode 47504781749401: hp 72->72 | total wins 3126/3267
02:04:33 [3268/4348] episode 47504781750401: hp 75->75 | total wins 3127/3268
02:04:33 [3269/4348] episode 47504781750403: hp 75->75 | total wins 3128/3269
02:04:33 [3270/4348] episode 47504781751401: hp 75->73 | total wins 3129/3270
02:04:33 [3271/4348] episode 47504781751400: hp 75->65 | total wins 3130/3271
02:04:33 [3272/4348] episode 47504781749403: hp 71->71 | total wins 3131/3272
02:04:34 [3273/4348] episode 47504781749406: hp 60->55 | total wins 3132/3273
02:04:34 [3274/4348] episode 47504781748403: hp 51->48 | total wins 3133/3274
02:04:35 [3275/4348] episode 47504781749404: hp 75->59 | total wins 3134/3275
02:04:35 [3276/4348] episode 47504781746405: hp 34->19 | total wins 3135/3276
02:04:35 [3277/4348] episode 47504781751405: hp 37->27 | total wins 3136/3277
02:04:35 [3278/4348] episode 47504781751407: hp 21->19 | total wins 3137/3278
02:04:35 [3279/4348] episode 47504781753404: hp 48->48 | total wins 3138/3279
02:04:35 [3280/4348] episode 47504781753401: hp 55->48 | total wins 3139/3280
02:04:36 [3281/4348] episode 47504781752404: hp 38->38 | total wins 3140/3281
02:04:37 [3282/4348] episode 47504781754403: hp 62->62 | total wins 3141/3282
02:04:37 [3283/4348] episode 47504781753400: hp 51->49 | total wins 3142/3283
02:04:37 [3284/4348] episode 47504781753405: hp 32->26 | total wins 3143/3284
02:04:37 [3285/4348] episode 47504781751404: hp 49->40 | total wins 3144/3285
02:04:38 [3286/4348] episode 47504781754400: hp 66->57 | total wins 3145/3286
02:04:38 [3287/4348] episode 47504781755400: hp 67->61 | total wins 3146/3287
02:04:39 [3288/4348] episode 47504781754402: hp 44->27 | total wins 3147/3288
02:04:39 [3289/4348] episode 47504781751406: hp 48->11 | total wins 3148/3289
02:04:39 [3290/4348] episode 47504781752400: hp 75->61 | total wins 3149/3290
02:04:40 [3291/4348] episode 47504781756400: hp 75->75 | total wins 3150/3291
02:04:40 [3292/4348] episode 47504781756402: hp 61->61 | total wins 3151/3292
02:04:41 [3293/4348] episode 47504781752405: hp 44->39 | total wins 3152/3293
02:04:41 [3294/4348] episode 47504781755401: hp 72->65 | total wins 3153/3294
02:04:41 [3295/4348] episode 47504781754404: hp 73->68 | total wins 3154/3295
02:04:41 [3296/4348] episode 47504781757404: hp 50->41 | total wins 3155/3296
02:04:42 [3297/4348] episode 47504781755405: hp 72->72 | total wins 3156/3297
02:04:44 [3298/4348] episode 47504781757407: hp 57->22 | total wins 3157/3298
02:04:44 [3299/4348] episode 47504781757403: hp 50->40 | total wins 3158/3299
02:04:44 [3300/4348] episode 47504781756401: hp 46->40 | total wins 3159/3300
02:04:44 [3301/4348] episode 47504781756404: hp 48->48 | total wins 3160/3301
02:04:45 [3302/4348] episode 47504781757406: hp 43->28 | total wins 3161/3302
02:04:45 [3303/4348] episode 47504781756406: hp 54->40 | total wins 3162/3303
02:04:45 [3304/4348] episode 47504781757405: hp 62->27 | total wins 3163/3304
02:04:46 [3305/4348] episode 47504781757408: hp 15->lost | total wins 3163/3305
02:04:46 [3306/4348] episode 47504781758404: hp 58->46 | total wins 3164/3306
02:04:47 [3307/4348] episode 47504781758402: hp 75->72 | total wins 3165/3307
02:04:47 [3308/4348] episode 47504781758407: hp 41->32 | total wins 3166/3308
02:04:48 [3309/4348] episode 47504781759402: hp 75->75 | total wins 3167/3309
02:04:48 [3310/4348] episode 47504781758405: hp 18->18 | total wins 3168/3310
02:04:48 [3311/4348] episode 47504781758403: hp 58->37 | total wins 3169/3311
02:04:48 [3312/4348] episode 47504781758401: hp 75->51 | total wins 3170/3312
02:04:49 [3313/4348] episode 47504781758406: hp 34->23 | total wins 3171/3313
02:04:49 [3314/4348] episode 47504781760403: hp 11->11 | total wins 3172/3314
02:04:50 [3315/4348] episode 47504781759406: hp 39->30 | total wins 3173/3315
02:04:50 [3316/4348] episode 47504781756405: hp 60->58 | total wins 3174/3316
02:04:51 [3317/4348] episode 47504781759404: hp 43->lost | total wins 3174/3317
02:04:51 [3318/4348] episode 47504781760405: hp 41->28 | total wins 3175/3318
02:04:51 [3319/4348] episode 47504781755403: hp 54->13 | total wins 3176/3319
02:04:51 [3320/4348] episode 47504781759403: hp 55->44 | total wins 3177/3320
02:04:51 [3321/4348] episode 47504781760401: hp 60->53 | total wins 3178/3321
02:04:52 [3322/4348] episode 47504781761400: hp 75->63 | total wins 3179/3322
02:04:52 [3323/4348] episode 47504781760404: hp 75->69 | total wins 3180/3323
02:04:52 [3324/4348] episode 47504781760402: hp 70->30 | total wins 3181/3324
02:04:52 [3325/4348] episode 47504781761401: hp 63->63 | total wins 3182/3325
02:04:53 [3326/4348] episode 47504781761402: hp 56->46 | total wins 3183/3326
02:04:53 [3327/4348] episode 47504781761403: hp 45->13 | total wins 3184/3327
02:04:54 [3328/4348] episode 47504781763402: hp 75->68 | total wins 3185/3328
02:04:54 [3329/4348] episode 47504781761404: hp 48->20 | total wins 3186/3329
02:04:55 [3330/4348] episode 47504781762405: hp 43->34 | total wins 3187/3330
02:04:56 [3331/4348] episode 47504781764406: hp 47->23 | total wins 3188/3331
02:04:56 [3332/4348] episode 47504781764403: hp 45->30 | total wins 3189/3332
02:04:56 [3333/4348] episode 47504781762404: hp 32->26 | total wins 3190/3333
02:04:57 [3334/4348] episode 47504781763403: hp 68->71 | total wins 3191/3334
02:04:57 [3335/4348] episode 47504781763407: hp 73->60 | total wins 3192/3335
02:04:57 [3336/4348] episode 47504781765400: hp 60->59 | total wins 3193/3336
02:04:58 [3337/4348] episode 47504781762402: hp 39->5 | total wins 3194/3337
02:04:58 [3338/4348] episode 47504781766404: hp 21->18 | total wins 3195/3338
02:04:59 [3339/4348] episode 47504781766400: hp 75->68 | total wins 3196/3339
02:04:59 [3340/4348] episode 47504781763405: hp 49->34 | total wins 3197/3340
02:04:59 [3341/4348] episode 47504781765404: hp 28->27 | total wins 3198/3341
02:05:00 [3342/4348] episode 47504781766405: hp 22->3 | total wins 3199/3342
02:05:00 [3343/4348] episode 47504781763404: hp 64->48 | total wins 3200/3343
02:05:01 [3344/4348] episode 47504781765402: hp 63->30 | total wins 3201/3344
02:05:01 [3345/4348] episode 47504781766402: hp 67->32 | total wins 3202/3345
02:05:02 [3346/4348] episode 47504781766403: hp 42->24 | total wins 3203/3346
02:05:02 [3347/4348] episode 47504781766406: hp 78->66 | total wins 3204/3347
02:05:02 [3348/4348] episode 47504781768405: hp 35->35 | total wins 3205/3348
02:05:04 [3349/4348] episode 47504781767406: hp 40->25 | total wins 3206/3349
02:05:04 [3350/4348] episode 47504781765403: hp 39->13 | total wins 3207/3350
02:05:04 [3351/4348] episode 47504781769401: hp 75->68 | total wins 3208/3351
02:05:04 [3352/4348] episode 47504781768400: hp 56->52 | total wins 3209/3352
02:05:04 [3353/4348] episode 47504781767405: hp 39->34 | total wins 3210/3353
02:05:05 [3354/4348] episode 47504781769406: hp 26->26 | total wins 3211/3354
02:05:05 [3355/4348] episode 47504781769400: hp 67->58 | total wins 3212/3355
02:05:05 [3356/4348] episode 47504781769404: hp 75->59 | total wins 3213/3356
02:05:06 [3357/4348] episode 47504781769405: hp 55->48 | total wins 3214/3357
02:05:08 [3358/4348] episode 47504781770403: hp 44->43 | total wins 3215/3358
02:05:08 [3359/4348] episode 47504781769403: hp 68->66 | total wins 3216/3359
02:05:08 [3360/4348] episode 47504781770404: hp 44->44 | total wins 3217/3360
02:05:09 [3361/4348] episode 47504781767404: hp 27->16 | total wins 3218/3361
02:05:09 [3362/4348] episode 47504781771402: hp 60->56 | total wins 3219/3362
02:05:10 [3363/4348] episode 47504781768404: hp 56->39 | total wins 3220/3363
02:05:10 [3364/4348] episode 47504781772404: hp 19->19 | total wins 3221/3364
02:05:11 [3365/4348] episode 47504781771404: hp 57->74 | total wins 3222/3365
02:05:11 [3366/4348] episode 47504781767402: hp 67->27 | total wins 3223/3366
02:05:11 [3367/4348] episode 47504781772400: hp 67->58 | total wins 3224/3367
02:05:12 [3368/4348] episode 47504781772403: hp 60->32 | total wins 3225/3368
02:05:12 [3369/4348] episode 47504781773400: hp 69->63 | total wins 3226/3369
02:05:12 [3370/4348] episode 47504781771403: hp 67->58 | total wins 3227/3370
02:05:12 [3371/4348] episode 47504781773401: hp 64->64 | total wins 3228/3371
02:05:13 [3372/4348] episode 47504781772401: hp 50->43 | total wins 3229/3372
02:05:14 [3373/4348] episode 47504781771405: hp 53->24 | total wins 3230/3373
02:05:14 [3374/4348] episode 47504781773403: hp 69->53 | total wins 3231/3374
02:05:14 [3375/4348] episode 47504781770405: hp 75->50 | total wins 3232/3375
02:05:15 [3376/4348] episode 47504781773405: hp 34->4 | total wins 3233/3376
02:05:15 [3377/4348] episode 47504781775403: hp 69->62 | total wins 3234/3377
02:05:15 [3378/4348] episode 47504781774400: hp 75->73 | total wins 3235/3378
02:05:15 [3379/4348] episode 47504781774403: hp 74->60 | total wins 3236/3379
02:05:16 [3380/4348] episode 47504781774402: hp 69->58 | total wins 3237/3380
02:05:16 [3381/4348] episode 47504781775404: hp 83->58 | total wins 3238/3381
02:05:16 [3382/4348] episode 47504781773404: hp 47->lost | total wins 3238/3382
02:05:17 [3383/4348] episode 47504781776403: hp 66->65 | total wins 3239/3383
02:05:17 [3384/4348] episode 47504781776402: hp 75->65 | total wins 3240/3384
02:05:18 [3385/4348] episode 47504781776404: hp 63->57 | total wins 3241/3385
02:05:19 [3386/4348] episode 47504781777402: hp 61->56 | total wins 3242/3386
02:05:19 [3387/4348] episode 47504781780403: hp 55->43 | total wins 3243/3387
02:05:20 [3388/4348] episode 47504781778403: hp 34->2 | total wins 3244/3388
02:05:21 [3389/4348] episode 47504781777406: hp 30->lost | total wins 3244/3389
02:05:22 [3390/4348] episode 47504781780405: hp 48->46 | total wins 3245/3390
02:05:22 [3391/4348] episode 47504781780404: hp 58->52 | total wins 3246/3391
02:05:22 [3392/4348] episode 47504781780406: hp 62->49 | total wins 3247/3392
02:05:22 [3393/4348] episode 47504781780402: hp 59->34 | total wins 3248/3393
02:05:23 [3394/4348] episode 47504781781400: hp 75->69 | total wins 3249/3394
02:05:24 [3395/4348] episode 47504781777403: hp 59->57 | total wins 3250/3395
02:05:25 [3396/4348] episode 47504781781402: hp 70->70 | total wins 3251/3396
02:05:25 [3397/4348] episode 47504781781401: hp 54->52 | total wins 3252/3397
02:05:25 [3398/4348] episode 47504781777404: hp 58->22 | total wins 3253/3398
02:05:25 [3399/4348] episode 47504781781403: hp 45->39 | total wins 3254/3399
02:05:25 [3400/4348] episode 47504781781406: hp 54->54 | total wins 3255/3400
02:05:26 [3401/4348] episode 47504781781405: hp 22->22 | total wins 3256/3401
02:05:26 [3402/4348] episode 47504781782403: hp 75->75 | total wins 3257/3402
02:05:26 [3403/4348] episode 47504781777405: hp 62->42 | total wins 3258/3403
02:05:27 [3404/4348] episode 47504781783404: hp 49->49 | total wins 3259/3404
02:05:27 [3405/4348] episode 47504781782406: hp 75->75 | total wins 3260/3405
02:05:28 [3406/4348] episode 47504781782404: hp 75->69 | total wins 3261/3406
02:05:28 [3407/4348] episode 47504781779403: hp 69->lost | total wins 3261/3407
02:05:29 [3408/4348] episode 47504781781407: hp 65->65 | total wins 3262/3408
02:05:29 [3409/4348] episode 47504781782405: hp 63->59 | total wins 3263/3409
02:05:29 [3410/4348] episode 47504781781404: hp 27->lost | total wins 3263/3410
02:05:30 [3411/4348] episode 47504781783407: hp 39->63 | total wins 3264/3411
02:05:30 [3412/4348] episode 47504781786400: hp 64->50 | total wins 3265/3412
02:05:30 [3413/4348] episode 47504781784401: hp 50->71 | total wins 3266/3413
02:05:31 [3414/4348] episode 47504781783403: hp 64->24 | total wins 3267/3414
02:05:31 [3415/4348] episode 47504781783408: hp 72->72 | total wins 3268/3415
02:05:31 [3416/4348] episode 47504781783406: hp 55->52 | total wins 3269/3416
02:05:32 [3417/4348] episode 47504781783405: hp 43->30 | total wins 3270/3417
02:05:33 [3418/4348] episode 47504781755404: hp 50->50 | total wins 3271/3418
02:05:33 [3419/4348] episode 47504781786405: hp 43->39 | total wins 3272/3419
02:05:33 [3420/4348] episode 47504781787404: hp 75->75 | total wins 3273/3420
02:05:34 [3421/4348] episode 47504781786403: hp 59->57 | total wins 3274/3421
02:05:34 [3422/4348] episode 47504781786406: hp 35->18 | total wins 3275/3422
02:05:34 [3423/4348] episode 47504781788402: hp 54->66 | total wins 3276/3423
02:05:34 [3424/4348] episode 47504781789401: hp 70->70 | total wins 3277/3424
02:05:35 [3425/4348] episode 47504781786404: hp 52->37 | total wins 3278/3425
02:05:35 [3426/4348] episode 47504781790401: hp 47->47 | total wins 3279/3426
02:05:35 [3427/4348] episode 47504781787402: hp 44->41 | total wins 3280/3427
02:05:36 [3428/4348] episode 47504781788403: hp 69->58 | total wins 3281/3428
02:05:36 [3429/4348] episode 47504781790406: hp 47->39 | total wins 3282/3429
02:05:37 [3430/4348] episode 47504781790403: hp 70->61 | total wins 3283/3430
02:05:37 [3431/4348] episode 47504781787403: hp 44->4 | total wins 3284/3431
02:05:37 [3432/4348] episode 47504781790404: hp 71->64 | total wins 3285/3432
02:05:38 [3433/4348] episode 47504781789404: hp 49->29 | total wins 3286/3433
02:05:38 [3434/4348] episode 47504781788404: hp 75->74 | total wins 3287/3434
02:05:38 [3435/4348] episode 47504781789400: hp 43->38 | total wins 3288/3435
02:05:38 [3436/4348] episode 47504781789402: hp 60->25 | total wins 3289/3436
02:05:39 [3437/4348] episode 47504781789405: hp 61->45 | total wins 3290/3437
02:05:39 [3438/4348] episode 47504781792402: hp 54->22 | total wins 3291/3438
02:05:40 [3439/4348] episode 47504781791400: hp 67->58 | total wins 3292/3439
02:05:40 [3440/4348] episode 47504781791405: hp 69->66 | total wins 3293/3440
02:05:40 [3441/4348] episode 47504781794404: hp 75->75 | total wins 3294/3441
02:05:41 [3442/4348] episode 47504781793401: hp 53->53 | total wins 3295/3442
02:05:41 [3443/4348] episode 47504781791404: hp 72->46 | total wins 3296/3443
02:05:42 [3444/4348] episode 47504781793403: hp 52->45 | total wins 3297/3444
02:05:42 [3445/4348] episode 47504781796401: hp 67->67 | total wins 3298/3445
02:05:43 [3446/4348] episode 47504781796400: hp 68->58 | total wins 3299/3446
02:05:43 [3447/4348] episode 47504781795404: hp 45->10 | total wins 3300/3447
02:05:44 [3448/4348] episode 47504781794403: hp 59->48 | total wins 3301/3448
02:05:44 [3449/4348] episode 47504781795403: hp 53->22 | total wins 3302/3449
02:05:44 [3450/4348] episode 47504781796403: hp 56->40 | total wins 3303/3450
02:05:45 [3451/4348] episode 47504781793404: hp 73->54 | total wins 3304/3451
02:05:45 [3452/4348] episode 47504781791402: hp 75->29 | total wins 3305/3452
02:05:46 [3453/4348] episode 47504781797403: hp 75->67 | total wins 3306/3453
02:05:47 [3454/4348] episode 47504781791406: hp 59->2 | total wins 3307/3454
02:05:47 [3455/4348] episode 47504781798400: hp 75->69 | total wins 3308/3455
02:05:47 [3456/4348] episode 47504781796406: hp 14->12 | total wins 3309/3456
02:05:48 [3457/4348] episode 47504781798406: hp 43->31 | total wins 3310/3457
02:05:48 [3458/4348] episode 47504781798407: hp 40->30 | total wins 3311/3458
02:05:48 [3459/4348] episode 47504781798404: hp 58->55 | total wins 3312/3459
02:05:49 [3460/4348] episode 47504781799402: hp 53->53 | total wins 3313/3460
02:05:49 [3461/4348] episode 47504781798405: hp 69->62 | total wins 3314/3461
02:05:49 [3462/4348] episode 47504781799404: hp 35->27 | total wins 3315/3462
02:05:49 [3463/4348] episode 47504781800404: hp 6->3 | total wins 3316/3463
02:05:50 [3464/4348] episode 47504781798403: hp 66->54 | total wins 3317/3464
02:05:50 [3465/4348] episode 47504781800403: hp 7->3 | total wins 3318/3465
02:05:50 [3466/4348] episode 47504781800405: hp 36->36 | total wins 3319/3466
02:05:51 [3467/4348] episode 47504781796405: hp 36->21 | total wins 3320/3467
02:05:51 [3468/4348] episode 47504781799405: hp 40->37 | total wins 3321/3468
02:05:51 [3469/4348] episode 47504781799403: hp 62->56 | total wins 3322/3469
02:05:52 [3470/4348] episode 47504781796404: hp 58->44 | total wins 3323/3470
02:05:52 [3471/4348] episode 47504781797404: hp 73->64 | total wins 3324/3471
02:05:52 [3472/4348] episode 47504781801402: hp 75->79 | total wins 3325/3472
02:05:53 [3473/4348] episode 47504781800401: hp 49->49 | total wins 3326/3473
02:05:54 [3474/4348] episode 47504781800402: hp 47->16 | total wins 3327/3474
02:05:54 [3475/4348] episode 47504781802400: hp 57->46 | total wins 3328/3475
02:05:55 [3476/4348] episode 47504781803401: hp 59->36 | total wins 3329/3476
02:05:55 [3477/4348] episode 47504781802404: hp 50->38 | total wins 3330/3477
02:05:56 [3478/4348] episode 47504781802403: hp 70->64 | total wins 3331/3478
02:05:56 [3479/4348] episode 47504781802405: hp 57->27 | total wins 3332/3479
02:05:56 [3480/4348] episode 47504781804403: hp 73->73 | total wins 3333/3480
02:05:57 [3481/4348] episode 47504781801403: hp 79->79 | total wins 3334/3481
02:05:57 [3482/4348] episode 47504781801405: hp 80->69 | total wins 3335/3482
02:05:57 [3483/4348] episode 47504781803400: hp 70->64 | total wins 3336/3483
02:05:57 [3484/4348] episode 47504781804405: hp 82->68 | total wins 3337/3484
02:05:57 [3485/4348] episode 47504781801404: hp 56->54 | total wins 3338/3485
02:05:58 [3486/4348] episode 47504781805402: hp 75->75 | total wins 3339/3486
02:05:59 [3487/4348] episode 47504781807401: hp 56->56 | total wins 3340/3487
02:05:59 [3488/4348] episode 47504781803402: hp 51->27 | total wins 3341/3488
02:06:00 [3489/4348] episode 47504781805403: hp 75->75 | total wins 3342/3489
02:06:00 [3490/4348] episode 47504781806404: hp 75->75 | total wins 3343/3490
02:06:00 [3491/4348] episode 47504781806400: hp 59->40 | total wins 3344/3491
02:06:01 [3492/4348] episode 47504781804406: hp 45->17 | total wins 3345/3492
02:06:01 [3493/4348] episode 47504781807402: hp 56->50 | total wins 3346/3493
02:06:02 [3494/4348] episode 47504781807406: hp 55->58 | total wins 3347/3494
02:06:03 [3495/4348] episode 47504781808404: hp 33->22 | total wins 3348/3495
02:06:03 [3496/4348] episode 47504781807404: hp 66->53 | total wins 3349/3496
02:06:03 [3497/4348] episode 47504781809402: hp 47->47 | total wins 3350/3497
02:06:03 [3498/4348] episode 47504781807403: hp 75->73 | total wins 3351/3498
02:06:04 [3499/4348] episode 47504781801406: hp 87->65 | total wins 3352/3499
02:06:04 [3500/4348] episode 47504781809403: hp 68->63 | total wins 3353/3500
02:06:05 [3501/4348] episode 47504781808405: hp 42->32 | total wins 3354/3501
02:06:05 [3502/4348] episode 47504781808402: hp 57->27 | total wins 3355/3502
02:06:05 [3503/4348] episode 47504781804404: hp 62->52 | total wins 3356/3503
02:06:05 [3504/4348] episode 47504781808401: hp 48->41 | total wins 3357/3504
02:06:06 [3505/4348] episode 47504781806403: hp 55->38 | total wins 3358/3505
02:06:08 [3506/4348] episode 47504781805404: hp 69->33 | total wins 3359/3506
02:06:08 [3507/4348] episode 47504781809400: hp 72->67 | total wins 3360/3507
02:06:08 [3508/4348] episode 47504781811403: hp 74->59 | total wins 3361/3508
02:06:09 [3509/4348] episode 47504781811405: hp 49->49 | total wins 3362/3509
02:06:09 [3510/4348] episode 47504781810404: hp 49->44 | total wins 3363/3510
02:06:09 [3511/4348] episode 47504781810405: hp 48->41 | total wins 3364/3511
02:06:09 [3512/4348] episode 47504781813405: hp 57->59 | total wins 3365/3512
02:06:09 [3513/4348] episode 47504781810406: hp 19->9 | total wins 3366/3513
02:06:10 [3514/4348] episode 47504781815400: hp 75->69 | total wins 3367/3514
02:06:10 [3515/4348] episode 47504781811404: hp 55->49 | total wins 3368/3515
02:06:10 [3516/4348] episode 47504781813400: hp 74->69 | total wins 3369/3516
02:06:11 [3517/4348] episode 47504781810403: hp 50->14 | total wins 3370/3517
02:06:11 [3518/4348] episode 47504781815403: hp 32->23 | total wins 3371/3518
02:06:11 [3519/4348] episode 47504781811406: hp 40->30 | total wins 3372/3519
02:06:12 [3520/4348] episode 47504781816403: hp 46->46 | total wins 3373/3520
02:06:12 [3521/4348] episode 47504781814400: hp 66->62 | total wins 3374/3521
02:06:12 [3522/4348] episode 47504781813404: hp 60->32 | total wins 3375/3522
02:06:13 [3523/4348] episode 47504781815405: hp 50->47 | total wins 3376/3523
02:06:13 [3524/4348] episode 47504781816405: hp 34->33 | total wins 3377/3524
02:06:13 [3525/4348] episode 47504781816404: hp 46->32 | total wins 3378/3525
02:06:14 [3526/4348] episode 47504781817402: hp 47->47 | total wins 3379/3526
02:06:14 [3527/4348] episode 47504781820401: hp 50->50 | total wins 3380/3527
02:06:16 [3528/4348] episode 47504781818404: hp 71->17 | total wins 3381/3528
02:06:16 [3529/4348] episode 47504781818403: hp 53->46 | total wins 3382/3529
02:06:16 [3530/4348] episode 47504781818405: hp 17->2 | total wins 3383/3530
02:06:16 [3531/4348] episode 47504781815404: hp 52->29 | total wins 3384/3531
02:06:18 [3532/4348] episode 47504781819402: hp 37->16 | total wins 3385/3532
02:06:19 [3533/4348] episode 47504781813403: hp 73->15 | total wins 3386/3533
02:06:19 [3534/4348] episode 47504781820404: hp 48->31 | total wins 3387/3534
02:06:20 [3535/4348] episode 47504781821400: hp 55->36 | total wins 3388/3535
02:06:20 [3536/4348] episode 47504781821402: hp 51->51 | total wins 3389/3536
02:06:20 [3537/4348] episode 47504781820403: hp 44->36 | total wins 3390/3537
02:06:20 [3538/4348] episode 47504781820405: hp 62->57 | total wins 3391/3538
02:06:20 [3539/4348] episode 47504781820406: hp 34->19 | total wins 3392/3539
02:06:21 [3540/4348] episode 47504781817403: hp 35->2 | total wins 3393/3540
02:06:21 [3541/4348] episode 47504781820408: hp 27->39 | total wins 3394/3541
02:06:21 [3542/4348] episode 47504781820407: hp 56->37 | total wins 3395/3542
02:06:22 [3543/4348] episode 47504781822400: hp 68->62 | total wins 3396/3543
02:06:22 [3544/4348] episode 47504781822407: hp 54->48 | total wins 3397/3544
02:06:23 [3545/4348] episode 47504781822405: hp 75->75 | total wins 3398/3545
02:06:23 [3546/4348] episode 47504781822403: hp 75->75 | total wins 3399/3546
02:06:23 [3547/4348] episode 47504781821406: hp 41->67 | total wins 3400/3547
02:06:23 [3548/4348] episode 47504781821404: hp 58->37 | total wins 3401/3548
02:06:24 [3549/4348] episode 47504781821407: hp 72->52 | total wins 3402/3549
02:06:24 [3550/4348] episode 47504781822406: hp 72->61 | total wins 3403/3550
02:06:24 [3551/4348] episode 47504781824403: hp 50->39 | total wins 3404/3551
02:06:25 [3552/4348] episode 47504781824405: hp 55->55 | total wins 3405/3552
02:06:25 [3553/4348] episode 47504781823405: hp 41->41 | total wins 3406/3553
02:06:27 [3554/4348] episode 47504781821403: hp 75->57 | total wins 3407/3554
02:06:27 [3555/4348] episode 47504781823406: hp 25->lost | total wins 3407/3555
02:06:27 [3556/4348] episode 47504781825400: hp 62->43 | total wins 3408/3556
02:06:27 [3557/4348] episode 47504781825401: hp 59->53 | total wins 3409/3557
02:06:27 [3558/4348] episode 47504781823404: hp 70->40 | total wins 3410/3558
02:06:28 [3559/4348] episode 47504781824402: hp 75->20 | total wins 3411/3559
02:06:28 [3560/4348] episode 47504781823403: hp 75->45 | total wins 3412/3560
02:06:29 [3561/4348] episode 47504781825404: hp 50->31 | total wins 3413/3561
02:06:29 [3562/4348] episode 47504781825405: hp 22->20 | total wins 3414/3562
02:06:29 [3563/4348] episode 47504781827404: hp 52->52 | total wins 3415/3563
02:06:29 [3564/4348] episode 47504781826401: hp 48->29 | total wins 3416/3564
02:06:29 [3565/4348] episode 47504781825403: hp 40->29 | total wins 3417/3565
02:06:30 [3566/4348] episode 47504781824404: hp 46->9 | total wins 3418/3566
02:06:30 [3567/4348] episode 47504781826403: hp 67->67 | total wins 3419/3567
02:06:30 [3568/4348] episode 47504781819403: hp 41->18 | total wins 3420/3568
02:06:30 [3569/4348] episode 47504781825406: hp 63->60 | total wins 3421/3569
02:06:30 [3570/4348] episode 47504781828402: hp 66->66 | total wins 3422/3570
02:06:31 [3571/4348] episode 47504781826404: hp 45->36 | total wins 3423/3571
02:06:31 [3572/4348] episode 47504781827400: hp 66->56 | total wins 3424/3572
02:06:31 [3573/4348] episode 47504781827405: hp 44->42 | total wins 3425/3573
02:06:31 [3574/4348] episode 47504781827403: hp 50->50 | total wins 3426/3574
02:06:32 [3575/4348] episode 47504781828405: hp 75->73 | total wins 3427/3575
02:06:32 [3576/4348] episode 47504781828404: hp 65->58 | total wins 3428/3576
02:06:32 [3577/4348] episode 47504781829404: hp 35->26 | total wins 3429/3577
02:06:32 [3578/4348] episode 47504781828403: hp 75->64 | total wins 3430/3578
02:06:33 [3579/4348] episode 47504781829407: hp 16->lost | total wins 3430/3579
02:06:33 [3580/4348] episode 47504781829403: hp 53->21 | total wins 3431/3580
02:06:33 [3581/4348] episode 47504781830401: hp 75->75 | total wins 3432/3581
02:06:33 [3582/4348] episode 47504781828400: hp 70->69 | total wins 3433/3582
02:06:36 [3583/4348] episode 47504781832401: hp 50->44 | total wins 3434/3583
02:06:36 [3584/4348] episode 47504781831404: hp 68->68 | total wins 3435/3584
02:06:36 [3585/4348] episode 47504781830404: hp 70->65 | total wins 3436/3585
02:06:37 [3586/4348] episode 47504781831403: hp 61->54 | total wins 3437/3586
02:06:37 [3587/4348] episode 47504781831405: hp 49->48 | total wins 3438/3587
02:06:38 [3588/4348] episode 47504781833401: hp 35->33 | total wins 3439/3588
02:06:38 [3589/4348] episode 47504781833402: hp 49->48 | total wins 3440/3589
02:06:38 [3590/4348] episode 47504781830402: hp 49->44 | total wins 3441/3590
02:06:39 [3591/4348] episode 47504781832404: hp 49->37 | total wins 3442/3591
02:06:39 [3592/4348] episode 47504781832402: hp 63->50 | total wins 3443/3592
02:06:40 [3593/4348] episode 47504781828406: hp 80->45 | total wins 3444/3593
02:06:40 [3594/4348] episode 47504781834404: hp 37->31 | total wins 3445/3594
02:06:40 [3595/4348] episode 47504781834403: hp 48->48 | total wins 3446/3595
02:06:41 [3596/4348] episode 47504781835400: hp 69->68 | total wins 3447/3596
02:06:41 [3597/4348] episode 47504781829406: hp 43->30 | total wins 3448/3597
02:06:41 [3598/4348] episode 47504781833403: hp 67->60 | total wins 3449/3598
02:06:41 [3599/4348] episode 47504781834401: hp 75->40 | total wins 3450/3599
02:06:42 [3600/4348] episode 47504781832403: hp 48->21 | total wins 3451/3600
02:06:43 [3601/4348] episode 47504781835402: hp 21->lost | total wins 3451/3601
02:06:43 [3602/4348] episode 47504781838401: hp 58->58 | total wins 3452/3602
02:06:43 [3603/4348] episode 47504781838400: hp 61->54 | total wins 3453/3603
02:06:43 [3604/4348] episode 47504781834405: hp 63->55 | total wins 3454/3604
02:06:44 [3605/4348] episode 47504781832405: hp 42->24 | total wins 3455/3605
02:06:44 [3606/4348] episode 47504781837404: hp 46->46 | total wins 3456/3606
02:06:45 [3607/4348] episode 47504781836405: hp 55->55 | total wins 3457/3607
02:06:45 [3608/4348] episode 47504781837405: hp 49->45 | total wins 3458/3608
02:06:46 [3609/4348] episode 47504781836404: hp 43->43 | total wins 3459/3609
02:06:46 [3610/4348] episode 47504781840401: hp 71->65 | total wins 3460/3610
02:06:46 [3611/4348] episode 47504781838402: hp 45->75 | total wins 3461/3611
02:06:47 [3612/4348] episode 47504781839402: hp 57->25 | total wins 3462/3612
02:06:47 [3613/4348] episode 47504781838404: hp 74->73 | total wins 3463/3613
02:06:47 [3614/4348] episode 47504781838406: hp 46->44 | total wins 3464/3614
02:06:47 [3615/4348] episode 47504781841404: hp 26->10 | total wins 3465/3615
02:06:47 [3616/4348] episode 47504781839401: hp 75->71 | total wins 3466/3616
02:06:47 [3617/4348] episode 47504781840407: hp 25->24 | total wins 3467/3617
02:06:48 [3618/4348] episode 47504781841401: hp 69->63 | total wins 3468/3618
02:06:49 [3619/4348] episode 47504781841405: hp 60->59 | total wins 3469/3619
02:06:49 [3620/4348] episode 47504781840406: hp 22->22 | total wins 3470/3620
02:06:50 [3621/4348] episode 47504781836403: hp 75->28 | total wins 3471/3621
02:06:50 [3622/4348] episode 47504781842401: hp 75->69 | total wins 3472/3622
02:06:50 [3623/4348] episode 47504781841406: hp 52->62 | total wins 3473/3623
02:06:50 [3624/4348] episode 47504781840403: hp 49->44 | total wins 3474/3624
02:06:51 [3625/4348] episode 47504781842404: hp 46->33 | total wins 3475/3625
02:06:52 [3626/4348] episode 47504781842400: hp 71->60 | total wins 3476/3626
02:06:52 [3627/4348] episode 47504781844401: hp 33->31 | total wins 3477/3627
02:06:52 [3628/4348] episode 47504781838405: hp 75->12 | total wins 3478/3628
02:06:52 [3629/4348] episode 47504781843400: hp 74->61 | total wins 3479/3629
02:06:53 [3630/4348] episode 47504781844404: hp 36->1 | total wins 3480/3630
02:06:53 [3631/4348] episode 47504781843403: hp 75->43 | total wins 3481/3631
02:06:53 [3632/4348] episode 47504781842405: hp 46->40 | total wins 3482/3632
02:06:54 [3633/4348] episode 47504781846402: hp 54->54 | total wins 3483/3633
02:06:54 [3634/4348] episode 47504781845400: hp 58->52 | total wins 3484/3634
02:06:54 [3635/4348] episode 47504781838403: hp 75->51 | total wins 3485/3635
02:06:55 [3636/4348] episode 47504781845403: hp 47->36 | total wins 3486/3636
02:06:55 [3637/4348] episode 47504781844405: hp 11->10 | total wins 3487/3637
02:06:55 [3638/4348] episode 47504781844406: hp 23->17 | total wins 3488/3638
02:06:56 [3639/4348] episode 47504781846405: hp 43->34 | total wins 3489/3639
02:06:56 [3640/4348] episode 47504781848403: hp 55->39 | total wins 3490/3640
02:06:56 [3641/4348] episode 47504781842403: hp 75->64 | total wins 3491/3641
02:06:57 [3642/4348] episode 47504781847403: hp 75->63 | total wins 3492/3642
02:06:58 [3643/4348] episode 47504781846403: hp 75->54 | total wins 3493/3643
02:06:58 [3644/4348] episode 47504781847404: hp 75->63 | total wins 3494/3644
02:06:58 [3645/4348] episode 47504781849404: hp 61->46 | total wins 3495/3645
02:06:58 [3646/4348] episode 47504781849405: hp 66->63 | total wins 3496/3646
02:06:58 [3647/4348] episode 47504781849403: hp 74->73 | total wins 3497/3647
02:06:58 [3648/4348] episode 47504781843404: hp 35->25 | total wins 3498/3648
02:06:58 [3649/4348] episode 47504781846404: hp 75->50 | total wins 3499/3649
02:07:00 [3650/4348] episode 47504781850402: hp 58->51 | total wins 3500/3650
02:07:00 [3651/4348] episode 47504781850401: hp 75->71 | total wins 3501/3651
02:07:00 [3652/4348] episode 47504781851402: hp 71->64 | total wins 3502/3652
02:07:01 [3653/4348] episode 47504781850403: hp 54->42 | total wins 3503/3653
02:07:01 [3654/4348] episode 47504781848405: hp 70->61 | total wins 3504/3654
02:07:02 [3655/4348] episode 47504781852400: hp 67->58 | total wins 3505/3655
02:07:02 [3656/4348] episode 47504781852402: hp 69->69 | total wins 3506/3656
02:07:03 [3657/4348] episode 47504781853404: hp 74->66 | total wins 3507/3657
02:07:03 [3658/4348] episode 47504781850404: hp 43->23 | total wins 3508/3658
02:07:03 [3659/4348] episode 47504781852404: hp 58->58 | total wins 3509/3659
02:07:03 [3660/4348] episode 47504781850405: hp 51->42 | total wins 3510/3660
02:07:04 [3661/4348] episode 47504781850406: hp 58->52 | total wins 3511/3661
02:07:04 [3662/4348] episode 47504781853405: hp 85->74 | total wins 3512/3662
02:07:04 [3663/4348] episode 47504781854401: hp 75->75 | total wins 3513/3663
02:07:05 [3664/4348] episode 47504781855402: hp 69->62 | total wins 3514/3664
02:07:05 [3665/4348] episode 47504781852403: hp 75->64 | total wins 3515/3665
02:07:05 [3666/4348] episode 47504781854405: hp 10->lost | total wins 3515/3666
02:07:05 [3667/4348] episode 47504781855405: hp 36->36 | total wins 3516/3667
02:07:06 [3668/4348] episode 47504781853401: hp 74->70 | total wins 3517/3668
02:07:06 [3669/4348] episode 47504781855403: hp 52->40 | total wins 3518/3669
02:07:06 [3670/4348] episode 47504781855400: hp 63->50 | total wins 3519/3670
02:07:07 [3671/4348] episode 47504781853403: hp 73->54 | total wins 3520/3671
02:07:08 [3672/4348] episode 47504781855404: hp 67->41 | total wins 3521/3672
02:07:08 [3673/4348] episode 47504781856405: hp 24->8 | total wins 3522/3673
02:07:09 [3674/4348] episode 47504781857402: hp 63->62 | total wins 3523/3674
02:07:09 [3675/4348] episode 47504781856401: hp 53->51 | total wins 3524/3675
02:07:10 [3676/4348] episode 47504781857401: hp 54->46 | total wins 3525/3676
02:07:10 [3677/4348] episode 47504781856403: hp 60->1 | total wins 3526/3677
02:07:10 [3678/4348] episode 47504781858401: hp 73->71 | total wins 3527/3678
02:07:11 [3679/4348] episode 47504781858405: hp 57->57 | total wins 3528/3679
02:07:11 [3680/4348] episode 47504781857404: hp 72->63 | total wins 3529/3680
02:07:11 [3681/4348] episode 47504781845405: hp 38->26 | total wins 3530/3681
02:07:12 [3682/4348] episode 47504781858404: hp 53->53 | total wins 3531/3682
02:07:13 [3683/4348] episode 47504781854404: hp 60->25 | total wins 3532/3683
02:07:14 [3684/4348] episode 47504781859402: hp 56->40 | total wins 3533/3684
02:07:14 [3685/4348] episode 47504781857405: hp 51->35 | total wins 3534/3685
02:07:15 [3686/4348] episode 47504781860402: hp 75->72 | total wins 3535/3686
02:07:15 [3687/4348] episode 47504781859405: hp 43->31 | total wins 3536/3687
02:07:16 [3688/4348] episode 47504781860403: hp 75->60 | total wins 3537/3688
02:07:16 [3689/4348] episode 47504781856404: hp 38->25 | total wins 3538/3689
02:07:17 [3690/4348] episode 47504781861400: hp 73->65 | total wins 3539/3690
02:07:17 [3691/4348] episode 47504781857403: hp 62->35 | total wins 3540/3691
02:07:17 [3692/4348] episode 47504781861405: hp 45->34 | total wins 3541/3692
02:07:17 [3693/4348] episode 47504781859404: hp 47->28 | total wins 3542/3693
02:07:18 [3694/4348] episode 47504781854403: hp 75->42 | total wins 3543/3694
02:07:19 [3695/4348] episode 47504781862402: hp 52->55 | total wins 3544/3695
02:07:19 [3696/4348] episode 47504781858403: hp 67->37 | total wins 3545/3696
02:07:19 [3697/4348] episode 47504781863402: hp 67->66 | total wins 3546/3697
02:07:19 [3698/4348] episode 47504781862404: hp 44->39 | total wins 3547/3698
02:07:19 [3699/4348] episode 47504781862405: hp 51->41 | total wins 3548/3699
02:07:20 [3700/4348] episode 47504781863404: hp 13->4 | total wins 3549/3700
02:07:20 [3701/4348] episode 47504781863405: hp 13->lost | total wins 3549/3701
02:07:20 [3702/4348] episode 47504781866403: hp 48->48 | total wins 3550/3702
02:07:20 [3703/4348] episode 47504781860405: hp 44->lost | total wins 3550/3703
02:07:21 [3704/4348] episode 47504781860404: hp 75->20 | total wins 3551/3704
02:07:22 [3705/4348] episode 47504781867400: hp 61->55 | total wins 3552/3705
02:07:22 [3706/4348] episode 47504781865401: hp 44->36 | total wins 3553/3706
02:07:22 [3707/4348] episode 47504781865400: hp 61->47 | total wins 3554/3707
02:07:23 [3708/4348] episode 47504781863403: hp 49->26 | total wins 3555/3708
02:07:24 [3709/4348] episode 47504781865403: hp 48->26 | total wins 3556/3709
02:07:24 [3710/4348] episode 47504781867404: hp 44->40 | total wins 3557/3710
02:07:24 [3711/4348] episode 47504781862403: hp 57->24 | total wins 3558/3711
02:07:24 [3712/4348] episode 47504781868403: hp 75->58 | total wins 3559/3712
02:07:25 [3713/4348] episode 47504781869405: hp 62->51 | total wins 3560/3713
02:07:25 [3714/4348] episode 47504781868404: hp 71->67 | total wins 3561/3714
02:07:25 [3715/4348] episode 47504781869404: hp 75->59 | total wins 3562/3715
02:07:26 [3716/4348] episode 47504781866405: hp 52->42 | total wins 3563/3716
02:07:26 [3717/4348] episode 47504781869403: hp 54->51 | total wins 3564/3717
02:07:27 [3718/4348] episode 47504781864403: hp 57->12 | total wins 3565/3718
02:07:27 [3719/4348] episode 47504781870401: hp 57->57 | total wins 3566/3719
02:07:27 [3720/4348] episode 47504781870400: hp 75->69 | total wins 3567/3720
02:07:28 [3721/4348] episode 47504781872400: hp 75->63 | total wins 3568/3721
02:07:29 [3722/4348] episode 47504781870405: hp 61->59 | total wins 3569/3722
02:07:29 [3723/4348] episode 47504781869406: hp 42->17 | total wins 3570/3723
02:07:30 [3724/4348] episode 47504781864404: hp 41->9 | total wins 3571/3724
02:07:30 [3725/4348] episode 47504781870404: hp 41->22 | total wins 3572/3725
02:07:30 [3726/4348] episode 47504781872401: hp 75->65 | total wins 3573/3726
02:07:31 [3727/4348] episode 47504781872403: hp 70->61 | total wins 3574/3727
02:07:31 [3728/4348] episode 47504781872406: hp 24->23 | total wins 3575/3728
02:07:32 [3729/4348] episode 47504781867403: hp 69->57 | total wins 3576/3729
02:07:34 [3730/4348] episode 47504781870403: hp 75->lost | total wins 3576/3730
02:07:34 [3731/4348] episode 47504781874402: hp 54->54 | total wins 3577/3731
02:07:34 [3732/4348] episode 47504781874405: hp 41->14 | total wins 3578/3732
02:07:34 [3733/4348] episode 47504781873400: hp 53->44 | total wins 3579/3733
02:07:35 [3734/4348] episode 47504781874406: hp 4->lost | total wins 3579/3734
02:07:35 [3735/4348] episode 47504781873405: hp 22->3 | total wins 3580/3735
02:07:35 [3736/4348] episode 47504781874403: hp 55->48 | total wins 3581/3736
02:07:36 [3737/4348] episode 47504781873404: hp 29->22 | total wins 3582/3737
02:07:36 [3738/4348] episode 47504781874408: hp 27->lost | total wins 3582/3738
02:07:36 [3739/4348] episode 47504781874407: hp 26->22 | total wins 3583/3739
02:07:37 [3740/4348] episode 47504781876401: hp 66->65 | total wins 3584/3740
02:07:38 [3741/4348] episode 47504781876403: hp 75->64 | total wins 3585/3741
02:07:38 [3742/4348] episode 47504781875402: hp 75->42 | total wins 3586/3742
02:07:38 [3743/4348] episode 47504781875403: hp 53->52 | total wins 3587/3743
02:07:39 [3744/4348] episode 47504781875405: hp 60->59 | total wins 3588/3744
02:07:39 [3745/4348] episode 47504781874404: hp 44->24 | total wins 3589/3745
02:07:39 [3746/4348] episode 47504781876406: hp 47->47 | total wins 3590/3746
02:07:40 [3747/4348] episode 47504781877402: hp 68->60 | total wins 3591/3747
02:07:40 [3748/4348] episode 47504781876405: hp 66->56 | total wins 3592/3748
02:07:40 [3749/4348] episode 47504781877403: hp 72->65 | total wins 3593/3749
02:07:41 [3750/4348] episode 47504781877405: hp 75->75 | total wins 3594/3750
02:07:42 [3751/4348] episode 47504781875404: hp 42->29 | total wins 3595/3751
02:07:42 [3752/4348] episode 47504781878404: hp 64->48 | total wins 3596/3752
02:07:42 [3753/4348] episode 47504781878400: hp 70->62 | total wins 3597/3753
02:07:42 [3754/4348] episode 47504781878405: hp 44->44 | total wins 3598/3754
02:07:43 [3755/4348] episode 47504781877406: hp 61->59 | total wins 3599/3755
02:07:43 [3756/4348] episode 47504781876404: hp 75->63 | total wins 3600/3756
02:07:43 [3757/4348] episode 47504781878406: hp 42->39 | total wins 3601/3757
02:07:43 [3758/4348] episode 47504781878403: hp 65->51 | total wins 3602/3758
02:07:43 [3759/4348] episode 47504781873402: hp 63->14 | total wins 3603/3759
02:07:44 [3760/4348] episode 47504781880403: hp 70->57 | total wins 3604/3760
02:07:44 [3761/4348] episode 47504781877404: hp 75->64 | total wins 3605/3761
02:07:45 [3762/4348] episode 47504781879405: hp 38->38 | total wins 3606/3762
02:07:45 [3763/4348] episode 47504781880402: hp 59->52 | total wins 3607/3763
02:07:46 [3764/4348] episode 47504781882400: hp 68->65 | total wins 3608/3764
02:07:46 [3765/4348] episode 47504781881404: hp 72->59 | total wins 3609/3765
02:07:47 [3766/4348] episode 47504781881403: hp 67->57 | total wins 3610/3766
02:07:49 [3767/4348] episode 47504781882402: hp 32->27 | total wins 3611/3767
02:07:50 [3768/4348] episode 47504781879402: hp 61->26 | total wins 3612/3768
02:07:50 [3769/4348] episode 47504781868405: hp 71->44 | total wins 3613/3769
02:07:50 [3770/4348] episode 47504781882401: hp 59->59 | total wins 3614/3770
02:07:50 [3771/4348] episode 47504781884401: hp 53->44 | total wins 3615/3771
02:07:51 [3772/4348] episode 47504781882405: hp 27->27 | total wins 3616/3772
02:07:51 [3773/4348] episode 47504781882404: hp 75->61 | total wins 3617/3773
02:07:52 [3774/4348] episode 47504781885402: hp 75->68 | total wins 3618/3774
02:07:52 [3775/4348] episode 47504781886405: hp 15->15 | total wins 3619/3775
02:07:52 [3776/4348] episode 47504781881405: hp 37->29 | total wins 3620/3776
02:07:52 [3777/4348] episode 47504781882403: hp 37->lost | total wins 3620/3777
02:07:52 [3778/4348] episode 47504781884404: hp 34->24 | total wins 3621/3778
02:07:53 [3779/4348] episode 47504781886402: hp 59->39 | total wins 3622/3779
02:07:53 [3780/4348] episode 47504781883401: hp 59->lost | total wins 3622/3780
02:07:53 [3781/4348] episode 47504781884403: hp 52->19 | total wins 3623/3781
02:07:53 [3782/4348] episode 47504781886403: hp 59->59 | total wins 3624/3782
02:07:54 [3783/4348] episode 47504781889400: hp 62->56 | total wins 3625/3783
02:07:54 [3784/4348] episode 47504781887405: hp 30->10 | total wins 3626/3784
02:07:54 [3785/4348] episode 47504781887404: hp 56->37 | total wins 3627/3785
02:07:54 [3786/4348] episode 47504781889404: hp 64->64 | total wins 3628/3786
02:07:55 [3787/4348] episode 47504781885403: hp 75->31 | total wins 3629/3787
02:07:55 [3788/4348] episode 47504781888400: hp 75->67 | total wins 3630/3788
02:07:55 [3789/4348] episode 47504781880404: hp 49->lost | total wins 3630/3789
02:07:55 [3790/4348] episode 47504781887401: hp 75->70 | total wins 3631/3790
02:07:55 [3791/4348] episode 47504781889403: hp 45->45 | total wins 3632/3791
02:07:55 [3792/4348] episode 47504781889405: hp 62->58 | total wins 3633/3792
02:07:56 [3793/4348] episode 47504781887403: hp 54->54 | total wins 3634/3793
02:07:58 [3794/4348] episode 47504781892403: hp 29->8 | total wins 3635/3794
02:07:59 [3795/4348] episode 47504781892401: hp 40->35 | total wins 3636/3795
02:07:59 [3796/4348] episode 47504781890401: hp 68->30 | total wins 3637/3796
02:08:00 [3797/4348] episode 47504781888401: hp 61->lost | total wins 3637/3797
02:08:00 [3798/4348] episode 47504781895400: hp 68->61 | total wins 3638/3798
02:08:01 [3799/4348] episode 47504781891404: hp 40->64 | total wins 3639/3799
02:08:01 [3800/4348] episode 47504781891405: hp 67->50 | total wins 3640/3800
02:08:01 [3801/4348] episode 47504781891403: hp 51->37 | total wins 3641/3801
02:08:01 [3802/4348] episode 47504781893404: hp 27->16 | total wins 3642/3802
02:08:02 [3803/4348] episode 47504781896403: hp 75->75 | total wins 3643/3803
02:08:02 [3804/4348] episode 47504781895402: hp 75->74 | total wins 3644/3804
02:08:02 [3805/4348] episode 47504781898403: hp 51->41 | total wins 3645/3805
02:08:02 [3806/4348] episode 47504781896402: hp 21->lost | total wins 3645/3806
02:08:02 [3807/4348] episode 47504781898406: hp 52->52 | total wins 3646/3807
02:08:04 [3808/4348] episode 47504781891406: hp 47->28 | total wins 3647/3808
02:08:04 [3809/4348] episode 47504781899400: hp 67->61 | total wins 3648/3809
02:08:04 [3810/4348] episode 47504781895405: hp 72->67 | total wins 3649/3810
02:08:04 [3811/4348] episode 47504781898405: hp 48->61 | total wins 3650/3811
02:08:05 [3812/4348] episode 47504781896404: hp 75->65 | total wins 3651/3812
02:08:05 [3813/4348] episode 47504781898404: hp 29->7 | total wins 3652/3813
02:08:05 [3814/4348] episode 47504781897405: hp 60->51 | total wins 3653/3814
02:08:06 [3815/4348] episode 47504781899403: hp 53->53 | total wins 3654/3815
02:08:06 [3816/4348] episode 47504781899406: hp 61->47 | total wins 3655/3816
02:08:06 [3817/4348] episode 47504781899402: hp 52->45 | total wins 3656/3817
02:08:07 [3818/4348] episode 47504781895403: hp 66->59 | total wins 3657/3818
02:08:08 [3819/4348] episode 47504781894403: hp 73->3 | total wins 3658/3819
02:08:08 [3820/4348] episode 47504781902400: hp 71->70 | total wins 3659/3820
02:08:08 [3821/4348] episode 47504781899405: hp 58->58 | total wins 3660/3821
02:08:09 [3822/4348] episode 47504781900404: hp 71->65 | total wins 3661/3822
02:08:10 [3823/4348] episode 47504781901401: hp 72->48 | total wins 3662/3823
02:08:10 [3824/4348] episode 47504781900401: hp 63->63 | total wins 3663/3824
02:08:10 [3825/4348] episode 47504781902404: hp 38->31 | total wins 3664/3825
02:08:10 [3826/4348] episode 47504781897404: hp 53->36 | total wins 3665/3826
02:08:11 [3827/4348] episode 47504781902405: hp 34->21 | total wins 3666/3827
02:08:11 [3828/4348] episode 47504781902406: hp 28->20 | total wins 3667/3828
02:08:11 [3829/4348] episode 47504781902401: hp 69->60 | total wins 3668/3829
02:08:12 [3830/4348] episode 47504781903402: hp 71->36 | total wins 3669/3830
02:08:12 [3831/4348] episode 47504781903403: hp 48->47 | total wins 3670/3831
02:08:12 [3832/4348] episode 47504781903404: hp 74->72 | total wins 3671/3832
02:08:13 [3833/4348] episode 47504781904403: hp 63->15 | total wins 3672/3833
02:08:13 [3834/4348] episode 47504781899404: hp 74->65 | total wins 3673/3834
02:08:13 [3835/4348] episode 47504781901402: hp 50->30 | total wins 3674/3835
02:08:13 [3836/4348] episode 47504781905403: hp 58->57 | total wins 3675/3836
02:08:14 [3837/4348] episode 47504781906402: hp 47->47 | total wins 3676/3837
02:08:14 [3838/4348] episode 47504781906401: hp 54->47 | total wins 3677/3838
02:08:14 [3839/4348] episode 47504781906403: hp 61->61 | total wins 3678/3839
02:08:14 [3840/4348] episode 47504781905405: hp 48->45 | total wins 3679/3840
02:08:14 [3841/4348] episode 47504781905404: hp 52->46 | total wins 3680/3841
02:08:16 [3842/4348] episode 47504781907405: hp 41->41 | total wins 3681/3842
02:08:16 [3843/4348] episode 47504781907403: hp 47->45 | total wins 3682/3843
02:08:16 [3844/4348] episode 47504781908400: hp 63->61 | total wins 3683/3844
02:08:17 [3845/4348] episode 47504781908401: hp 70->67 | total wins 3684/3845
02:08:17 [3846/4348] episode 47504781906405: hp 52->51 | total wins 3685/3846
02:08:17 [3847/4348] episode 47504781909401: hp 43->36 | total wins 3686/3847
02:08:19 [3848/4348] episode 47504781907404: hp 76->73 | total wins 3687/3848
02:08:19 [3849/4348] episode 47504781909400: hp 57->43 | total wins 3688/3849
02:08:19 [3850/4348] episode 47504781904404: hp 56->12 | total wins 3689/3850
02:08:19 [3851/4348] episode 47504781909404: hp 24->lost | total wins 3689/3851
02:08:20 [3852/4348] episode 47504781910402: hp 53->21 | total wins 3690/3852
02:08:20 [3853/4348] episode 47504781909403: hp 21->1 | total wins 3691/3853
02:08:20 [3854/4348] episode 47504781912402: hp 25->25 | total wins 3692/3854
02:08:20 [3855/4348] episode 47504781911404: hp 33->26 | total wins 3693/3855
02:08:22 [3856/4348] episode 47504781913401: hp 62->56 | total wins 3694/3856
02:08:22 [3857/4348] episode 47504781912403: hp 73->73 | total wins 3695/3857
02:08:22 [3858/4348] episode 47504781910404: hp 47->42 | total wins 3696/3858
02:08:22 [3859/4348] episode 47504781913402: hp 60->54 | total wins 3697/3859
02:08:22 [3860/4348] episode 47504781906404: hp 67->53 | total wins 3698/3860
02:08:23 [3861/4348] episode 47504781910405: hp 35->35 | total wins 3699/3861
02:08:23 [3862/4348] episode 47504781908403: hp 49->lost | total wins 3699/3862
02:08:23 [3863/4348] episode 47504781914401: hp 62->50 | total wins 3700/3863
02:08:23 [3864/4348] episode 47504781913404: hp 45->45 | total wins 3701/3864
02:08:23 [3865/4348] episode 47504781914405: hp 18->10 | total wins 3702/3865
02:08:23 [3866/4348] episode 47504781912404: hp 55->66 | total wins 3703/3866
02:08:25 [3867/4348] episode 47504781914403: hp 75->62 | total wins 3704/3867
02:08:25 [3868/4348] episode 47504781913403: hp 67->59 | total wins 3705/3868
02:08:26 [3869/4348] episode 47504781915401: hp 60->46 | total wins 3706/3869
02:08:26 [3870/4348] episode 47504781915400: hp 67->51 | total wins 3707/3870
02:08:26 [3871/4348] episode 47504781914406: hp 30->14 | total wins 3708/3871
02:08:26 [3872/4348] episode 47504781914402: hp 55->51 | total wins 3709/3872
02:08:26 [3873/4348] episode 47504781914407: hp 30->30 | total wins 3710/3873
02:08:27 [3874/4348] episode 47504781915404: hp 68->61 | total wins 3711/3874
02:08:27 [3875/4348] episode 47504781915402: hp 65->61 | total wins 3712/3875
02:08:27 [3876/4348] episode 47504781913405: hp 55->42 | total wins 3713/3876
02:08:27 [3877/4348] episode 47504781917405: hp 53->41 | total wins 3714/3877
02:08:28 [3878/4348] episode 47504781918404: hp 56->58 | total wins 3715/3878
02:08:29 [3879/4348] episode 47504781917406: hp 42->23 | total wins 3716/3879
02:08:29 [3880/4348] episode 47504781917403: hp 52->45 | total wins 3717/3880
02:08:29 [3881/4348] episode 47504781914404: hp 75->35 | total wins 3718/3881
02:08:30 [3882/4348] episode 47504781918403: hp 66->63 | total wins 3719/3882
02:08:30 [3883/4348] episode 47504781918405: hp 45->22 | total wins 3720/3883
02:08:31 [3884/4348] episode 47504781920403: hp 58->58 | total wins 3721/3884
02:08:31 [3885/4348] episode 47504781919405: hp 60->43 | total wins 3722/3885
02:08:31 [3886/4348] episode 47504781917407: hp 43->15 | total wins 3723/3886
02:08:32 [3887/4348] episode 47504781920405: hp 70->54 | total wins 3724/3887
02:08:32 [3888/4348] episode 47504781917404: hp 30->lost | total wins 3724/3888
02:08:32 [3889/4348] episode 47504781919403: hp 75->69 | total wins 3725/3889
02:08:33 [3890/4348] episode 47504781920404: hp 68->56 | total wins 3726/3890
02:08:33 [3891/4348] episode 47504781919406: hp 66->52 | total wins 3727/3891
02:08:34 [3892/4348] episode 47504781921401: hp 42->40 | total wins 3728/3892
02:08:34 [3893/4348] episode 47504781919404: hp 67->58 | total wins 3729/3893
02:08:36 [3894/4348] episode 47504781922404: hp 47->20 | total wins 3730/3894
02:08:36 [3895/4348] episode 47504781923404: hp 49->42 | total wins 3731/3895
02:08:36 [3896/4348] episode 47504781916402: hp 54->1 | total wins 3732/3896
02:08:36 [3897/4348] episode 47504781924403: hp 75->64 | total wins 3733/3897
02:08:37 [3898/4348] episode 47504781923403: hp 46->44 | total wins 3734/3898
02:08:37 [3899/4348] episode 47504781921402: hp 34->lost | total wins 3734/3899
02:08:37 [3900/4348] episode 47504781924404: hp 65->60 | total wins 3735/3900
02:08:38 [3901/4348] episode 47504781925403: hp 43->29 | total wins 3736/3901
02:08:38 [3902/4348] episode 47504781925404: hp 58->46 | total wins 3737/3902
02:08:38 [3903/4348] episode 47504781927400: hp 60->59 | total wins 3738/3903
02:08:38 [3904/4348] episode 47504781925406: hp 52->52 | total wins 3739/3904
02:08:39 [3905/4348] episode 47504781925405: hp 61->49 | total wins 3740/3905
02:08:39 [3906/4348] episode 47504781926405: hp 32->4 | total wins 3741/3906
02:08:40 [3907/4348] episode 47504781927401: hp 62->55 | total wins 3742/3907
02:08:40 [3908/4348] episode 47504781927403: hp 65->49 | total wins 3743/3908
02:08:41 [3909/4348] episode 47504781927402: hp 66->58 | total wins 3744/3909
02:08:41 [3910/4348] episode 47504781900402: hp 39->4 | total wins 3745/3910
02:08:41 [3911/4348] episode 47504781926404: hp 65->62 | total wins 3746/3911
02:08:42 [3912/4348] episode 47504781927406: hp 16->3 | total wins 3747/3912
02:08:42 [3913/4348] episode 47504781926403: hp 38->lost | total wins 3747/3913
02:08:42 [3914/4348] episode 47504781927404: hp 46->6 | total wins 3748/3914
02:08:42 [3915/4348] episode 47504781922403: hp 75->54 | total wins 3749/3915
02:08:42 [3916/4348] episode 47504781928400: hp 72->63 | total wins 3750/3916
02:08:42 [3917/4348] episode 47504781929402: hp 53->53 | total wins 3751/3917
02:08:42 [3918/4348] episode 47504781930401: hp 75->63 | total wins 3752/3918
02:08:42 [3919/4348] episode 47504781930402: hp 67->67 | total wins 3753/3919
02:08:43 [3920/4348] episode 47504781930404: hp 75->69 | total wins 3754/3920
02:08:43 [3921/4348] episode 47504781931400: hp 59->52 | total wins 3755/3921
02:08:44 [3922/4348] episode 47504781927405: hp 50->35 | total wins 3756/3922
02:08:44 [3923/4348] episode 47504781930403: hp 75->62 | total wins 3757/3923
02:08:44 [3924/4348] episode 47504781930405: hp 53->51 | total wins 3758/3924
02:08:46 [3925/4348] episode 47504781931401: hp 58->56 | total wins 3759/3925
02:08:46 [3926/4348] episode 47504781929406: hp 46->17 | total wins 3760/3926
02:08:47 [3927/4348] episode 47504781931405: hp 65->62 | total wins 3761/3927
02:08:48 [3928/4348] episode 47504781931402: hp 59->53 | total wins 3762/3928
02:08:48 [3929/4348] episode 47504781930406: hp 34->32 | total wins 3763/3929
02:08:49 [3930/4348] episode 47504781931408: hp 45->38 | total wins 3764/3930
02:08:49 [3931/4348] episode 47504781931406: hp 42->42 | total wins 3765/3931
02:08:50 [3932/4348] episode 47504781933400: hp 75->71 | total wins 3766/3932
02:08:50 [3933/4348] episode 47504781929403: hp 40->28 | total wins 3767/3933
02:08:53 [3934/4348] episode 47504781933402: hp 29->lost | total wins 3767/3934
02:08:53 [3935/4348] episode 47504781931404: hp 51->32 | total wins 3768/3935
02:08:53 [3936/4348] episode 47504781935401: hp 75->55 | total wins 3769/3936
02:08:53 [3937/4348] episode 47504781928402: hp 51->8 | total wins 3770/3937
02:08:53 [3938/4348] episode 47504781935402: hp 16->16 | total wins 3771/3938
02:08:54 [3939/4348] episode 47504781930407: hp 57->45 | total wins 3772/3939
02:08:55 [3940/4348] episode 47504781935405: hp 44->44 | total wins 3773/3940
02:08:55 [3941/4348] episode 47504781931403: hp 75->61 | total wins 3774/3941
02:08:55 [3942/4348] episode 47504781935404: hp 75->31 | total wins 3775/3942
02:08:55 [3943/4348] episode 47504781933405: hp 22->13 | total wins 3776/3943
02:08:56 [3944/4348] episode 47504781937402: hp 63->51 | total wins 3777/3944
02:08:57 [3945/4348] episode 47504781934403: hp 41->28 | total wins 3778/3945
02:08:57 [3946/4348] episode 47504781937403: hp 61->60 | total wins 3779/3946
02:08:57 [3947/4348] episode 47504781936401: hp 44->44 | total wins 3780/3947
02:08:57 [3948/4348] episode 47504781937401: hp 57->42 | total wins 3781/3948
02:08:58 [3949/4348] episode 47504781938401: hp 75->74 | total wins 3782/3949
02:08:58 [3950/4348] episode 47504781936405: hp 63->49 | total wins 3783/3950
02:08:58 [3951/4348] episode 47504781936404: hp 51->38 | total wins 3784/3951
02:08:58 [3952/4348] episode 47504781937404: hp 74->74 | total wins 3785/3952
02:08:59 [3953/4348] episode 47504781936403: hp 69->64 | total wins 3786/3953
02:08:59 [3954/4348] episode 47504781939403: hp 34->28 | total wins 3787/3954
02:09:00 [3955/4348] episode 47504781938403: hp 52->14 | total wins 3788/3955
02:09:00 [3956/4348] episode 47504781931407: hp 52->29 | total wins 3789/3956
02:09:00 [3957/4348] episode 47504781939402: hp 64->48 | total wins 3790/3957
02:09:01 [3958/4348] episode 47504781938405: hp 53->16 | total wins 3791/3958
02:09:01 [3959/4348] episode 47504781940403: hp 27->37 | total wins 3792/3959
02:09:01 [3960/4348] episode 47504781938404: hp 25->15 | total wins 3793/3960
02:09:01 [3961/4348] episode 47504781939404: hp 44->35 | total wins 3794/3961
02:09:01 [3962/4348] episode 47504781939405: hp 43->39 | total wins 3795/3962
02:09:02 [3963/4348] episode 47504781941400: hp 75->74 | total wins 3796/3963
02:09:02 [3964/4348] episode 47504781940400: hp 67->68 | total wins 3797/3964
02:09:02 [3965/4348] episode 47504781938407: hp 46->42 | total wins 3798/3965
02:09:03 [3966/4348] episode 47504781934404: hp 44->10 | total wins 3799/3966
02:09:03 [3967/4348] episode 47504781941404: hp 60->59 | total wins 3800/3967
02:09:04 [3968/4348] episode 47504781941405: hp 65->69 | total wins 3801/3968
02:09:04 [3969/4348] episode 47504781941406: hp 70->69 | total wins 3802/3969
02:09:04 [3970/4348] episode 47504781942400: hp 68->56 | total wins 3803/3970
02:09:04 [3971/4348] episode 47504781941403: hp 45->33 | total wins 3804/3971
02:09:05 [3972/4348] episode 47504781940405: hp 41->43 | total wins 3805/3972
02:09:05 [3973/4348] episode 47504781942403: hp 29->6 | total wins 3806/3973
02:09:06 [3974/4348] episode 47504781944400: hp 47->45 | total wins 3807/3974
02:09:06 [3975/4348] episode 47504781943400: hp 62->52 | total wins 3808/3975
02:09:07 [3976/4348] episode 47504781942404: hp 60->57 | total wins 3809/3976
02:09:07 [3977/4348] episode 47504781938406: hp 60->46 | total wins 3810/3977
02:09:08 [3978/4348] episode 47504781944401: hp 33->26 | total wins 3811/3978
02:09:08 [3979/4348] episode 47504781945400: hp 69->62 | total wins 3812/3979
02:09:08 [3980/4348] episode 47504781944402: hp 64->32 | total wins 3813/3980
02:09:08 [3981/4348] episode 47504781943403: hp 62->27 | total wins 3814/3981
02:09:09 [3982/4348] episode 47504781946400: hp 58->51 | total wins 3815/3982
02:09:09 [3983/4348] episode 47504781943404: hp 37->lost | total wins 3815/3983
02:09:09 [3984/4348] episode 47504781946406: hp 58->58 | total wins 3816/3984
02:09:09 [3985/4348] episode 47504781945402: hp 58->54 | total wins 3817/3985
02:09:10 [3986/4348] episode 47504781942405: hp 42->27 | total wins 3818/3986
02:09:10 [3987/4348] episode 47504781945401: hp 63->54 | total wins 3819/3987
02:09:10 [3988/4348] episode 47504781945404: hp 56->20 | total wins 3820/3988
02:09:10 [3989/4348] episode 47504781940404: hp 42->lost | total wins 3820/3989
02:09:11 [3990/4348] episode 47504781946405: hp 37->23 | total wins 3821/3990
02:09:11 [3991/4348] episode 47504781946403: hp 29->13 | total wins 3822/3991
02:09:11 [3992/4348] episode 47504781946404: hp 33->27 | total wins 3823/3992
02:09:12 [3993/4348] episode 47504781946401: hp 55->41 | total wins 3824/3993
02:09:12 [3994/4348] episode 47504781947401: hp 45->44 | total wins 3825/3994
02:09:12 [3995/4348] episode 47504781948400: hp 75->69 | total wins 3826/3995
02:09:13 [3996/4348] episode 47504781947400: hp 67->59 | total wins 3827/3996
02:09:13 [3997/4348] episode 47504781949401: hp 62->56 | total wins 3828/3997
02:09:13 [3998/4348] episode 47504781947406: hp 50->50 | total wins 3829/3998
02:09:13 [3999/4348] episode 47504781948401: hp 53->39 | total wins 3830/3999
02:09:13 [4000/4348] episode 47504781949404: hp 48->40 | total wins 3831/4000
02:09:14 [4001/4348] episode 47504781947404: hp 43->35 | total wins 3832/4001
02:09:14 [4002/4348] episode 47504781950405: hp 75->75 | total wins 3833/4002
02:09:14 [4003/4348] episode 47504781950400: hp 75->58 | total wins 3834/4003
02:09:14 [4004/4348] episode 47504781947405: hp 53->53 | total wins 3835/4004
02:09:15 [4005/4348] episode 47504781950401: hp 75->74 | total wins 3836/4005
02:09:15 [4006/4348] episode 47504781951402: hp 64->58 | total wins 3837/4006
02:09:16 [4007/4348] episode 47504781949402: hp 74->72 | total wins 3838/4007
02:09:17 [4008/4348] episode 47504781951404: hp 21->9 | total wins 3839/4008
02:09:17 [4009/4348] episode 47504781949403: hp 62->55 | total wins 3840/4009
02:09:17 [4010/4348] episode 47504781951401: hp 55->44 | total wins 3841/4010
02:09:18 [4011/4348] episode 47504781947403: hp 59->25 | total wins 3842/4011
02:09:18 [4012/4348] episode 47504781953401: hp 75->75 | total wins 3843/4012
02:09:18 [4013/4348] episode 47504781949405: hp 47->31 | total wins 3844/4013
02:09:18 [4014/4348] episode 47504781952400: hp 61->54 | total wins 3845/4014
02:09:18 [4015/4348] episode 47504781950403: hp 67->61 | total wins 3846/4015
02:09:18 [4016/4348] episode 47504781953403: hp 60->55 | total wins 3847/4016
02:09:18 [4017/4348] episode 47504781953406: hp 52->50 | total wins 3848/4017
02:09:19 [4018/4348] episode 47504781951403: hp 35->lost | total wins 3848/4018
02:09:20 [4019/4348] episode 47504781952403: hp 75->59 | total wins 3849/4019
02:09:20 [4020/4348] episode 47504781952404: hp 64->50 | total wins 3850/4020
02:09:20 [4021/4348] episode 47504781953405: hp 48->30 | total wins 3851/4021
02:09:20 [4022/4348] episode 47504781954400: hp 73->67 | total wins 3852/4022
02:09:21 [4023/4348] episode 47504781954403: hp 68->52 | total wins 3853/4023
02:09:21 [4024/4348] episode 47504781954405: hp 49->34 | total wins 3854/4024
02:09:22 [4025/4348] episode 47504781954402: hp 75->71 | total wins 3855/4025
02:09:22 [4026/4348] episode 47504781950404: hp 54->38 | total wins 3856/4026
02:09:22 [4027/4348] episode 47504781955401: hp 75->69 | total wins 3857/4027
02:09:23 [4028/4348] episode 47504781955403: hp 67->67 | total wins 3858/4028
02:09:23 [4029/4348] episode 47504781953404: hp 74->65 | total wins 3859/4029
02:09:25 [4030/4348] episode 47504781956400: hp 75->72 | total wins 3860/4030
02:09:25 [4031/4348] episode 47504781954406: hp 43->30 | total wins 3861/4031
02:09:25 [4032/4348] episode 47504781957404: hp 46->35 | total wins 3862/4032
02:09:26 [4033/4348] episode 47504781957405: hp 63->47 | total wins 3863/4033
02:09:26 [4034/4348] episode 47504781957408: hp 10->4 | total wins 3864/4034
02:09:26 [4035/4348] episode 47504781955406: hp 14->4 | total wins 3865/4035
02:09:26 [4036/4348] episode 47504781955404: hp 66->41 | total wins 3866/4036
02:09:27 [4037/4348] episode 47504781956403: hp 75->lost | total wins 3866/4037
02:09:27 [4038/4348] episode 47504781957403: hp 57->45 | total wins 3867/4038
02:09:28 [4039/4348] episode 47504781958401: hp 75->68 | total wins 3868/4039
02:09:28 [4040/4348] episode 47504781955405: hp 40->31 | total wins 3869/4040
02:09:28 [4041/4348] episode 47504781959404: hp 10->lost | total wins 3869/4041
02:09:29 [4042/4348] episode 47504781958403: hp 75->73 | total wins 3870/4042
02:09:29 [4043/4348] episode 47504781954404: hp 42->5 | total wins 3871/4043
02:09:29 [4044/4348] episode 47504781957407: hp 42->25 | total wins 3872/4044
02:09:29 [4045/4348] episode 47504781960403: hp 45->26 | total wins 3873/4045
02:09:29 [4046/4348] episode 47504781960400: hp 69->64 | total wins 3874/4046
02:09:29 [4047/4348] episode 47504781957406: hp 50->16 | total wins 3875/4047
02:09:30 [4048/4348] episode 47504781960404: hp 52->47 | total wins 3876/4048
02:09:30 [4049/4348] episode 47504781962403: hp 42->36 | total wins 3877/4049
02:09:30 [4050/4348] episode 47504781960405: hp 72->72 | total wins 3878/4050
02:09:31 [4051/4348] episode 47504781958405: hp 52->46 | total wins 3879/4051
02:09:31 [4052/4348] episode 47504781959403: hp 75->8 | total wins 3880/4052
02:09:32 [4053/4348] episode 47504781962402: hp 61->61 | total wins 3881/4053
02:09:32 [4054/4348] episode 47504781958404: hp 66->47 | total wins 3882/4054
02:09:32 [4055/4348] episode 47504781963403: hp 57->57 | total wins 3883/4055
02:09:33 [4056/4348] episode 47504781962404: hp 41->27 | total wins 3884/4056
02:09:33 [4057/4348] episode 47504781963404: hp 62->32 | total wins 3885/4057
02:09:34 [4058/4348] episode 47504781963405: hp 43->37 | total wins 3886/4058
02:09:34 [4059/4348] episode 47504781964403: hp 85->85 | total wins 3887/4059
02:09:35 [4060/4348] episode 47504781964400: hp 60->53 | total wins 3888/4060
02:09:35 [4061/4348] episode 47504781966401: hp 75->75 | total wins 3889/4061
02:09:35 [4062/4348] episode 47504781966403: hp 75->67 | total wins 3890/4062
02:09:35 [4063/4348] episode 47504781964404: hp 85->84 | total wins 3891/4063
02:09:35 [4064/4348] episode 47504781963407: hp 24->16 | total wins 3892/4064
02:09:36 [4065/4348] episode 47504781963406: hp 44->35 | total wins 3893/4065
02:09:36 [4066/4348] episode 47504781961404: hp 61->46 | total wins 3894/4066
02:09:37 [4067/4348] episode 47504781967402: hp 69->68 | total wins 3895/4067
02:09:38 [4068/4348] episode 47504781964405: hp 78->62 | total wins 3896/4068
02:09:38 [4069/4348] episode 47504781961403: hp 64->53 | total wins 3897/4069
02:09:38 [4070/4348] episode 47504781967404: hp 57->37 | total wins 3898/4070
02:09:38 [4071/4348] episode 47504781967406: hp 70->60 | total wins 3899/4071
02:09:39 [4072/4348] episode 47504781966405: hp 31->30 | total wins 3900/4072
02:09:39 [4073/4348] episode 47504781966404: hp 70->35 | total wins 3901/4073
02:09:39 [4074/4348] episode 47504781965402: hp 58->13 | total wins 3902/4074
02:09:40 [4075/4348] episode 47504781968401: hp 62->62 | total wins 3903/4075
02:09:41 [4076/4348] episode 47504781969405: hp 65->55 | total wins 3904/4076
02:09:41 [4077/4348] episode 47504781967403: hp 75->33 | total wins 3905/4077
02:09:41 [4078/4348] episode 47504781970404: hp 58->58 | total wins 3906/4078
02:09:41 [4079/4348] episode 47504781971401: hp 65->65 | total wins 3907/4079
02:09:42 [4080/4348] episode 47504781967405: hp 75->73 | total wins 3908/4080
02:09:42 [4081/4348] episode 47504781970400: hp 75->61 | total wins 3909/4081
02:09:42 [4082/4348] episode 47504781970403: hp 67->64 | total wins 3910/4082
02:09:43 [4083/4348] episode 47504781969403: hp 52->48 | total wins 3911/4083
02:09:43 [4084/4348] episode 47504781971404: hp 67->61 | total wins 3912/4084
02:09:43 [4085/4348] episode 47504781971403: hp 75->73 | total wins 3913/4085
02:09:44 [4086/4348] episode 47504781971407: hp 75->62 | total wins 3914/4086
02:09:45 [4087/4348] episode 47504781971405: hp 58->70 | total wins 3915/4087
02:09:45 [4088/4348] episode 47504781973400: hp 65->58 | total wins 3916/4088
02:09:45 [4089/4348] episode 47504781964406: hp 51->9 | total wins 3917/4089
02:09:45 [4090/4348] episode 47504781971406: hp 75->75 | total wins 3918/4090
02:09:46 [4091/4348] episode 47504781969404: hp 61->46 | total wins 3919/4091
02:09:46 [4092/4348] episode 47504781975403: hp 55->47 | total wins 3920/4092
02:09:47 [4093/4348] episode 47504781975400: hp 62->55 | total wins 3921/4093
02:09:47 [4094/4348] episode 47504781975402: hp 75->56 | total wins 3922/4094
02:09:48 [4095/4348] episode 47504781974403: hp 75->67 | total wins 3923/4095
02:09:48 [4096/4348] episode 47504781976405: hp 65->65 | total wins 3924/4096
02:09:48 [4097/4348] episode 47504781974404: hp 57->35 | total wins 3925/4097
02:09:49 [4098/4348] episode 47504781974405: hp 34->11 | total wins 3926/4098
02:09:49 [4099/4348] episode 47504781973404: hp 48->lost | total wins 3926/4099
02:09:50 [4100/4348] episode 47504781977404: hp 52->49 | total wins 3927/4100
02:09:50 [4101/4348] episode 47504781977400: hp 56->42 | total wins 3928/4101
02:09:51 [4102/4348] episode 47504781976402: hp 57->57 | total wins 3929/4102
02:09:51 [4103/4348] episode 47504781976403: hp 75->67 | total wins 3930/4103
02:09:51 [4104/4348] episode 47504781978404: hp 57->57 | total wins 3931/4104
02:09:52 [4105/4348] episode 47504781973402: hp 75->35 | total wins 3932/4105
02:09:53 [4106/4348] episode 47504781972402: hp 58->lost | total wins 3932/4106
02:09:53 [4107/4348] episode 47504781976404: hp 64->47 | total wins 3933/4107
02:09:53 [4108/4348] episode 47504781976406: hp 61->50 | total wins 3934/4108
02:09:53 [4109/4348] episode 47504781979402: hp 70->65 | total wins 3935/4109
02:09:54 [4110/4348] episode 47504781980402: hp 34->34 | total wins 3936/4110
02:09:54 [4111/4348] episode 47504781978407: hp 68->65 | total wins 3937/4111
02:09:55 [4112/4348] episode 47504781978403: hp 55->48 | total wins 3938/4112
02:09:55 [4113/4348] episode 47504781980400: hp 71->59 | total wins 3939/4113
02:09:55 [4114/4348] episode 47504781979400: hp 68->61 | total wins 3940/4114
02:09:55 [4115/4348] episode 47504781980405: hp 25->25 | total wins 3941/4115
02:09:56 [4116/4348] episode 47504781980403: hp 46->32 | total wins 3942/4116
02:09:56 [4117/4348] episode 47504781979403: hp 49->3 | total wins 3943/4117
02:09:57 [4118/4348] episode 47504781981402: hp 19->lost | total wins 3943/4118
02:09:57 [4119/4348] episode 47504781980406: hp 42->36 | total wins 3944/4119
02:09:58 [4120/4348] episode 47504781982400: hp 71->69 | total wins 3945/4120
02:09:58 [4121/4348] episode 47504781980401: hp 32->23 | total wins 3946/4121
02:09:59 [4122/4348] episode 47504781979404: hp 37->lost | total wins 3946/4122
02:09:59 [4123/4348] episode 47504781978405: hp 75->64 | total wins 3947/4123
02:10:00 [4124/4348] episode 47504781982404: hp 38->21 | total wins 3948/4124
02:10:00 [4125/4348] episode 47504781983406: hp 37->29 | total wins 3949/4125
02:10:00 [4126/4348] episode 47504781984405: hp 37->35 | total wins 3950/4126
02:10:01 [4127/4348] episode 47504781978406: hp 50->40 | total wins 3951/4127
02:10:01 [4128/4348] episode 47504781983403: hp 66->55 | total wins 3952/4128
02:10:01 [4129/4348] episode 47504781986400: hp 47->28 | total wins 3953/4129
02:10:02 [4130/4348] episode 47504781983404: hp 45->39 | total wins 3954/4130
02:10:02 [4131/4348] episode 47504781984404: hp 42->28 | total wins 3955/4131
02:10:03 [4132/4348] episode 47504781987403: hp 35->21 | total wins 3956/4132
02:10:03 [4133/4348] episode 47504781988402: hp 58->58 | total wins 3957/4133
02:10:04 [4134/4348] episode 47504781984403: hp 72->68 | total wins 3958/4134
02:10:05 [4135/4348] episode 47504781982403: hp 71->25 | total wins 3959/4135
02:10:05 [4136/4348] episode 47504781987405: hp 71->59 | total wins 3960/4136
02:10:05 [4137/4348] episode 47504781987404: hp 48->48 | total wins 3961/4137
02:10:06 [4138/4348] episode 47504781988404: hp 42->19 | total wins 3962/4138
02:10:06 [4139/4348] episode 47504781988405: hp 62->62 | total wins 3963/4139
02:10:07 [4140/4348] episode 47504781986404: hp 44->44 | total wins 3964/4140
02:10:07 [4141/4348] episode 47504781988407: hp 42->26 | total wins 3965/4141
02:10:07 [4142/4348] episode 47504781986403: hp 46->22 | total wins 3966/4142
02:10:08 [4143/4348] episode 47504781989403: hp 71->65 | total wins 3967/4143
02:10:09 [4144/4348] episode 47504781986405: hp 45->45 | total wins 3968/4144
02:10:09 [4145/4348] episode 47504781988406: hp 69->55 | total wins 3969/4145
02:10:09 [4146/4348] episode 47504781990401: hp 70->64 | total wins 3970/4146
02:10:09 [4147/4348] episode 47504781985401: hp 67->lost | total wins 3970/4147
02:10:10 [4148/4348] episode 47504781990402: hp 75->71 | total wins 3971/4148
02:10:10 [4149/4348] episode 47504781989401: hp 54->45 | total wins 3972/4149
02:10:10 [4150/4348] episode 47504781989402: hp 54->46 | total wins 3973/4150
02:10:10 [4151/4348] episode 47504781990403: hp 75->59 | total wins 3974/4151
02:10:11 [4152/4348] episode 47504781989404: hp 64->60 | total wins 3975/4152
02:10:11 [4153/4348] episode 47504781991402: hp 62->69 | total wins 3976/4153
02:10:12 [4154/4348] episode 47504781989407: hp 59->29 | total wins 3977/4154
02:10:12 [4155/4348] episode 47504781991404: hp 44->44 | total wins 3978/4155
02:10:13 [4156/4348] episode 47504781993404: hp 71->71 | total wins 3979/4156
02:10:13 [4157/4348] episode 47504781992400: hp 66->50 | total wins 3980/4157
02:10:13 [4158/4348] episode 47504781992403: hp 70->69 | total wins 3981/4158
02:10:13 [4159/4348] episode 47504781988403: hp 75->41 | total wins 3982/4159
02:10:13 [4160/4348] episode 47504781993403: hp 71->65 | total wins 3983/4160
02:10:14 [4161/4348] episode 47504781990406: hp 24->21 | total wins 3984/4161
02:10:14 [4162/4348] episode 47504781991403: hp 58->16 | total wins 3985/4162
02:10:14 [4163/4348] episode 47504781994401: hp 55->49 | total wins 3986/4163
02:10:15 [4164/4348] episode 47504781993405: hp 70->51 | total wins 3987/4164
02:10:15 [4165/4348] episode 47504781990405: hp 5->4 | total wins 3988/4165
02:10:15 [4166/4348] episode 47504781994402: hp 63->57 | total wins 3989/4166
02:10:16 [4167/4348] episode 47504781992405: hp 50->33 | total wins 3990/4167
02:10:16 [4168/4348] episode 47504781994400: hp 67->63 | total wins 3991/4168
02:10:17 [4169/4348] episode 47504781996403: hp 75->74 | total wins 3992/4169
02:10:17 [4170/4348] episode 47504781997401: hp 48->48 | total wins 3993/4170
02:10:17 [4171/4348] episode 47504781994403: hp 75->74 | total wins 3994/4171
02:10:17 [4172/4348] episode 47504781995404: hp 1->1 | total wins 3995/4172
02:10:17 [4173/4348] episode 47504781993407: hp 73->59 | total wins 3996/4173
02:10:18 [4174/4348] episode 47504781994406: hp 52->45 | total wins 3997/4174
02:10:18 [4175/4348] episode 47504781994404: hp 75->54 | total wins 3998/4175
02:10:18 [4176/4348] episode 47504781995400: hp 75->61 | total wins 3999/4176
02:10:18 [4177/4348] episode 47504781996405: hp 62->62 | total wins 4000/4177
02:10:18 [4178/4348] episode 47504781997404: hp 32->32 | total wins 4001/4178
02:10:18 [4179/4348] episode 47504781994405: hp 75->55 | total wins 4002/4179
02:10:20 [4180/4348] episode 47504781997400: hp 65->56 | total wins 4003/4180
02:10:20 [4181/4348] episode 47504781999400: hp 71->59 | total wins 4004/4181
02:10:20 [4182/4348] episode 47504781999406: hp 43->37 | total wins 4005/4182
02:10:20 [4183/4348] episode 47504781998405: hp 31->30 | total wins 4006/4183
02:10:20 [4184/4348] episode 47504781999403: hp 75->59 | total wins 4007/4184
02:10:22 [4185/4348] episode 47504782000401: hp 28->19 | total wins 4008/4185
02:10:22 [4186/4348] episode 47504782000402: hp 30->30 | total wins 4009/4186
02:10:22 [4187/4348] episode 47504781997405: hp 39->32 | total wins 4010/4187
02:10:22 [4188/4348] episode 47504781997406: hp 68->57 | total wins 4011/4188
02:10:23 [4189/4348] episode 47504781998404: hp 52->44 | total wins 4012/4189
02:10:23 [4190/4348] episode 47504782001405: hp 53->53 | total wins 4013/4190
02:10:24 [4191/4348] episode 47504782001406: hp 45->45 | total wins 4014/4191
02:10:25 [4192/4348] episode 47504781999404: hp 38->38 | total wins 4015/4192
02:10:25 [4193/4348] episode 47504782001404: hp 56->52 | total wins 4016/4193
02:10:26 [4194/4348] episode 47504782000405: hp 15->lost | total wins 4016/4194
02:10:26 [4195/4348] episode 47504782001403: hp 75->63 | total wins 4017/4195
02:10:27 [4196/4348] episode 47504782002404: hp 57->49 | total wins 4018/4196
02:10:27 [4197/4348] episode 47504782003401: hp 75->68 | total wins 4019/4197
02:10:28 [4198/4348] episode 47504782000403: hp 48->42 | total wins 4020/4198
02:10:28 [4199/4348] episode 47504782004405: hp 24->2 | total wins 4021/4199
02:10:28 [4200/4348] episode 47504782004404: hp 31->17 | total wins 4022/4200
02:10:28 [4201/4348] episode 47504782005400: hp 75->73 | total wins 4023/4201
02:10:29 [4202/4348] episode 47504781997403: hp 59->30 | total wins 4024/4202
02:10:29 [4203/4348] episode 47504782005405: hp 51->38 | total wins 4025/4203
02:10:31 [4204/4348] episode 47504782002403: hp 53->33 | total wins 4026/4204
02:10:31 [4205/4348] episode 47504782002406: hp 43->33 | total wins 4027/4205
02:10:32 [4206/4348] episode 47504782006402: hp 50->36 | total wins 4028/4206
02:10:32 [4207/4348] episode 47504782006403: hp 72->44 | total wins 4029/4207
02:10:32 [4208/4348] episode 47504782006406: hp 11->lost | total wins 4029/4208
02:10:32 [4209/4348] episode 47504782005404: hp 45->25 | total wins 4030/4209
02:10:32 [4210/4348] episode 47504782000404: hp 46->14 | total wins 4031/4210
02:10:32 [4211/4348] episode 47504782002405: hp 67->36 | total wins 4032/4211
02:10:33 [4212/4348] episode 47504782008405: hp 74->74 | total wins 4033/4212
02:10:33 [4213/4348] episode 47504782006404: hp 21->9 | total wins 4034/4213
02:10:34 [4214/4348] episode 47504782007402: hp 65->58 | total wins 4035/4214
02:10:34 [4215/4348] episode 47504782008404: hp 59->51 | total wins 4036/4215
02:10:34 [4216/4348] episode 47504782007401: hp 75->75 | total wins 4037/4216
02:10:34 [4217/4348] episode 47504782009400: hp 70->69 | total wins 4038/4217
02:10:35 [4218/4348] episode 47504782003402: hp 50->lost | total wins 4038/4218
02:10:35 [4219/4348] episode 47504782007404: hp 9->3 | total wins 4039/4219
02:10:36 [4220/4348] episode 47504782007403: hp 72->29 | total wins 4040/4220
02:10:36 [4221/4348] episode 47504782009403: hp 39->28 | total wins 4041/4221
02:10:36 [4222/4348] episode 47504782010405: hp 44->37 | total wins 4042/4222
02:10:36 [4223/4348] episode 47504782009404: hp 75->67 | total wins 4043/4223
02:10:37 [4224/4348] episode 47504782011403: hp 75->73 | total wins 4044/4224
02:10:37 [4225/4348] episode 47504782010401: hp 73->70 | total wins 4045/4225
02:10:38 [4226/4348] episode 47504782012403: hp 73->67 | total wins 4046/4226
02:10:38 [4227/4348] episode 47504782008403: hp 49->47 | total wins 4047/4227
02:10:39 [4228/4348] episode 47504782012400: hp 50->43 | total wins 4048/4228
02:10:39 [4229/4348] episode 47504782011404: hp 75->74 | total wins 4049/4229
02:10:39 [4230/4348] episode 47504782012406: hp 41->44 | total wins 4050/4230
02:10:39 [4231/4348] episode 47504782012401: hp 75->72 | total wins 4051/4231
02:10:39 [4232/4348] episode 47504782013405: hp 58->42 | total wins 4052/4232
02:10:40 [4233/4348] episode 47504782013401: hp 66->62 | total wins 4053/4233
02:10:40 [4234/4348] episode 47504782014404: hp 75->75 | total wins 4054/4234
02:10:40 [4235/4348] episode 47504782011405: hp 49->49 | total wins 4055/4235
02:10:40 [4236/4348] episode 47504782013403: hp 82->62 | total wins 4056/4236
02:10:41 [4237/4348] episode 47504782005402: hp 60->10 | total wins 4057/4237
02:10:41 [4238/4348] episode 47504782013404: hp 61->54 | total wins 4058/4238
02:10:41 [4239/4348] episode 47504782017403: hp 55->55 | total wins 4059/4239
02:10:42 [4240/4348] episode 47504782015402: hp 32->32 | total wins 4060/4240
02:10:42 [4241/4348] episode 47504782014402: hp 26->23 | total wins 4061/4241
02:10:42 [4242/4348] episode 47504782014400: hp 72->65 | total wins 4062/4242
02:10:43 [4243/4348] episode 47504782012405: hp 68->46 | total wins 4063/4243
02:10:43 [4244/4348] episode 47504782016403: hp 75->67 | total wins 4064/4244
02:10:43 [4245/4348] episode 47504782017404: hp 66->49 | total wins 4065/4245
02:10:43 [4246/4348] episode 47504782018400: hp 75->75 | total wins 4066/4246
02:10:44 [4247/4348] episode 47504782017400: hp 45->32 | total wins 4067/4247
02:10:44 [4248/4348] episode 47504782012404: hp 63->44 | total wins 4068/4248
02:10:45 [4249/4348] episode 47504782017405: hp 82->78 | total wins 4069/4249
02:10:45 [4250/4348] episode 47504782015401: hp 64->62 | total wins 4070/4250
02:10:45 [4251/4348] episode 47504782019404: hp 44->41 | total wins 4071/4251
02:10:46 [4252/4348] episode 47504782018401: hp 75->75 | total wins 4072/4252
02:10:46 [4253/4348] episode 47504782020405: hp 58->58 | total wins 4073/4253
02:10:47 [4254/4348] episode 47504782021400: hp 75->71 | total wins 4074/4254
02:10:47 [4255/4348] episode 47504782015403: hp 54->lost | total wins 4074/4255
02:10:47 [4256/4348] episode 47504782020407: hp 57->57 | total wins 4075/4256
02:10:47 [4257/4348] episode 47504782020400: hp 75->69 | total wins 4076/4257
02:10:49 [4258/4348] episode 47504782019403: hp 69->42 | total wins 4077/4258
02:10:49 [4259/4348] episode 47504782021406: hp 14->3 | total wins 4078/4259
02:10:49 [4260/4348] episode 47504782020403: hp 70->62 | total wins 4079/4260
02:10:49 [4261/4348] episode 47504782021403: hp 70->66 | total wins 4080/4261
02:10:49 [4262/4348] episode 47504782021404: hp 55->48 | total wins 4081/4262
02:10:49 [4263/4348] episode 47504782020406: hp 75->69 | total wins 4082/4263
02:10:50 [4264/4348] episode 47504782023404: hp 3->2 | total wins 4083/4264
02:10:50 [4265/4348] episode 47504782021405: hp 56->44 | total wins 4084/4265
02:10:51 [4266/4348] episode 47504782021409: hp 47->40 | total wins 4085/4266
02:10:51 [4267/4348] episode 47504782024402: hp 66->65 | total wins 4086/4267
02:10:52 [4268/4348] episode 47504782024405: hp 40->29 | total wins 4087/4268
02:10:52 [4269/4348] episode 47504782025400: hp 59->53 | total wins 4088/4269
02:10:53 [4270/4348] episode 47504782022403: hp 78->69 | total wins 4089/4270
02:10:53 [4271/4348] episode 47504782025404: hp 72->65 | total wins 4090/4271
02:10:54 [4272/4348] episode 47504782021408: hp 47->23 | total wins 4091/4272
02:10:54 [4273/4348] episode 47504782025405: hp 62->59 | total wins 4092/4273
02:10:54 [4274/4348] episode 47504782017406: hp 68->39 | total wins 4093/4274
02:10:55 [4275/4348] episode 47504782026400: hp 75->61 | total wins 4094/4275
02:10:55 [4276/4348] episode 47504782022404: hp 47->25 | total wins 4095/4276
02:10:55 [4277/4348] episode 47504782026403: hp 75->63 | total wins 4096/4277
02:10:55 [4278/4348] episode 47504782027400: hp 75->74 | total wins 4097/4278
02:10:56 [4279/4348] episode 47504782026404: hp 46->40 | total wins 4098/4279
02:10:56 [4280/4348] episode 47504782025403: hp 61->41 | total wins 4099/4280
02:10:56 [4281/4348] episode 47504782024404: hp 75->50 | total wins 4100/4281
02:10:56 [4282/4348] episode 47504782027405: hp 67->67 | total wins 4101/4282
02:10:56 [4283/4348] episode 47504782027407: hp 62->62 | total wins 4102/4283
02:10:56 [4284/4348] episode 47504782024403: hp 48->38 | total wins 4103/4284
02:10:57 [4285/4348] episode 47504782029404: hp 65->65 | total wins 4104/4285
02:10:58 [4286/4348] episode 47504782028400: hp 75->66 | total wins 4105/4286
02:10:58 [4287/4348] episode 47504782028402: hp 37->37 | total wins 4106/4287
02:10:59 [4288/4348] episode 47504782027403: hp 71->67 | total wins 4107/4288
02:10:59 [4289/4348] episode 47504782030405: hp 41->71 | total wins 4108/4289
02:10:59 [4290/4348] episode 47504782031400: hp 70->64 | total wins 4109/4290
02:10:59 [4291/4348] episode 47504782028404: hp 52->49 | total wins 4110/4291
02:11:00 [4292/4348] episode 47504782030404: hp 31->21 | total wins 4111/4292
02:11:00 [4293/4348] episode 47504782032402: hp 9->3 | total wins 4112/4293
02:11:00 [4294/4348] episode 47504782023403: hp 61->lost | total wins 4112/4294
02:11:01 [4295/4348] episode 47504782031402: hp 61->60 | total wins 4113/4295
02:11:01 [4296/4348] episode 47504782021407: hp 37->42 | total wins 4114/4296
02:11:01 [4297/4348] episode 47504782031405: hp 71->71 | total wins 4115/4297
02:11:01 [4298/4348] episode 47504782033402: hp 29->29 | total wins 4116/4298
02:11:02 [4299/4348] episode 47504782033401: hp 44->11 | total wins 4117/4299
02:11:02 [4300/4348] episode 47504782033405: hp 29->21 | total wins 4118/4300
02:11:02 [4301/4348] episode 47504782031403: hp 54->21 | total wins 4119/4301
02:11:03 [4302/4348] episode 47504782027406: hp 67->47 | total wins 4120/4302
02:11:04 [4303/4348] episode 47504782034404: hp 47->47 | total wins 4121/4303
02:11:04 [4304/4348] episode 47504782035403: hp 41->39 | total wins 4122/4304
02:11:05 [4305/4348] episode 47504782033403: hp 44->lost | total wins 4122/4305
02:11:05 [4306/4348] episode 47504782036402: hp 62->61 | total wins 4123/4306
02:11:05 [4307/4348] episode 47504782036400: hp 56->53 | total wins 4124/4307
02:11:06 [4308/4348] episode 47504782027404: hp 42->29 | total wins 4125/4308
02:11:06 [4309/4348] episode 47504782035404: hp 61->56 | total wins 4126/4309
02:11:06 [4310/4348] episode 47504782036401: hp 36->37 | total wins 4127/4310
02:11:07 [4311/4348] episode 47504782036404: hp 58->54 | total wins 4128/4311
02:11:07 [4312/4348] episode 47504782037401: hp 57->51 | total wins 4129/4312
02:11:07 [4313/4348] episode 47504782035405: hp 72->71 | total wins 4130/4313
02:11:08 [4314/4348] episode 47504782032401: hp 66->lost | total wins 4130/4314
02:11:08 [4315/4348] episode 47504782035402: hp 75->54 | total wins 4131/4315
02:11:09 [4316/4348] episode 47504782036403: hp 40->32 | total wins 4132/4316
02:11:09 [4317/4348] episode 47504782034403: hp 36->28 | total wins 4133/4317
02:11:09 [4318/4348] episode 47504782037405: hp 51->40 | total wins 4134/4318
02:11:09 [4319/4348] episode 47504782038401: hp 63->62 | total wins 4135/4319
02:11:09 [4320/4348] episode 47504782037404: hp 24->23 | total wins 4136/4320
02:11:10 [4321/4348] episode 47504782040403: hp 75->75 | total wins 4137/4321
02:11:10 [4322/4348] episode 47504782040405: hp 75->75 | total wins 4138/4322
02:11:10 [4323/4348] episode 47504782039401: hp 28->28 | total wins 4139/4323
02:11:10 [4324/4348] episode 47504782036405: hp 59->41 | total wins 4140/4324
02:11:11 [4325/4348] episode 47504782040402: hp 75->68 | total wins 4141/4325
02:11:11 [4326/4348] episode 47504782040404: hp 58->57 | total wins 4142/4326
02:11:11 [4327/4348] episode 47504782042400: hp 55->54 | total wins 4143/4327
02:11:12 [4328/4348] episode 47504782039400: hp 65->51 | total wins 4144/4328
02:11:12 [4329/4348] episode 47504782043404: hp 24->18 | total wins 4145/4329
02:11:13 [4330/4348] episode 47504782039403: hp 13->lost | total wins 4145/4330
02:11:13 [4331/4348] episode 47504782043406: hp 17->17 | total wins 4146/4331
02:11:13 [4332/4348] episode 47504782043402: hp 75->72 | total wins 4147/4332
02:11:13 [4333/4348] episode 47504782043405: hp 6->lost | total wins 4147/4333
02:11:13 [4334/4348] episode 47504782037403: hp 60->47 | total wins 4148/4334
02:11:13 [4335/4348] episode 47504782039402: hp 32->27 | total wins 4149/4335
02:11:14 [4336/4348] episode 47504782037406: hp 45->45 | total wins 4150/4336
02:11:14 [4337/4348] episode 47504782042404: hp 68->58 | total wins 4151/4337
02:11:15 [4338/4348] episode 47504782044401: hp 60->75 | total wins 4152/4338
02:11:15 [4339/4348] episode 47504782043407: hp 33->28 | total wins 4153/4339
02:11:15 [4340/4348] episode 47504782044405: hp 59->58 | total wins 4154/4340
02:11:15 [4341/4348] episode 47504782044406: hp 73->73 | total wins 4155/4341
02:11:16 [4342/4348] episode 47504782044402: hp 75->71 | total wins 4156/4342
02:11:16 [4343/4348] episode 47504782042403: hp 57->48 | total wins 4157/4343
02:11:17 [4344/4348] episode 47504782044403: hp 75->46 | total wins 4158/4344
02:11:17 [4345/4348] episode 47504782045401: hp 75->69 | total wins 4159/4345
02:11:17 [4346/4348] episode 47504782045400: hp 69->68 | total wins 4160/4346
02:11:19 [4347/4348] episode 47504782045404: hp 32->25 | total wins 4161/4347
02:11:23 [4348/4348] episode 47504782045403: hp 73->38 | total wins 4162/4348
02:11:23 done in 27.0 min: {'schema': 'combat_v3', 'query': "select * from combat_v3\nwhere id = 'act1-all-bosses-a20-scaled-search' and source_episode_id is null and run_seed % 10 = 4 and category <> 'boss'\n  and episode_id in (\n    select episode_id from (\n      select episode_id, row_number() over (partition by category, encounter order by hash(episode_id)) k\n      from (select distinct episode_id, category, encounter from combat_v3\n            where id = 'act1-all-bosses-a20-scaled-search' and source_episode_id is null and run_seed % 10 = 4 and category <> 'boss'))\n    where k <= 330)\n", 'sources': ['combat_v3/2026-09-26/act1-all-bosses-a20-scaled-search'], 'value_run': 'value_net_v1/2026-09-26/ab-gen0', 'teacher': {'batch': 64, 'child_min_visits': 50, 'early_stop': True, 'forced_simulations': 500, 'leaf': 'value_net', 'max_actions': 512, 'oracle': False, 'particles': 8, 'random_move': False, 'random_window': 24, 'simulations': 20000}, 'worker_sha256': 'e47e3682492f0137c61140a17aa1ed0c4ff701be752ca95235fb3ad02331ff2b', 'samples': 1, 'hp_sd': 10, 'random_potions': False, 'source_fights': 4348, 'fights': 4348, 'wins': 4162, 'mean_terminal_value': 0.5988507466850158, 'seconds_per_fight': 3.7030591127584938}
run: done (exit 0) /home/sborowsk/project/sts_combat_rl/runs/schema=combat_v3/date=2026-09-27/id=ab-selfplay-gen1-rest
